"Date_chr","StationName","LAT","LON","Temperature","Dewpoint","Humidity","WindSpeed","Date"
"20020627","NOIRMOUTIER EN",47.004667,-2.257167,16.8291666666667,10.5958333333333,68.0416666666667,5.16666666666667,2002-06-27
"20020628","NOIRMOUTIER EN",47.004667,-2.257167,16.1625,9.17083333333333,64.25,5.29166666666667,2002-06-28
"20020629","NOIRMOUTIER EN",47.004667,-2.257167,15.35,9.92083333333333,70.4583333333333,4.875,2002-06-29
"20020630","NOIRMOUTIER EN",47.004667,-2.257167,15.7083333333333,10.5958333333333,72,4.33333333333333,2002-06-30
"20020701","NOIRMOUTIER EN",47.004667,-2.257167,15.6833333333333,12.7458333333333,82.8333333333333,7.625,2002-07-01
"20020702","NOIRMOUTIER EN",47.004667,-2.257167,16.1916666666667,12.1125,76.9583333333333,7.875,2002-07-02
"20020703","NOIRMOUTIER EN",47.004667,-2.257167,16.0125,13.05,83.0416666666667,9.91666666666667,2002-07-03
"20020704","NOIRMOUTIER EN",47.004667,-2.257167,15.7291666666667,11.0458333333333,74.0416666666667,5.04166666666667,2002-07-04
"20020705","NOIRMOUTIER EN",47.004667,-2.257167,15.4416666666667,13.2916666666667,87.125,6.375,2002-07-05
"20020706","NOIRMOUTIER EN",47.004667,-2.257167,15.95,12.2083333333333,78.7916666666667,5.41666666666667,2002-07-06
"20020707","NOIRMOUTIER EN",47.004667,-2.257167,16.175,11.4708333333333,74.75,2.75,2002-07-07
"20020708","NOIRMOUTIER EN",47.004667,-2.257167,16.8291666666667,13.4166666666667,80.5,4.16666666666667,2002-07-08
"20020709","NOIRMOUTIER EN",47.004667,-2.257167,16.6458333333333,13.6958333333333,83.25,6.375,2002-07-09
"20020710","NOIRMOUTIER EN",47.004667,-2.257167,16.2916666666667,11.4083333333333,73.125,5.25,2002-07-10
"20020711","NOIRMOUTIER EN",47.004667,-2.257167,16.4458333333333,11.3875,72.375,4,2002-07-11
"20020712","NOIRMOUTIER EN",47.004667,-2.257167,16.9541666666667,14.1625,83.7916666666667,5.41666666666667,2002-07-12
"20020713","NOIRMOUTIER EN",47.004667,-2.257167,16.6166666666667,11.9,74.0416666666667,6.45833333333333,2002-07-13
"20020714","NOIRMOUTIER EN",47.004667,-2.257167,16.7125,12.5375,76.7083333333333,4.70833333333333,2002-07-14
"20020715","NOIRMOUTIER EN",47.004667,-2.257167,19.3041666666667,13.0125,68.625,4.70833333333333,2002-07-15
"20020716","NOIRMOUTIER EN",47.004667,-2.257167,20.4791666666667,14.7458333333333,70.5416666666667,4.29166666666667,2002-07-16
"20020717","NOIRMOUTIER EN",47.004667,-2.257167,18.7125,14.9041666666667,78.875,3.66666666666667,2002-07-17
"20020718","NOIRMOUTIER EN",47.004667,-2.257167,20.2375,13.35,66,4,2002-07-18
"20020719","NOIRMOUTIER EN",47.004667,-2.257167,23.1791666666667,11.6833333333333,50.9166666666667,3.66666666666667,2002-07-19
"20020720","NOIRMOUTIER EN",47.004667,-2.257167,22.4625,12.3583333333333,54.625,4.125,2002-07-20
"20020721","NOIRMOUTIER EN",47.004667,-2.257167,17.4916666666667,11.7791666666667,69.7083333333333,4.70833333333333,2002-07-21
"20020722","NOIRMOUTIER EN",47.004667,-2.257167,18.3125,12.4083333333333,69.875,4.5,2002-07-22
"20020723","NOIRMOUTIER EN",47.004667,-2.257167,17.1541666666667,13.0041666666667,76.9583333333333,5.375,2002-07-23
"20020724","NOIRMOUTIER EN",47.004667,-2.257167,17.6791666666667,14.2166666666667,80.4166666666667,6.375,2002-07-24
"20020725","NOIRMOUTIER EN",47.004667,-2.257167,17.6708333333333,15.3333333333333,86.25,3.70833333333333,2002-07-25
"20020726","NOIRMOUTIER EN",47.004667,-2.257167,18.3791666666667,14.5666666666667,79.0416666666667,2.375,2002-07-26
"20020727","NOIRMOUTIER EN",47.004667,-2.257167,19.3041666666667,15.2125,78.25,3.41666666666667,2002-07-27
"20020728","NOIRMOUTIER EN",47.004667,-2.257167,19.05,15.9,82.4166666666667,4.83333333333333,2002-07-28
"20020729","NOIRMOUTIER EN",47.004667,-2.257167,18.6916666666667,15.3791666666667,81.2916666666667,3.95833333333333,2002-07-29
"20020730","NOIRMOUTIER EN",47.004667,-2.257167,18.2166666666667,15.6125,84.875,4.625,2002-07-30
"20020731","NOIRMOUTIER EN",47.004667,-2.257167,16.9666666666667,12.075,73.5,6.04166666666667,2002-07-31
"20020801","NOIRMOUTIER EN",47.004667,-2.257167,16.0875,13.2583333333333,83.4583333333333,4.875,2002-08-01
"20020802","NOIRMOUTIER EN",47.004667,-2.257167,16.6583333333333,13.8833333333333,84.0416666666667,3.95833333333333,2002-08-02
"20020803","NOIRMOUTIER EN",47.004667,-2.257167,17.4708333333333,13.6541666666667,78.7083333333333,3.83333333333333,2002-08-03
"20020804","NOIRMOUTIER EN",47.004667,-2.257167,16.8272727272727,14.5909090909091,86.7272727272727,3.54545454545455,2002-08-04
"20020806","NOIRMOUTIER EN",47.004667,-2.257167,19.5714285714286,15.8357142857143,79.2857142857143,NA,2002-08-06
"20020807","NOIRMOUTIER EN",47.004667,-2.257167,17.55,14.7875,84,3.75,2002-08-07
"20020808","NOIRMOUTIER EN",47.004667,-2.257167,17.7416666666667,14.3333333333333,81.0416666666667,6.04166666666667,2002-08-08
"20020809","NOIRMOUTIER EN",47.004667,-2.257167,16.7375,12.9666666666667,78.75,8.33333333333333,2002-08-09
"20020810","NOIRMOUTIER EN",47.004667,-2.257167,16.3791666666667,11.4666666666667,73.0416666666667,8,2002-08-10
"20020923","NOIRMOUTIER EN",47.004667,-2.257167,15.6875,9.52083333333333,67.7083333333333,4.5,2002-09-23
"20021030","NOIRMOUTIER EN",47.004667,-2.257167,13.6125,12,90.0833333333333,2.08333333333333,2002-10-30
"20021031","NOIRMOUTIER EN",47.004667,-2.257167,14.275,12.9916666666667,92.0833333333333,2.58333333333333,2002-10-31
"20021101","NOIRMOUTIER EN",47.004667,-2.257167,14.9416666666667,13.8416666666667,93.2083333333333,5.66666666666667,2002-11-01
"20021102","NOIRMOUTIER EN",47.004667,-2.257167,16.3166666666667,15.0291666666667,92.125,8.25,2002-11-02
"20021103","NOIRMOUTIER EN",47.004667,-2.257167,14.375,10.375,77.1666666666667,9.25,2002-11-03
"20021104","NOIRMOUTIER EN",47.004667,-2.257167,13.3041666666667,9.275,76.9166666666667,4.54166666666667,2002-11-04
"20021105","NOIRMOUTIER EN",47.004667,-2.257167,13.7708333333333,12.1958333333333,90.3333333333333,2.70833333333333,2002-11-05
"20021106","NOIRMOUTIER EN",47.004667,-2.257167,13.65,11.2791666666667,86.0416666666667,8.41666666666667,2002-11-06
"20021107","NOIRMOUTIER EN",47.004667,-2.257167,11.975,6.24583333333333,68.0416666666667,8.16666666666667,2002-11-07
"20021108","NOIRMOUTIER EN",47.004667,-2.257167,12.8333333333333,10.2083333333333,84.375,7.70833333333333,2002-11-08
"20021109","NOIRMOUTIER EN",47.004667,-2.257167,14.5958333333333,12.9708333333333,90.125,7.83333333333333,2002-11-09
"20021110","NOIRMOUTIER EN",47.004667,-2.257167,15.0333333333333,13.9333333333333,93.2083333333333,8.45833333333333,2002-11-10
"20021111","NOIRMOUTIER EN",47.004667,-2.257167,13.8541666666667,NA,80.9583333333333,6.70833333333333,2002-11-11
"20021112","NOIRMOUTIER EN",47.004667,-2.257167,13.45,10.6291666666667,83.125,7.75,2002-11-12
"20021113","NOIRMOUTIER EN",47.004667,-2.257167,13.4458333333333,9.17083333333333,75.5833333333333,11.0833333333333,2002-11-13
"20021114","NOIRMOUTIER EN",47.004667,-2.257167,12.0583333333333,NA,74.9583333333333,7.95833333333333,2002-11-14
"20021115","NOIRMOUTIER EN",47.004667,-2.257167,10.9958333333333,NA,84.9583333333333,3.75,2002-11-15
"20021116","NOIRMOUTIER EN",47.004667,-2.257167,11.0083333333333,8.4625,84.6666666666667,2.79166666666667,2002-11-16
"20021117","NOIRMOUTIER EN",47.004667,-2.257167,9.42916666666667,8.43333333333333,93.5,1.20833333333333,2002-11-17
"20021118","NOIRMOUTIER EN",47.004667,-2.257167,9.39583333333333,7.49166666666667,88.0833333333333,2.20833333333333,2002-11-18
"20021119","NOIRMOUTIER EN",47.004667,-2.257167,10.0916666666667,7.37083333333333,83.375,4.70833333333333,2002-11-19
"20021120","NOIRMOUTIER EN",47.004667,-2.257167,12.15,8.92916666666667,80.9166666666667,4.54166666666667,2002-11-20
"20021121","NOIRMOUTIER EN",47.004667,-2.257167,12.2083333333333,8,75.8333333333333,9.58333333333333,2002-11-21
"20021122","NOIRMOUTIER EN",47.004667,-2.257167,11.3166666666667,6.5125,72.4583333333333,8.91666666666667,2002-11-22
"20021123","NOIRMOUTIER EN",47.004667,-2.257167,11.7708333333333,7.64166666666667,76.0833333333333,5.91666666666667,2002-11-23
"20021124","NOIRMOUTIER EN",47.004667,-2.257167,10.55,7.1875,80.2083333333333,3.375,2002-11-24
"20021125","NOIRMOUTIER EN",47.004667,-2.257167,9.35416666666667,7.14583333333333,86.375,2.5,2002-11-25
"20021126","NOIRMOUTIER EN",47.004667,-2.257167,7.72916666666667,6.75,93.625,3.875,2002-11-26
"20021127","NOIRMOUTIER EN",47.004667,-2.257167,10.025,8.20416666666667,88.5,5.875,2002-11-27
"20021128","NOIRMOUTIER EN",47.004667,-2.257167,12.0416666666667,9.36666666666667,83.8333333333333,5.95833333333333,2002-11-28
"20021129","NOIRMOUTIER EN",47.004667,-2.257167,10.4041666666667,7.09583333333333,80.2083333333333,5.25,2002-11-29
"20021130","NOIRMOUTIER EN",47.004667,-2.257167,10.7708333333333,9.3875,91.2083333333333,3.25,2002-11-30
"20021201","NOIRMOUTIER EN",47.004667,-2.257167,12.6125,9.81666666666667,83.75,8.25,2002-12-01
"20021202","NOIRMOUTIER EN",47.004667,-2.257167,10.4333333333333,5.325,70.6666666666667,8.125,2002-12-02
"20021203","NOIRMOUTIER EN",47.004667,-2.257167,9.87083333333333,6.6625,80.7916666666667,2.375,2002-12-03
"20021204","NOIRMOUTIER EN",47.004667,-2.257167,10.0958333333333,7.80833333333333,86.0833333333333,3.45833333333333,2002-12-04
"20021205","NOIRMOUTIER EN",47.004667,-2.257167,8.84583333333333,4.375,73.7083333333333,6.70833333333333,2002-12-05
"20021206","NOIRMOUTIER EN",47.004667,-2.257167,8.2,4.67916666666667,78.6666666666667,6.20833333333333,2002-12-06
"20021207","NOIRMOUTIER EN",47.004667,-2.257167,4.45833333333333,1.19166666666667,79.4166666666667,3.5,2002-12-07
"20021208","NOIRMOUTIER EN",47.004667,-2.257167,4.08333333333333,1.54166666666667,83.5833333333333,3.08333333333333,2002-12-08
"20021209","NOIRMOUTIER EN",47.004667,-2.257167,4.6375,1.91666666666667,82.5416666666667,5.16666666666667,2002-12-09
"20021210","NOIRMOUTIER EN",47.004667,-2.257167,4.34583333333333,2.41666666666667,87.3333333333333,6.25,2002-12-10
"20021211","NOIRMOUTIER EN",47.004667,-2.257167,9,6.39583333333333,83.875,4.625,2002-12-11
"20021212","NOIRMOUTIER EN",47.004667,-2.257167,8.62916666666667,6.54583333333333,86.9166666666667,4.5,2002-12-12
"20021213","NOIRMOUTIER EN",47.004667,-2.257167,10.5291666666667,8.825,89.3333333333333,3.04166666666667,2002-12-13
"20021214","NOIRMOUTIER EN",47.004667,-2.257167,10.025,7.32083333333333,83.4583333333333,8.41666666666667,2002-12-14
"20021221","NOIRMOUTIER EN",47.004667,-2.257167,11.5958333333333,10.7666666666667,94.7083333333333,5.125,2002-12-21
"20021222","NOIRMOUTIER EN",47.004667,-2.257167,12.675,11.4416666666667,92.1666666666667,6.83333333333333,2002-12-22
"20021223","NOIRMOUTIER EN",47.004667,-2.257167,11.7791666666667,9.86666666666667,88.2083333333333,5.08333333333333,2002-12-23
"20021224","NOIRMOUTIER EN",47.004667,-2.257167,12.55,10.5625,87.875,6.66666666666667,2002-12-24
"20021225","NOIRMOUTIER EN",47.004667,-2.257167,11.4916666666667,10.4083333333333,93,5.875,2002-12-25
"20021226","NOIRMOUTIER EN",47.004667,-2.257167,12.8583333333333,11.1166666666667,89.2083333333333,7.54166666666667,2002-12-26
"20021227","NOIRMOUTIER EN",47.004667,-2.257167,11.45,10.0333333333333,91.0416666666667,4.41666666666667,2002-12-27
"20021228","NOIRMOUTIER EN",47.004667,-2.257167,10.875,8.775,86.9166666666667,5.95833333333333,2002-12-28
"20021229","NOIRMOUTIER EN",47.004667,-2.257167,12.5916666666667,10.9,89.5,8.875,2002-12-29
"20021230","NOIRMOUTIER EN",47.004667,-2.257167,12.2958333333333,10.2125,87.125,6.875,2002-12-30
"20021231","NOIRMOUTIER EN",47.004667,-2.257167,11.2916666666667,9.35,87.9583333333333,5.875,2002-12-31
"20030101","NOIRMOUTIER EN",47.004667,-2.257167,12.8833333333333,11.8208333333333,93.2083333333333,9.25,2003-01-01
"20030102","NOIRMOUTIER EN",47.004667,-2.257167,12.7958333333333,9.72916666666667,81.7916666666667,13.1666666666667,2003-01-02
"20030103","NOIRMOUTIER EN",47.004667,-2.257167,10.4666666666667,8.77916666666667,89.25,5.58333333333333,2003-01-03
"20030104","NOIRMOUTIER EN",47.004667,-2.257167,6.225,1.8375,74.0416666666667,5.375,2003-01-04
"20030105","NOIRMOUTIER EN",47.004667,-2.257167,2.15,-2.67083333333333,71.2083333333333,4.5,2003-01-05
"20030106","NOIRMOUTIER EN",47.004667,-2.257167,0.795833333333333,-3.9625,70.75,6.95833333333333,2003-01-06
"20030107","NOIRMOUTIER EN",47.004667,-2.257167,-0.791666666666667,-5.47916666666667,70.875,6.5,2003-01-07
"20030108","NOIRMOUTIER EN",47.004667,-2.257167,-1.87916666666667,-6.72916666666667,69.7083333333333,7.29166666666667,2003-01-08
"20030109","NOIRMOUTIER EN",47.004667,-2.257167,-3.775,-8.49166666666667,70.2916666666667,6.25,2003-01-09
"20030110","NOIRMOUTIER EN",47.004667,-2.257167,1.6875,-3.77083333333333,68,4.70833333333333,2003-01-10
"20030111","NOIRMOUTIER EN",47.004667,-2.257167,0.816666666666667,-3.42083333333333,73.5833333333333,6.66666666666667,2003-01-11
"20030112","NOIRMOUTIER EN",47.004667,-2.257167,0.183333333333333,-7.6375,57.125,5.25,2003-01-12
"20030113","NOIRMOUTIER EN",47.004667,-2.257167,2.9625,0.375,83.625,2.29166666666667,2003-01-13
"20030114","NOIRMOUTIER EN",47.004667,-2.257167,6.275,3.43333333333333,82.4583333333333,2,2003-01-14
"20030115","NOIRMOUTIER EN",47.004667,-2.257167,6.8875,4.60833333333333,85.5416666666667,4.16666666666667,2003-01-15
"20030116","NOIRMOUTIER EN",47.004667,-2.257167,3.94583333333333,3.27916666666667,95.4583333333333,1.91666666666667,2003-01-16
"20030117","NOIRMOUTIER EN",47.004667,-2.257167,5.55833333333333,4.33333333333333,91.9583333333333,4.91666666666667,2003-01-17
"20030118","NOIRMOUTIER EN",47.004667,-2.257167,6.61666666666667,5.41666666666667,92.125,6,2003-01-18
"20030119","NOIRMOUTIER EN",47.004667,-2.257167,9.11666666666667,6.87083333333333,86,7.20833333333333,2003-01-19
"20030120","NOIRMOUTIER EN",47.004667,-2.257167,10.0958333333333,7.89166666666667,86.25,8.54166666666667,2003-01-20
"20030121","NOIRMOUTIER EN",47.004667,-2.257167,9.1875,6.08333333333333,81.0833333333333,9.45833333333333,2003-01-21
"20030122","NOIRMOUTIER EN",47.004667,-2.257167,9.32083333333333,6.02083333333333,79.9583333333333,6.95833333333333,2003-01-22
"20030123","NOIRMOUTIER EN",47.004667,-2.257167,7.67083333333333,3.425,74.7083333333333,4.75,2003-01-23
"20030124","NOIRMOUTIER EN",47.004667,-2.257167,4.63333333333333,2.2625,85.2916666666667,1.20833333333333,2003-01-24
"20030125","NOIRMOUTIER EN",47.004667,-2.257167,5.94166666666667,4.88333333333333,92.9583333333333,2.33333333333333,2003-01-25
"20030126","NOIRMOUTIER EN",47.004667,-2.257167,9.29166666666667,8.49166666666667,94.8333333333333,4.25,2003-01-26
"20030128","NOIRMOUTIER EN",47.004667,-2.257167,8.93333333333333,5.41666666666667,79,7.83333333333333,2003-01-28
"20030129","NOIRMOUTIER EN",47.004667,-2.257167,7.30833333333333,1.84166666666667,68.4166666666667,NA,2003-01-29
"20030130","NOIRMOUTIER EN",47.004667,-2.257167,5.55833333333333,0.4375,69.8333333333333,NA,2003-01-30
"20030131","NOIRMOUTIER EN",47.004667,-2.257167,3.2125,-2.70833333333333,65.5416666666667,NA,2003-01-31
"20030201","NOIRMOUTIER EN",47.004667,-2.257167,6.35416666666667,3.29166666666667,81.0416666666667,NA,2003-02-01
"20030202","NOIRMOUTIER EN",47.004667,-2.257167,9.25833333333333,6.5875,83.5,6.58333333333333,2003-02-02
"20030203","NOIRMOUTIER EN",47.004667,-2.257167,10.1166666666667,7.76666666666667,85.5,11.4166666666667,2003-02-03
"20030204","NOIRMOUTIER EN",47.004667,-2.257167,6.76666666666667,0.604166666666667,64.9583333333333,7.04166666666667,2003-02-04
"20030205","NOIRMOUTIER EN",47.004667,-2.257167,5.5375,0.875,72.25,NA,2003-02-05
"20030206","NOIRMOUTIER EN",47.004667,-2.257167,5.21666666666667,2.975,85.7083333333333,4.45833333333333,2003-02-06
"20030207","NOIRMOUTIER EN",47.004667,-2.257167,8.47083333333333,4.67083333333333,77.375,4.25,2003-02-07
"20030208","NOIRMOUTIER EN",47.004667,-2.257167,6.64583333333333,4.16666666666667,84.4583333333333,2.29166666666667,2003-02-08
"20030209","NOIRMOUTIER EN",47.004667,-2.257167,8.32916666666667,4.84166666666667,79.2916666666667,5.20833333333333,2003-02-09
"20030210","NOIRMOUTIER EN",47.004667,-2.257167,6.4875,2.65833333333333,77.2916666666667,2.08333333333333,2003-02-10
"20030211","NOIRMOUTIER EN",47.004667,-2.257167,6.99166666666667,5.22916666666667,88.6666666666667,2.91666666666667,2003-02-11
"20030212","NOIRMOUTIER EN",47.004667,-2.257167,7.22916666666667,5.42916666666667,88.5,2.25,2003-02-12
"20030213","NOIRMOUTIER EN",47.004667,-2.257167,1.56666666666667,-1.03333333333333,82.9583333333333,3.33333333333333,2003-02-13
"20030214","NOIRMOUTIER EN",47.004667,-2.257167,-0.0875,-5.3375,67.8333333333333,3.5,2003-02-14
"20030215","NOIRMOUTIER EN",47.004667,-2.257167,1.50416666666667,-4.75833333333333,63.8333333333333,4.16666666666667,2003-02-15
"20030216","NOIRMOUTIER EN",47.004667,-2.257167,1.6125,-3.5125,69.2083333333333,4.25,2003-02-16
"20030217","NOIRMOUTIER EN",47.004667,-2.257167,0.816666666666667,-5.30416666666667,64.4583333333333,4.58333333333333,2003-02-17
"20030218","NOIRMOUTIER EN",47.004667,-2.257167,-0.87,-4.95,73.9,3.7,2003-02-18
"20030221","NOIRMOUTIER EN",47.004667,-2.257167,10.3642857142857,1.91428571428571,57.1428571428571,4.14285714285714,2003-02-21
"20030224","NOIRMOUTIER EN",47.004667,-2.257167,10.2666666666667,5.92083333333333,75.2916666666667,5,2003-02-24
"20030225","NOIRMOUTIER EN",47.004667,-2.257167,11.5083333333333,5.3375,66,5.25,2003-02-25
"20030226","NOIRMOUTIER EN",47.004667,-2.257167,10.0833333333333,7.1,82.2083333333333,4.91666666666667,2003-02-26
"20030227","NOIRMOUTIER EN",47.004667,-2.257167,9.74166666666667,8.47916666666667,92,3.75,2003-02-27
"20030228","NOIRMOUTIER EN",47.004667,-2.257167,10.0083333333333,8.8125,92.3333333333333,7.25,2003-02-28
"20030301","NOIRMOUTIER EN",47.004667,-2.257167,10.7166666666667,9.51666666666667,92.4166666666667,5.91666666666667,2003-03-01
"20030302","NOIRMOUTIER EN",47.004667,-2.257167,9.525,6.42916666666667,81.3333333333333,5.79166666666667,2003-03-02
"20030303","NOIRMOUTIER EN",47.004667,-2.257167,9.85833333333333,8.81666666666667,93.3333333333333,5.54166666666667,2003-03-03
"20030304","NOIRMOUTIER EN",47.004667,-2.257167,11.1416666666667,9.42083333333333,89.2083333333333,5.875,2003-03-04
"20030305","NOIRMOUTIER EN",47.004667,-2.257167,10.4833333333333,7.725,83.5,4.66666666666667,2003-03-05
"20030306","NOIRMOUTIER EN",47.004667,-2.257167,8.99166666666667,6.10833333333333,82.75,3.25,2003-03-06
"20030307","NOIRMOUTIER EN",47.004667,-2.257167,9.37916666666667,6.90416666666667,84.75,5.70833333333333,2003-03-07
"20030308","NOIRMOUTIER EN",47.004667,-2.257167,9.4125,6.00833333333333,79.7916666666667,3.66666666666667,2003-03-08
"20030309","NOIRMOUTIER EN",47.004667,-2.257167,10.3166666666667,8.24166666666667,87.2083333333333,4.83333333333333,2003-03-09
"20030310","NOIRMOUTIER EN",47.004667,-2.257167,11.8708333333333,9.3125,84.6666666666667,3.95833333333333,2003-03-10
"20030311","NOIRMOUTIER EN",47.004667,-2.257167,11.8458333333333,9.53333333333333,85.875,3.875,2003-03-11
"20030312","NOIRMOUTIER EN",47.004667,-2.257167,11.0333333333333,7.0375,77.625,4.29166666666667,2003-03-12
"20030313","NOIRMOUTIER EN",47.004667,-2.257167,9.28333333333333,3.2875,67.3333333333333,6.6875,2003-03-13
"20030314","NOIRMOUTIER EN",47.004667,-2.257167,8.90416666666667,-0.104166666666667,53.875,6.625,2003-03-14
"20030315","NOIRMOUTIER EN",47.004667,-2.257167,8.875,-0.429166666666667,52.4583333333333,6.41666666666667,2003-03-15
"20030316","NOIRMOUTIER EN",47.004667,-2.257167,9.56666666666667,0.2875,53.4583333333333,5.54166666666667,2003-03-16
"20030317","NOIRMOUTIER EN",47.004667,-2.257167,10.3208333333333,0.491666666666667,51.7083333333333,4.58333333333333,2003-03-17
"20030318","NOIRMOUTIER EN",47.004667,-2.257167,10.1041666666667,1.64583333333333,56.4583333333333,4.54166666666667,2003-03-18
"20030319","NOIRMOUTIER EN",47.004667,-2.257167,10.0166666666667,3.03333333333333,63.0416666666667,3.04166666666667,2003-03-19
"20030320","NOIRMOUTIER EN",47.004667,-2.257167,9.825,4.59166666666667,71.125,2.79166666666667,2003-03-20
"20030321","NOIRMOUTIER EN",47.004667,-2.257167,8.025,4.66666666666667,79.7916666666667,3.29166666666667,2003-03-21
"20030322","NOIRMOUTIER EN",47.004667,-2.257167,11.0833333333333,3.725,62.8333333333333,5.54166666666667,2003-03-22
"20030323","NOIRMOUTIER EN",47.004667,-2.257167,12.3583333333333,5.19583333333333,62.75,4.91666666666667,2003-03-23
"20030324","NOIRMOUTIER EN",47.004667,-2.257167,12.0291666666667,7.20416666666667,73.0833333333333,3.25,2003-03-24
"20030325","NOIRMOUTIER EN",47.004667,-2.257167,13.0875,7.64166666666667,70.5833333333333,2.33333333333333,2003-03-25
"20030326","NOIRMOUTIER EN",47.004667,-2.257167,13.2458333333333,7.02083333333333,66.4166666666667,2.54166666666667,2003-03-26
"20030327","NOIRMOUTIER EN",47.004667,-2.257167,13.8541666666667,9.49166666666667,75.4166666666667,3.5,2003-03-27
"20030328","NOIRMOUTIER EN",47.004667,-2.257167,12.3666666666667,10.7,89.6666666666667,2.91666666666667,2003-03-28
"20030329","NOIRMOUTIER EN",47.004667,-2.257167,12.4708333333333,9.99583333333333,85.4166666666667,2.16666666666667,2003-03-29
"20030330","NOIRMOUTIER EN",47.004667,-2.257167,14.9583333333333,11.2291666666667,79.5833333333333,4,2003-03-30
"20030331","NOIRMOUTIER EN",47.004667,-2.257167,13.5,8.54166666666667,73.1666666666667,3.66666666666667,2003-03-31
"20030401","NOIRMOUTIER EN",47.004667,-2.257167,11.3875,8.95,85.2916666666667,4.33333333333333,2003-04-01
"20030402","NOIRMOUTIER EN",47.004667,-2.257167,10.7208333333333,3.5125,62.0416666666667,7.29166666666667,2003-04-02
"20030403","NOIRMOUTIER EN",47.004667,-2.257167,9.50833333333333,2.85416666666667,64.25,5.58333333333333,2003-04-03
"20030404","NOIRMOUTIER EN",47.004667,-2.257167,10.6375,3.32916666666667,61.4166666666667,4.54166666666667,2003-04-04
"20030405","NOIRMOUTIER EN",47.004667,-2.257167,10.9166666666667,5.8375,71.5416666666667,4.95833333333333,2003-04-05
"20030406","NOIRMOUTIER EN",47.004667,-2.257167,9.97083333333333,3.70833333333333,65.2083333333333,6.41666666666667,2003-04-06
"20030407","NOIRMOUTIER EN",47.004667,-2.257167,8.12916666666667,-1.25416666666667,54.3333333333333,5.16666666666667,2003-04-07
"20030408","NOIRMOUTIER EN",47.004667,-2.257167,7.58333333333333,-6.90833333333333,36.125,5.91666666666667,2003-04-08
"20030409","NOIRMOUTIER EN",47.004667,-2.257167,7.62916666666667,-5.30833333333333,40.0416666666667,6.25,2003-04-09
"20030410","NOIRMOUTIER EN",47.004667,-2.257167,6.04166666666667,-2.9625,53.2916666666667,4.25,2003-04-10
"20030411","NOIRMOUTIER EN",47.004667,-2.257167,7.40416666666667,1.9375,69.0833333333333,4.25,2003-04-11
"20030412","NOIRMOUTIER EN",47.004667,-2.257167,11.8,7.02916666666667,73.4583333333333,4.66666666666667,2003-04-12
"20030413","NOIRMOUTIER EN",47.004667,-2.257167,14.0291666666667,6.98333333333333,63.0833333333333,4.625,2003-04-13
"20030414","NOIRMOUTIER EN",47.004667,-2.257167,14.1333333333333,8,67.25,4.16666666666667,2003-04-14
"20030415","NOIRMOUTIER EN",47.004667,-2.257167,14.3291666666667,7.23333333333333,64,2.91666666666667,2003-04-15
"20030416","NOIRMOUTIER EN",47.004667,-2.257167,14.5875,7.09583333333333,63.2916666666667,2.29166666666667,2003-04-16
"20030417","NOIRMOUTIER EN",47.004667,-2.257167,15.1541666666667,8.00833333333333,64.6666666666667,1.95833333333333,2003-04-17
"20030418","NOIRMOUTIER EN",47.004667,-2.257167,16.85,6.17083333333333,51.9583333333333,3.54166666666667,2003-04-18
"20030419","NOIRMOUTIER EN",47.004667,-2.257167,14.0166666666667,3.5375,50.0416666666667,5.54166666666667,2003-04-19
"20030420","NOIRMOUTIER EN",47.004667,-2.257167,11.6,5.99583333333333,69,4.41666666666667,2003-04-20
"20030421","NOIRMOUTIER EN",47.004667,-2.257167,12.325,8.075,75.7916666666667,4.29166666666667,2003-04-21
"20030422","NOIRMOUTIER EN",47.004667,-2.257167,14.3208333333333,8.25833333333333,68.7916666666667,3.25,2003-04-22
"20030423","NOIRMOUTIER EN",47.004667,-2.257167,16.1541666666667,8.52916666666667,62.5,3.79166666666667,2003-04-23
"20030424","NOIRMOUTIER EN",47.004667,-2.257167,14.4583333333333,10.7333333333333,79.1666666666667,2.75,2003-04-24
"20030425","NOIRMOUTIER EN",47.004667,-2.257167,15.3833333333333,11.75,79.5833333333333,3.79166666666667,2003-04-25
"20030426","NOIRMOUTIER EN",47.004667,-2.257167,13.425,10.8875,84.875,7.33333333333333,2003-04-26
"20030427","NOIRMOUTIER EN",47.004667,-2.257167,13.8,10.55,80.9166666666667,6.58333333333333,2003-04-27
"20030428","NOIRMOUTIER EN",47.004667,-2.257167,14.5875,12.075,85,5.41666666666667,2003-04-28
"20030429","NOIRMOUTIER EN",47.004667,-2.257167,14.375,10.4916666666667,78.0833333333333,5.875,2003-04-29
"20030430","NOIRMOUTIER EN",47.004667,-2.257167,13.45,9.70833333333333,78.375,8.20833333333333,2003-04-30
"20030501","NOIRMOUTIER EN",47.004667,-2.257167,14.1875,9.38333333333333,73.5416666666667,5.66666666666667,2003-05-01
"20030502","NOIRMOUTIER EN",47.004667,-2.257167,13.5666666666667,9.3,75.75,9.04166666666667,2003-05-02
"20030503","NOIRMOUTIER EN",47.004667,-2.257167,13.4583333333333,8.82083333333333,74.125,4.125,2003-05-03
"20030504","NOIRMOUTIER EN",47.004667,-2.257167,15.3041666666667,10.5666666666667,73.7083333333333,4.375,2003-05-04
"20030505","NOIRMOUTIER EN",47.004667,-2.257167,13.8125,9.66666666666667,76.2083333333333,4.375,2003-05-05
"20030506","NOIRMOUTIER EN",47.004667,-2.257167,13.0958333333333,6.10416666666667,63.7083333333333,5.625,2003-05-06
"20030507","NOIRMOUTIER EN",47.004667,-2.257167,14.7041666666667,7.5,63.2083333333333,5.66666666666667,2003-05-07
"20030508","NOIRMOUTIER EN",47.004667,-2.257167,14.4125,9.62916666666667,73.25,3.29166666666667,2003-05-08
"20030509","NOIRMOUTIER EN",47.004667,-2.257167,12.6666666666667,7.45833333333333,71.1666666666667,4.875,2003-05-09
"20030510","NOIRMOUTIER EN",47.004667,-2.257167,12.7333333333333,7.8375,72.9583333333333,2.79166666666667,2003-05-10
"20030511","NOIRMOUTIER EN",47.004667,-2.257167,13.5541666666667,9.9125,79.1666666666667,3.5,2003-05-11
"20030512","NOIRMOUTIER EN",47.004667,-2.257167,12.8375,8.425,75.0416666666667,4.91666666666667,2003-05-12
"20030513","NOIRMOUTIER EN",47.004667,-2.257167,12.3791666666667,5.8375,64.5833333333333,6.91666666666667,2003-05-13
"20030514","NOIRMOUTIER EN",47.004667,-2.257167,12.3208333333333,5.3375,62.8333333333333,4.41666666666667,2003-05-14
"20030515","NOIRMOUTIER EN",47.004667,-2.257167,12.6,6.29166666666667,66.2916666666667,2.33333333333333,2003-05-15
"20030516","NOIRMOUTIER EN",47.004667,-2.257167,13.1541666666667,9.02916666666667,76.7916666666667,3.125,2003-05-16
"20030517","NOIRMOUTIER EN",47.004667,-2.257167,14.15,12.4291666666667,89.4583333333333,6.16666666666667,2003-05-17
"20030518","NOIRMOUTIER EN",47.004667,-2.257167,14.7208333333333,13.575,92.9583333333333,6.20833333333333,2003-05-18
"20030519","NOIRMOUTIER EN",47.004667,-2.257167,14.5625,11.8833333333333,84.375,8.20833333333333,2003-05-19
"20030520","NOIRMOUTIER EN",47.004667,-2.257167,13.825,9.7,76.5,7.375,2003-05-20
"20030521","NOIRMOUTIER EN",47.004667,-2.257167,13.8166666666667,11.4208333333333,85.5416666666667,5.75,2003-05-21
"20030522","NOIRMOUTIER EN",47.004667,-2.257167,14.5,12.1708333333333,86.0833333333333,4.625,2003-05-22
"20030523","NOIRMOUTIER EN",47.004667,-2.257167,14.1416666666667,11.4291666666667,83.9583333333333,3.29166666666667,2003-05-23
"20030524","NOIRMOUTIER EN",47.004667,-2.257167,12.8208333333333,9.875,82.5416666666667,4.70833333333333,2003-05-24
"20030525","NOIRMOUTIER EN",47.004667,-2.257167,13.8458333333333,8.55416666666667,71.0416666666667,5.83333333333333,2003-05-25
"20030526","NOIRMOUTIER EN",47.004667,-2.257167,13.3791666666667,7.40416666666667,67.8333333333333,3.95833333333333,2003-05-26
"20030527","NOIRMOUTIER EN",47.004667,-2.257167,15.8291666666667,9.6375,68.2916666666667,3.25,2003-05-27
"20030528","NOIRMOUTIER EN",47.004667,-2.257167,19.4583333333333,12.1375,64.625,3.875,2003-05-28
"20030529","NOIRMOUTIER EN",47.004667,-2.257167,21.725,14.6083333333333,65.625,3.45833333333333,2003-05-29
"20030530","NOIRMOUTIER EN",47.004667,-2.257167,22.3583333333333,16.0625,69.6666666666667,2.66666666666667,2003-05-30
"20030531","NOIRMOUTIER EN",47.004667,-2.257167,16.9458333333333,14.7833333333333,87.2916666666667,3,2003-05-31
"20030601","NOIRMOUTIER EN",47.004667,-2.257167,15.925,13.3583333333333,84.9166666666667,2.58333333333333,2003-06-01
"20030602","NOIRMOUTIER EN",47.004667,-2.257167,16.7333333333333,12.9416666666667,78.9166666666667,3.75,2003-06-02
"20030603","NOIRMOUTIER EN",47.004667,-2.257167,17.1291666666667,14.05,82.375,3.08333333333333,2003-06-03
"20030604","NOIRMOUTIER EN",47.004667,-2.257167,16.7791666666667,13.6541666666667,82.0833333333333,3.91666666666667,2003-06-04
"20030605","NOIRMOUTIER EN",47.004667,-2.257167,16.175,11.0375,72.25,3.04166666666667,2003-06-05
"20030606","NOIRMOUTIER EN",47.004667,-2.257167,16.8208333333333,13.1166666666667,79.5833333333333,2.54166666666667,2003-06-06
"20030607","NOIRMOUTIER EN",47.004667,-2.257167,18.425,14.2,77.625,2.83333333333333,2003-06-07
"20030608","NOIRMOUTIER EN",47.004667,-2.257167,17.5583333333333,12.7291666666667,74.0833333333333,4.91666666666667,2003-06-08
"20030609","NOIRMOUTIER EN",47.004667,-2.257167,17.9291666666667,11.9458333333333,69.7916666666667,1.95833333333333,2003-06-09
"20030610","NOIRMOUTIER EN",47.004667,-2.257167,18.6041666666667,14.85,79.2083333333333,4.375,2003-06-10
"20030611","NOIRMOUTIER EN",47.004667,-2.257167,18.7083333333333,13.7458333333333,74.375,2.5,2003-06-11
"20030612","NOIRMOUTIER EN",47.004667,-2.257167,19.7666666666667,13.95,69.9166666666667,4.5,2003-06-12
"20030613","NOIRMOUTIER EN",47.004667,-2.257167,20.9625,12.9958333333333,60.9583333333333,5.04166666666667,2003-06-13
"20030614","NOIRMOUTIER EN",47.004667,-2.257167,22.0791666666667,17.1666666666667,74.7083333333333,3.54166666666667,2003-06-14
"20030615","NOIRMOUTIER EN",47.004667,-2.257167,21.5375,17.5458333333333,78.7083333333333,3.08333333333333,2003-06-15
"20030616","NOIRMOUTIER EN",47.004667,-2.257167,21.1666666666667,17.4458333333333,79.6666666666667,3.33333333333333,2003-06-16
"20030617","NOIRMOUTIER EN",47.004667,-2.257167,17.8458333333333,14.4583333333333,80.7916666666667,6.5,2003-06-17
"20030618","NOIRMOUTIER EN",47.004667,-2.257167,17.65,13.2458333333333,75.7916666666667,4.16666666666667,2003-06-18
"20030619","NOIRMOUTIER EN",47.004667,-2.257167,17.9041666666667,15.2791666666667,84.75,3.5,2003-06-19
"20030620","NOIRMOUTIER EN",47.004667,-2.257167,20.8708333333333,15.5916666666667,74.3333333333333,3.20833333333333,2003-06-20
"20030621","NOIRMOUTIER EN",47.004667,-2.257167,25.0083333333333,12.9916666666667,49.625,4.375,2003-06-21
"20030622","NOIRMOUTIER EN",47.004667,-2.257167,23.7916666666667,16.7708333333333,66.375,4,2003-06-22
"20030623","NOIRMOUTIER EN",47.004667,-2.257167,18.5583333333333,14.2375,76.5416666666667,5.95833333333333,2003-06-23
"20030624","NOIRMOUTIER EN",47.004667,-2.257167,20.7833333333333,13.1416666666667,62.7916666666667,4.20833333333333,2003-06-24
"20030625","NOIRMOUTIER EN",47.004667,-2.257167,19.9458333333333,16.4375,80.5416666666667,3.54166666666667,2003-06-25
"20030626","NOIRMOUTIER EN",47.004667,-2.257167,18.3208333333333,13.65,74.5,4.95833333333333,2003-06-26
"20030627","NOIRMOUTIER EN",47.004667,-2.257167,18.4458333333333,14.3125,77.2916666666667,3.04166666666667,2003-06-27
"20030628","NOIRMOUTIER EN",47.004667,-2.257167,18.3958333333333,11.125,63.5416666666667,3.54166666666667,2003-06-28
"20030629","NOIRMOUTIER EN",47.004667,-2.257167,20.6,15.5125,74.0833333333333,4.125,2003-06-29
"20030630","NOIRMOUTIER EN",47.004667,-2.257167,18.3625,13.9625,76.125,5.625,2003-06-30
"20030701","NOIRMOUTIER EN",47.004667,-2.257167,17.4958333333333,13.775,78.9583333333333,9,2003-07-01
"20030702","NOIRMOUTIER EN",47.004667,-2.257167,17.8583333333333,14.1416666666667,79.25,5.70833333333333,2003-07-02
"20030703","NOIRMOUTIER EN",47.004667,-2.257167,17.5958333333333,13.7333333333333,78.4166666666667,5.83333333333333,2003-07-03
"20030704","NOIRMOUTIER EN",47.004667,-2.257167,17.6666666666667,11.8583333333333,69.375,4.20833333333333,2003-07-04
"20030705","NOIRMOUTIER EN",47.004667,-2.257167,17.3958333333333,12.2541666666667,72.6666666666667,3.29166666666667,2003-07-05
"20030706","NOIRMOUTIER EN",47.004667,-2.257167,18.4291666666667,11.5958333333333,65.625,4.54166666666667,2003-07-06
"20030707","NOIRMOUTIER EN",47.004667,-2.257167,20.2583333333333,12.6541666666667,62.6666666666667,4.75,2003-07-07
"20030708","NOIRMOUTIER EN",47.004667,-2.257167,22.0625,13.425,59.0416666666667,4.375,2003-07-08
"20030709","NOIRMOUTIER EN",47.004667,-2.257167,23.3916666666667,14.0625,57.5,3.16666666666667,2003-07-09
"20030710","NOIRMOUTIER EN",47.004667,-2.257167,23.0291666666667,15.8916666666667,66,3,2003-07-10
"20030711","NOIRMOUTIER EN",47.004667,-2.257167,21.8791666666667,15.7,69.2916666666667,4,2003-07-11
"20030712","NOIRMOUTIER EN",47.004667,-2.257167,23.0541666666667,12.6166666666667,54.4583333333333,4.33333333333333,2003-07-12
"20030713","NOIRMOUTIER EN",47.004667,-2.257167,25.9458333333333,11.1708333333333,41.4583333333333,3.95833333333333,2003-07-13
"20030714","NOIRMOUTIER EN",47.004667,-2.257167,21.5166666666667,16.8958333333333,75.875,3.5,2003-07-14
"20030715","NOIRMOUTIER EN",47.004667,-2.257167,20.9375,17.5833333333333,81.5833333333333,2.70833333333333,2003-07-15
"20030716","NOIRMOUTIER EN",47.004667,-2.257167,18.0833333333333,15.1083333333333,83.1666666666667,6.33333333333333,2003-07-16
"20030717","NOIRMOUTIER EN",47.004667,-2.257167,19.0375,13.85,72.2916666666667,4.83333333333333,2003-07-17
"20030718","NOIRMOUTIER EN",47.004667,-2.257167,20.1833333333333,13.45,68,2,2003-07-18
"20030719","NOIRMOUTIER EN",47.004667,-2.257167,20.4833333333333,15.925,76.25,2.625,2003-07-19
"20030720","NOIRMOUTIER EN",47.004667,-2.257167,19.225,14.7875,75.875,3.16666666666667,2003-07-20
"20030721","NOIRMOUTIER EN",47.004667,-2.257167,19.7458333333333,14.6583333333333,73.25,4.16666666666667,2003-07-21
"20030722","NOIRMOUTIER EN",47.004667,-2.257167,19.6625,15.2041666666667,76.1666666666667,3.25,2003-07-22
"20030723","NOIRMOUTIER EN",47.004667,-2.257167,19.8708333333333,15.525,76.5,4.5,2003-07-23
"20030724","NOIRMOUTIER EN",47.004667,-2.257167,18.975,14.0208333333333,73.375,4.5,2003-07-24
"20030725","NOIRMOUTIER EN",47.004667,-2.257167,19.0541666666667,15.8208333333333,81.875,6.29166666666667,2003-07-25
"20030726","NOIRMOUTIER EN",47.004667,-2.257167,19,17.5041666666667,91.1666666666667,6.08333333333333,2003-07-26
"20030727","NOIRMOUTIER EN",47.004667,-2.257167,18.325,13.6625,75,4.66666666666667,2003-07-27
"20030728","NOIRMOUTIER EN",47.004667,-2.257167,18.7666666666667,13.2291666666667,70.6666666666667,4.29166666666667,2003-07-28
"20030729","NOIRMOUTIER EN",47.004667,-2.257167,19.6041666666667,17.1,85.625,5.58333333333333,2003-07-29
"20030730","NOIRMOUTIER EN",47.004667,-2.257167,18.9375,14.8458333333333,77.7916666666667,5.83333333333333,2003-07-30
"20030731","NOIRMOUTIER EN",47.004667,-2.257167,17.5666666666667,11.7958333333333,69.375,2.75,2003-07-31
"20030801","NOIRMOUTIER EN",47.004667,-2.257167,18.0166666666667,14.0708333333333,78.5833333333333,2.5,2003-08-01
"20030802","NOIRMOUTIER EN",47.004667,-2.257167,21.4041666666667,15.6041666666667,72,3.16666666666667,2003-08-02
"20030803","NOIRMOUTIER EN",47.004667,-2.257167,24.5041666666667,16.7416666666667,64.5,2.79166666666667,2003-08-03
"20030804","NOIRMOUTIER EN",47.004667,-2.257167,28.7083333333333,17.9708333333333,54.5,3,2003-08-04
"20030805","NOIRMOUTIER EN",47.004667,-2.257167,25.5791666666667,18.4375,66.1666666666667,3.83333333333333,2003-08-05
"20030806","NOIRMOUTIER EN",47.004667,-2.257167,22.4666666666667,18.6583333333333,79.5833333333333,3.625,2003-08-06
"20030807","NOIRMOUTIER EN",47.004667,-2.257167,24.9833333333333,17.4916666666667,65.7916666666667,3.25,2003-08-07
"20030808","NOIRMOUTIER EN",47.004667,-2.257167,25.3958333333333,19.0708333333333,69.6666666666667,3.20833333333333,2003-08-08
"20030809","NOIRMOUTIER EN",47.004667,-2.257167,26.9666666666667,20.2791666666667,68.625,2.25,2003-08-09
"20030810","NOIRMOUTIER EN",47.004667,-2.257167,25.9083333333333,20.6375,73.9583333333333,2.45833333333333,2003-08-10
"20030811","NOIRMOUTIER EN",47.004667,-2.257167,22.5,20.125,86.625,3.04166666666667,2003-08-11
"20030812","NOIRMOUTIER EN",47.004667,-2.257167,21.6625,18.9416666666667,84.75,2.04166666666667,2003-08-12
"20030813","NOIRMOUTIER EN",47.004667,-2.257167,23.8625,19.4125,78.4166666666667,2.66666666666667,2003-08-13
"20030814","NOIRMOUTIER EN",47.004667,-2.257167,21.75,18.2,80.4583333333333,5.125,2003-08-14
"20030815","NOIRMOUTIER EN",47.004667,-2.257167,21.2458333333333,17.6541666666667,80.25,3.45833333333333,2003-08-15
"20030816","NOIRMOUTIER EN",47.004667,-2.257167,21.6125,18.2875,81.7916666666667,2,2003-08-16
"20030817","NOIRMOUTIER EN",47.004667,-2.257167,21.3166666666667,16.9541666666667,76.875,4.25,2003-08-17
"20030818","NOIRMOUTIER EN",47.004667,-2.257167,21.0083333333333,15.0875,69.5,4.08333333333333,2003-08-18
"20030819","NOIRMOUTIER EN",47.004667,-2.257167,21.1041666666667,16.3958333333333,75.8333333333333,2.83333333333333,2003-08-19
"20030820","NOIRMOUTIER EN",47.004667,-2.257167,20.1166666666667,12.2166666666667,61.125,4.79166666666667,2003-08-20
"20030821","NOIRMOUTIER EN",47.004667,-2.257167,19.3083333333333,12.3083333333333,64.6666666666667,4.125,2003-08-21
"20030822","NOIRMOUTIER EN",47.004667,-2.257167,20.5208333333333,13.3041666666667,64.0416666666667,4.25,2003-08-22
"20030823","NOIRMOUTIER EN",47.004667,-2.257167,23.5875,14.4541666666667,58.9583333333333,4.66666666666667,2003-08-23
"20030824","NOIRMOUTIER EN",47.004667,-2.257167,23.5458333333333,14.8041666666667,59.8333333333333,3.58333333333333,2003-08-24
"20030825","NOIRMOUTIER EN",47.004667,-2.257167,22.2833333333333,13.8208333333333,61.0833333333333,3.45833333333333,2003-08-25
"20030826","NOIRMOUTIER EN",47.004667,-2.257167,19.6458333333333,15.3291666666667,76.875,3.58333333333333,2003-08-26
"20030827","NOIRMOUTIER EN",47.004667,-2.257167,21.1125,14.9375,69.875,3.08333333333333,2003-08-27
"20030828","NOIRMOUTIER EN",47.004667,-2.257167,20.1916666666667,15.875,77.1666666666667,3.33333333333333,2003-08-28
"20030829","NOIRMOUTIER EN",47.004667,-2.257167,18.9708333333333,15.1208333333333,78.5833333333333,4.375,2003-08-29
"20030830","NOIRMOUTIER EN",47.004667,-2.257167,17.2916666666667,11.8125,71.1666666666667,4.04166666666667,2003-08-30
"20030831","NOIRMOUTIER EN",47.004667,-2.257167,16.4583333333333,8.49583333333333,60.875,3.66666666666667,2003-08-31
"20030901","NOIRMOUTIER EN",47.004667,-2.257167,17.7208333333333,8.175,56.25,4.5,2003-09-01
"20030902","NOIRMOUTIER EN",47.004667,-2.257167,17.85,6.92916666666667,50.3333333333333,4.58333333333333,2003-09-02
"20030903","NOIRMOUTIER EN",47.004667,-2.257167,18.4291666666667,7.25416666666667,50.25,4.70833333333333,2003-09-03
"20030904","NOIRMOUTIER EN",47.004667,-2.257167,18.5458333333333,8.87916666666667,54.8333333333333,3.54166666666667,2003-09-04
"20030905","NOIRMOUTIER EN",47.004667,-2.257167,19.2291666666667,14.4708333333333,74.25,3.125,2003-09-05
"20030906","NOIRMOUTIER EN",47.004667,-2.257167,17.7875,12.6625,72.625,4.95833333333333,2003-09-06
"20030907","NOIRMOUTIER EN",47.004667,-2.257167,17.325,11.1958333333333,68.1666666666667,2.91666666666667,2003-09-07
"20030908","NOIRMOUTIER EN",47.004667,-2.257167,16.1291666666667,13.9125,86.875,4.66666666666667,2003-09-08
"20030909","NOIRMOUTIER EN",47.004667,-2.257167,17.45,13.0166666666667,75.75,7.16666666666667,2003-09-09
"20030910","NOIRMOUTIER EN",47.004667,-2.257167,17.5541666666667,14.7,83.5,6.5,2003-09-10
"20030911","NOIRMOUTIER EN",47.004667,-2.257167,17.5166666666667,15.6458333333333,88.875,3.33333333333333,2003-09-11
"20030912","NOIRMOUTIER EN",47.004667,-2.257167,18.4458333333333,15.1,81.9166666666667,2.75,2003-09-12
"20030913","NOIRMOUTIER EN",47.004667,-2.257167,19.425,13.8541666666667,71.75,2.79166666666667,2003-09-13
"20030914","NOIRMOUTIER EN",47.004667,-2.257167,19.2333333333333,9.29583333333333,55.6666666666667,3.875,2003-09-14
"20030915","NOIRMOUTIER EN",47.004667,-2.257167,19.4166666666667,9.75,55.0416666666667,2.91666666666667,2003-09-15
"20030916","NOIRMOUTIER EN",47.004667,-2.257167,20.25,11.5416666666667,60.2083333333333,1.79166666666667,2003-09-16
"20030917","NOIRMOUTIER EN",47.004667,-2.257167,20.4125,13.2541666666667,65.1666666666667,2.95833333333333,2003-09-17
"20030918","NOIRMOUTIER EN",47.004667,-2.257167,18.2291666666667,15.5333333333333,85,1.54166666666667,2003-09-18
"20030919","NOIRMOUTIER EN",47.004667,-2.257167,18.0791666666667,14.875,82.9166666666667,1.875,2003-09-19
"20030920","NOIRMOUTIER EN",47.004667,-2.257167,20.1791666666667,15.0041666666667,73.1666666666667,4.58333333333333,2003-09-20
"20030921","NOIRMOUTIER EN",47.004667,-2.257167,19.2708333333333,16.6125,85.125,1.95833333333333,2003-09-21
"20030922","NOIRMOUTIER EN",47.004667,-2.257167,18.6166666666667,15.2,80.8333333333333,7.29166666666667,2003-09-22
"20030923","NOIRMOUTIER EN",47.004667,-2.257167,15.3541666666667,6.49166666666667,55.7083333333333,5.20833333333333,2003-09-23
"20030924","NOIRMOUTIER EN",47.004667,-2.257167,14.3166666666667,4.425,52.6666666666667,4.45833333333333,2003-09-24
"20030925","NOIRMOUTIER EN",47.004667,-2.257167,14.6541666666667,6.77083333333333,60.6666666666667,3.375,2003-09-25
"20030926","NOIRMOUTIER EN",47.004667,-2.257167,14.8333333333333,10.4041666666667,76.2083333333333,2,2003-09-26
"20030927","NOIRMOUTIER EN",47.004667,-2.257167,16.5416666666667,10.9041666666667,70.875,2.75,2003-09-27
"20030928","NOIRMOUTIER EN",47.004667,-2.257167,15.1875,9.15416666666667,67.4166666666667,3.625,2003-09-28
"20030929","NOIRMOUTIER EN",47.004667,-2.257167,15.4083333333333,10.2166666666667,72.0416666666667,3.04166666666667,2003-09-29
"20030930","NOIRMOUTIER EN",47.004667,-2.257167,17.6333333333333,10.975,66.75,3.25,2003-09-30
"20031001","NOIRMOUTIER EN",47.004667,-2.257167,17.9375,15.1625,84.0833333333333,4.375,2003-10-01
"20031002","NOIRMOUTIER EN",47.004667,-2.257167,16.875,14.0833333333333,84.25,2.625,2003-10-02
"20031003","NOIRMOUTIER EN",47.004667,-2.257167,16.5333333333333,14.1166666666667,85.7916666666667,4.625,2003-10-03
"20031004","NOIRMOUTIER EN",47.004667,-2.257167,14.8458333333333,9.42916666666667,70.5833333333333,5.875,2003-10-04
"20031005","NOIRMOUTIER EN",47.004667,-2.257167,12.0125,3.96666666666667,58.75,4.875,2003-10-05
"20031006","NOIRMOUTIER EN",47.004667,-2.257167,14.8208333333333,9.78333333333333,72.0833333333333,6.25,2003-10-06
"20031007","NOIRMOUTIER EN",47.004667,-2.257167,15.9416666666667,11.9875,77.5833333333333,8.75,2003-10-07
"20031008","NOIRMOUTIER EN",47.004667,-2.257167,16.2375,13.5708333333333,84.2916666666667,5.91666666666667,2003-10-08
"20031009","NOIRMOUTIER EN",47.004667,-2.257167,15.7791666666667,10.8541666666667,73.125,4.75,2003-10-09
"20031010","NOIRMOUTIER EN",47.004667,-2.257167,14.8583333333333,8.14166666666667,64.25,1.29166666666667,2003-10-10
"20031011","NOIRMOUTIER EN",47.004667,-2.257167,14.2208333333333,9.575,74.625,3.5,2003-10-11
"20031012","NOIRMOUTIER EN",47.004667,-2.257167,15.2208333333333,11.9791666666667,81.1666666666667,3.25,2003-10-12
"20031013","NOIRMOUTIER EN",47.004667,-2.257167,15.8875,14.6375,92.3333333333333,2,2003-10-13
"20031014","NOIRMOUTIER EN",47.004667,-2.257167,16.425,14.625,89.2916666666667,1.83333333333333,2003-10-14
"20031015","NOIRMOUTIER EN",47.004667,-2.257167,14.8583333333333,10.4375,75.3333333333333,4.875,2003-10-15
"20031016","NOIRMOUTIER EN",47.004667,-2.257167,11.65,5.18333333333333,64.8333333333333,5.79166666666667,2003-10-16
"20031017","NOIRMOUTIER EN",47.004667,-2.257167,11.8416666666667,6.32083333333333,69.3333333333333,4.625,2003-10-17
"20031018","NOIRMOUTIER EN",47.004667,-2.257167,13.8375,9.05833333333333,73.4166666666667,4.625,2003-10-18
"20031019","NOIRMOUTIER EN",47.004667,-2.257167,11.2166666666667,8.25416666666667,82.7083333333333,5.83333333333333,2003-10-19
"20031020","NOIRMOUTIER EN",47.004667,-2.257167,9.8125,6.41666666666667,80,7.16666666666667,2003-10-20
"20031021","NOIRMOUTIER EN",47.004667,-2.257167,9.86666666666667,4.35,69.7083333333333,2.625,2003-10-21
"20031022","NOIRMOUTIER EN",47.004667,-2.257167,9.25416666666667,6.20416666666667,81.625,3.33333333333333,2003-10-22
"20031023","NOIRMOUTIER EN",47.004667,-2.257167,7.35833333333333,3.575,77.2916666666667,6,2003-10-23
"20031024","NOIRMOUTIER EN",47.004667,-2.257167,6.025,0.125,67.2083333333333,4.41666666666667,2003-10-24
"20031025","NOIRMOUTIER EN",47.004667,-2.257167,7.675,4,78.5833333333333,1.45833333333333,2003-10-25
"20031026","NOIRMOUTIER EN",47.004667,-2.257167,7.9875,4.6125,80.2916666666667,1.625,2003-10-26
"20031027","NOIRMOUTIER EN",47.004667,-2.257167,7.75,4.54166666666667,80.5833333333333,4.08333333333333,2003-10-27
"20031028","NOIRMOUTIER EN",47.004667,-2.257167,5.37083333333333,2.80416666666667,83.9583333333333,3.58333333333333,2003-10-28
"20031029","NOIRMOUTIER EN",47.004667,-2.257167,10.0583333333333,6.19166666666667,77.5,7.16666666666667,2003-10-29
"20031030","NOIRMOUTIER EN",47.004667,-2.257167,12.0583333333333,9.46666666666667,84.5416666666667,7.66666666666667,2003-10-30
"20031031","NOIRMOUTIER EN",47.004667,-2.257167,11.6083333333333,8.84166666666667,83.4166666666667,5.20833333333333,2003-10-31
"20031101","NOIRMOUTIER EN",47.004667,-2.257167,11.1541666666667,8.07083333333333,81.625,4.91666666666667,2003-11-01
"20031102","NOIRMOUTIER EN",47.004667,-2.257167,13.2458333333333,11.0583333333333,86.7083333333333,9.08333333333333,2003-11-02
"20031103","NOIRMOUTIER EN",47.004667,-2.257167,13.5,10.7083333333333,83.4583333333333,6.66666666666667,2003-11-03
"20031104","NOIRMOUTIER EN",47.004667,-2.257167,12.8666666666667,11.6583333333333,92.4166666666667,2.75,2003-11-04
"20031105","NOIRMOUTIER EN",47.004667,-2.257167,12.7791666666667,9.26666666666667,80.2083333333333,4.20833333333333,2003-11-05
"20031106","NOIRMOUTIER EN",47.004667,-2.257167,13.8541666666667,9.79166666666667,77.2083333333333,2.83333333333333,2003-11-06
"20031107","NOIRMOUTIER EN",47.004667,-2.257167,10.2208333333333,5.25416666666667,72.375,5.875,2003-11-07
"20031108","NOIRMOUTIER EN",47.004667,-2.257167,8.30833333333333,4.40833333333333,76.625,4.58333333333333,2003-11-08
"20031109","NOIRMOUTIER EN",47.004667,-2.257167,10.5708333333333,9.4625,92.875,2.58333333333333,2003-11-09
"20031110","NOIRMOUTIER EN",47.004667,-2.257167,10.4916666666667,9.28333333333333,92.3333333333333,3.54166666666667,2003-11-10
"20031111","NOIRMOUTIER EN",47.004667,-2.257167,11.4625,10.875,96.2916666666667,3.16666666666667,2003-11-11
"20031112","NOIRMOUTIER EN",47.004667,-2.257167,12.2916666666667,10.6375,89.7083333333333,3.79166666666667,2003-11-12
"20031113","NOIRMOUTIER EN",47.004667,-2.257167,9.87916666666667,8.4375,90.9166666666667,3.70833333333333,2003-11-13
"20031114","NOIRMOUTIER EN",47.004667,-2.257167,12.5875,9.75416666666667,83.0833333333333,4.83333333333333,2003-11-14
"20031115","NOIRMOUTIER EN",47.004667,-2.257167,10.1791666666667,8.84583333333333,91.375,4.91666666666667,2003-11-15
"20031116","NOIRMOUTIER EN",47.004667,-2.257167,9.34583333333333,6.275,81.4583333333333,5.83333333333333,2003-11-16
"20031117","NOIRMOUTIER EN",47.004667,-2.257167,9.54583333333333,6.77083333333333,83.4166666666667,2.91666666666667,2003-11-17
"20031118","NOIRMOUTIER EN",47.004667,-2.257167,12.5916666666667,11.05,90.4583333333333,3.625,2003-11-18
"20031119","NOIRMOUTIER EN",47.004667,-2.257167,11.325,9.47083333333333,88.375,1.91666666666667,2003-11-19
"20031120","NOIRMOUTIER EN",47.004667,-2.257167,12.1041666666667,10.6208333333333,90.625,3.25,2003-11-20
"20031121","NOIRMOUTIER EN",47.004667,-2.257167,11.5208333333333,10.475,93.2916666666667,4.08333333333333,2003-11-21
"20031122","NOIRMOUTIER EN",47.004667,-2.257167,13.9041666666667,11.8666666666667,87.625,6.375,2003-11-22
"20031123","NOIRMOUTIER EN",47.004667,-2.257167,13.025,11.7333333333333,91.9583333333333,3.5,2003-11-23
"20031124","NOIRMOUTIER EN",47.004667,-2.257167,10.8083333333333,9.26666666666667,90.2916666666667,4.25,2003-11-24
"20031125","NOIRMOUTIER EN",47.004667,-2.257167,10.7916666666667,7.55833333333333,80.7083333333333,5.08333333333333,2003-11-25
"20031126","NOIRMOUTIER EN",47.004667,-2.257167,11.0166666666667,8.2,82.875,8.08333333333333,2003-11-26
"20031127","NOIRMOUTIER EN",47.004667,-2.257167,9.0875,4.55833333333333,73.5,4.91666666666667,2003-11-27
"20031128","NOIRMOUTIER EN",47.004667,-2.257167,9.45833333333333,7.3375,86.75,3.33333333333333,2003-11-28
"20031129","NOIRMOUTIER EN",47.004667,-2.257167,12.6041666666667,11.9333333333333,95.6666666666667,5.79166666666667,2003-11-29
"20031130","NOIRMOUTIER EN",47.004667,-2.257167,11.0958333333333,9.96666666666667,92.7916666666667,2.625,2003-11-30
"20031201","NOIRMOUTIER EN",47.004667,-2.257167,8.83333333333333,6.02083333333333,82.7916666666667,5.375,2003-12-01
"20031202","NOIRMOUTIER EN",47.004667,-2.257167,7.35416666666667,5.79166666666667,89.875,3.25,2003-12-02
"20031203","NOIRMOUTIER EN",47.004667,-2.257167,7.91666666666667,6.05833333333333,88.0416666666667,5.54166666666667,2003-12-03
"20031204","NOIRMOUTIER EN",47.004667,-2.257167,7.96666666666667,5.42083333333333,84,7.70833333333333,2003-12-04
"20031205","NOIRMOUTIER EN",47.004667,-2.257167,6.46666666666667,4.90416666666667,89.875,5.45833333333333,2003-12-05
"20031206","NOIRMOUTIER EN",47.004667,-2.257167,5.44166666666667,4.25416666666667,92.0833333333333,6.125,2003-12-06
"20031207","NOIRMOUTIER EN",47.004667,-2.257167,4.42916666666667,0.175,74.2916666666667,7,2003-12-07
"20031208","NOIRMOUTIER EN",47.004667,-2.257167,4.15833333333333,2.27083333333333,87.5833333333333,2.91666666666667,2003-12-08
"20031209","NOIRMOUTIER EN",47.004667,-2.257167,7.17916666666667,3.72083333333333,78.9166666666667,3.875,2003-12-09
"20031210","NOIRMOUTIER EN",47.004667,-2.257167,5.17083333333333,3.33333333333333,88.6666666666667,1.45833333333333,2003-12-10
"20031211","NOIRMOUTIER EN",47.004667,-2.257167,11.2791666666667,10.4333333333333,94.625,5.5,2003-12-11
"20031212","NOIRMOUTIER EN",47.004667,-2.257167,11.7583333333333,11.3208333333333,97.1666666666667,3.41666666666667,2003-12-12
"20031213","NOIRMOUTIER EN",47.004667,-2.257167,12.3375,11.4791666666667,94.5416666666667,7.29166666666667,2003-12-13
"20031214","NOIRMOUTIER EN",47.004667,-2.257167,10.3041666666667,7.60416666666667,83.5,4.33333333333333,2003-12-14
"20031215","NOIRMOUTIER EN",47.004667,-2.257167,7.8625,4.525,79.7916666666667,2.375,2003-12-15
"20031216","NOIRMOUTIER EN",47.004667,-2.257167,4.73333333333333,1.025,77.0833333333333,4.16666666666667,2003-12-16
"20031217","NOIRMOUTIER EN",47.004667,-2.257167,5.14583333333333,0.591666666666667,72.6666666666667,4.45833333333333,2003-12-17
"20031218","NOIRMOUTIER EN",47.004667,-2.257167,6.7375,4.75,87.1666666666667,3.33333333333333,2003-12-18
"20031219","NOIRMOUTIER EN",47.004667,-2.257167,9.99583333333333,9.36666666666667,96,1.83333333333333,2003-12-19
"20031220","NOIRMOUTIER EN",47.004667,-2.257167,11.3,10.675,96,6.75,2003-12-20
"20031221","NOIRMOUTIER EN",47.004667,-2.257167,9.275,5.2375,76,7.79166666666667,2003-12-21
"20031222","NOIRMOUTIER EN",47.004667,-2.257167,5.6125,-0.466666666666667,65.1666666666667,6.16666666666667,2003-12-22
"20031223","NOIRMOUTIER EN",47.004667,-2.257167,8.60833333333333,5.5125,81.3333333333333,5.04166666666667,2003-12-23
"20031224","NOIRMOUTIER EN",47.004667,-2.257167,9.87916666666667,8.575,91.7083333333333,2.875,2003-12-24
"20031225","NOIRMOUTIER EN",47.004667,-2.257167,9.29583333333333,7.45416666666667,88.4166666666667,2.16666666666667,2003-12-25
"20031226","NOIRMOUTIER EN",47.004667,-2.257167,10.7125,8.7625,87.8333333333333,7.08333333333333,2003-12-26
"20031227","NOIRMOUTIER EN",47.004667,-2.257167,10.1,7.79166666666667,85.7083333333333,8.91666666666667,2003-12-27
"20031228","NOIRMOUTIER EN",47.004667,-2.257167,8.00833333333333,2.82083333333333,70.1666666666667,9.54166666666667,2003-12-28
"20031229","NOIRMOUTIER EN",47.004667,-2.257167,8.44583333333333,5.05833333333333,79.7083333333333,9.125,2003-12-29
"20031230","NOIRMOUTIER EN",47.004667,-2.257167,5.78333333333333,3.7,86.7083333333333,2.375,2003-12-30
"20031231","NOIRMOUTIER EN",47.004667,-2.257167,4.15,2.025,86.3333333333333,2.41666666666667,2003-12-31
"20040101","NOIRMOUTIER EN",47.004667,-2.257167,8.40416666666667,5.66666666666667,83.2083333333333,7.29166666666667,2004-01-01
"20040102","NOIRMOUTIER EN",47.004667,-2.257167,7.5875,3.55833333333333,75.7083333333333,6.33333333333333,2004-01-02
"20040103","NOIRMOUTIER EN",47.004667,-2.257167,2.30416666666667,-0.7375,80.5,1.95833333333333,2004-01-03
"20040104","NOIRMOUTIER EN",47.004667,-2.257167,5.1125,2.88333333333333,85.5416666666667,1.875,2004-01-04
"20040105","NOIRMOUTIER EN",47.004667,-2.257167,9.3,7.14166666666667,86.4166666666667,4.08333333333333,2004-01-05
"20040106","NOIRMOUTIER EN",47.004667,-2.257167,8.35416666666667,6.1875,86.5833333333333,3.33333333333333,2004-01-06
"20040107","NOIRMOUTIER EN",47.004667,-2.257167,7.6875,6,89.125,5.33333333333333,2004-01-07
"20040108","NOIRMOUTIER EN",47.004667,-2.257167,11.0875,9.55,90.25,9.04166666666667,2004-01-08
"20040109","NOIRMOUTIER EN",47.004667,-2.257167,11.0375,9.58333333333333,90.8333333333333,5.375,2004-01-09
"20040110","NOIRMOUTIER EN",47.004667,-2.257167,11.8458333333333,11.3458333333333,96.875,6,2004-01-10
"20040111","NOIRMOUTIER EN",47.004667,-2.257167,12.0958333333333,10.9458333333333,92.8333333333333,9.16666666666667,2004-01-11
"20040112","NOIRMOUTIER EN",47.004667,-2.257167,12.1708333333333,11.1333333333333,93.5,9.375,2004-01-12
"20040113","NOIRMOUTIER EN",47.004667,-2.257167,11.8,10.425,91.375,11.9166666666667,2004-01-13
"20040114","NOIRMOUTIER EN",47.004667,-2.257167,9.2125,6.10833333333333,81.0833333333333,8.25,2004-01-14
"20040115","NOIRMOUTIER EN",47.004667,-2.257167,9.17083333333333,6.1,81.25,7.375,2004-01-15
"20040116","NOIRMOUTIER EN",47.004667,-2.257167,10.4291666666667,8.85,90.0416666666667,6.79166666666667,2004-01-16
"20040117","NOIRMOUTIER EN",47.004667,-2.257167,8.05833333333333,5.9625,86.7083333333333,6,2004-01-17
"20040118","NOIRMOUTIER EN",47.004667,-2.257167,6.01666666666667,1.8125,74.7083333333333,6.33333333333333,2004-01-18
"20040119","NOIRMOUTIER EN",47.004667,-2.257167,6.63333333333333,4.10833333333333,84.1666666666667,3.91666666666667,2004-01-19
"20040120","NOIRMOUTIER EN",47.004667,-2.257167,9.19583333333333,7,86.0833333333333,5.79166666666667,2004-01-20
"20040121","NOIRMOUTIER EN",47.004667,-2.257167,8.65416666666667,5.76666666666667,82.375,4.125,2004-01-21
"20040122","NOIRMOUTIER EN",47.004667,-2.257167,8.89583333333333,6.80416666666667,87.0416666666667,4.58333333333333,2004-01-22
"20040123","NOIRMOUTIER EN",47.004667,-2.257167,10.65,10.3416666666667,97.9583333333333,3.625,2004-01-23
"20040124","NOIRMOUTIER EN",47.004667,-2.257167,9.19166666666667,7.27916666666667,88,4.66666666666667,2004-01-24
"20040125","NOIRMOUTIER EN",47.004667,-2.257167,6.57916666666667,4.9625,89.5833333333333,4.20833333333333,2004-01-25
"20040126","NOIRMOUTIER EN",47.004667,-2.257167,6.1,3.51666666666667,83.75,10.125,2004-01-26
"20040127","NOIRMOUTIER EN",47.004667,-2.257167,5.41666666666667,1.77916666666667,77.625,3.20833333333333,2004-01-27
"20040128","NOIRMOUTIER EN",47.004667,-2.257167,6.70416666666667,1.3125,69.0416666666667,6.95833333333333,2004-01-28
"20040129","NOIRMOUTIER EN",47.004667,-2.257167,4.07083333333333,-1.97083333333333,65.625,3,2004-01-29
"20040130","NOIRMOUTIER EN",47.004667,-2.257167,5.37083333333333,2.85,83.9583333333333,5.5,2004-01-30
"20040131","NOIRMOUTIER EN",47.004667,-2.257167,11.2,9.7125,90.5416666666667,9.58333333333333,2004-01-31
"20040201","NOIRMOUTIER EN",47.004667,-2.257167,11.475,9.81666666666667,89.5833333333333,7.08333333333333,2004-02-01
"20040202","NOIRMOUTIER EN",47.004667,-2.257167,11.6375,9.82083333333333,88.8333333333333,5.5,2004-02-02
"20040203","NOIRMOUTIER EN",47.004667,-2.257167,11.2375,9.55833333333333,89.5,5.25,2004-02-03
"20040204","NOIRMOUTIER EN",47.004667,-2.257167,11.0916666666667,9.30416666666667,88.8333333333333,5.08333333333333,2004-02-04
"20040205","NOIRMOUTIER EN",47.004667,-2.257167,11.2875,9.65833333333333,90,3.79166666666667,2004-02-05
"20040206","NOIRMOUTIER EN",47.004667,-2.257167,11.0958333333333,9.66666666666667,91.0833333333333,6.66666666666667,2004-02-06
"20040207","NOIRMOUTIER EN",47.004667,-2.257167,9.98333333333333,6.73333333333333,80.3333333333333,7.08333333333333,2004-02-07
"20040208","NOIRMOUTIER EN",47.004667,-2.257167,9.17083333333333,5.27916666666667,76.7083333333333,5.29166666666667,2004-02-08
"20040209","NOIRMOUTIER EN",47.004667,-2.257167,6.45833333333333,2.04166666666667,73.75,2.83333333333333,2004-02-09
"20040210","NOIRMOUTIER EN",47.004667,-2.257167,5.49166666666667,0.4875,70.7083333333333,2.54166666666667,2004-02-10
"20040211","NOIRMOUTIER EN",47.004667,-2.257167,7.04166666666667,3.4375,77.875,2.54166666666667,2004-02-11
"20040212","NOIRMOUTIER EN",47.004667,-2.257167,8.4875,5.65416666666667,82.6666666666667,2.875,2004-02-12
"20040213","NOIRMOUTIER EN",47.004667,-2.257167,6.15,3.40833333333333,83,4.08333333333333,2004-02-13
"20040214","NOIRMOUTIER EN",47.004667,-2.257167,7.47083333333333,4.54166666666667,82.0416666666667,3.79166666666667,2004-02-14
"20040215","NOIRMOUTIER EN",47.004667,-2.257167,7.15833333333333,3.825,79.5416666666667,2.45833333333333,2004-02-15
"20040216","NOIRMOUTIER EN",47.004667,-2.257167,7.1375,4.0625,81.2916666666667,3.5,2004-02-16
"20040217","NOIRMOUTIER EN",47.004667,-2.257167,7.675,3.875,77.125,3,2004-02-17
"20040218","NOIRMOUTIER EN",47.004667,-2.257167,6.5375,3.00833333333333,78.6666666666667,4.875,2004-02-18
"20040219","NOIRMOUTIER EN",47.004667,-2.257167,5.74166666666667,0.133333333333333,67.9583333333333,8.16666666666667,2004-02-19
"20040220","NOIRMOUTIER EN",47.004667,-2.257167,4.14583333333333,-0.966666666666667,69.5416666666667,5.70833333333333,2004-02-20
"20040221","NOIRMOUTIER EN",47.004667,-2.257167,7.02916666666667,4.65416666666667,84.9583333333333,5.33333333333333,2004-02-21
"20040222","NOIRMOUTIER EN",47.004667,-2.257167,4.53333333333333,3.275,91.5,4.66666666666667,2004-02-22
"20040223","NOIRMOUTIER EN",47.004667,-2.257167,4.325,-0.9625,69.25,6.875,2004-02-23
"20040224","NOIRMOUTIER EN",47.004667,-2.257167,3.84166666666667,-0.370833333333333,74.4583333333333,2.58333333333333,2004-02-24
"20040225","NOIRMOUTIER EN",47.004667,-2.257167,4.32083333333333,1.57083333333333,82.9166666666667,2.41666666666667,2004-02-25
"20040226","NOIRMOUTIER EN",47.004667,-2.257167,3.40833333333333,-1.3375,71.8333333333333,3.16666666666667,2004-02-26
"20040227","NOIRMOUTIER EN",47.004667,-2.257167,2.1125,0.1125,87.0416666666667,4.875,2004-02-27
"20040228","NOIRMOUTIER EN",47.004667,-2.257167,3.3,-0.641666666666667,75.5,3.33333333333333,2004-02-28
"20040229","NOIRMOUTIER EN",47.004667,-2.257167,3.24166666666667,-0.333333333333333,78,4.58333333333333,2004-02-29
"20040301","NOIRMOUTIER EN",47.004667,-2.257167,2.9375,-2.79583333333333,67.0833333333333,5.20833333333333,2004-03-01
"20040302","NOIRMOUTIER EN",47.004667,-2.257167,3.24166666666667,-2.37083333333333,67.375,2.70833333333333,2004-03-02
"20040303","NOIRMOUTIER EN",47.004667,-2.257167,6.15833333333333,2.54166666666667,77.875,4.125,2004-03-03
"20040304","NOIRMOUTIER EN",47.004667,-2.257167,9.41666666666667,8.82916666666667,96.25,6.5,2004-03-04
"20040305","NOIRMOUTIER EN",47.004667,-2.257167,8.26666666666667,7.16666666666667,92.875,2.08333333333333,2004-03-05
"20040306","NOIRMOUTIER EN",47.004667,-2.257167,7.925,6.0125,87.8333333333333,3.66666666666667,2004-03-06
"20040307","NOIRMOUTIER EN",47.004667,-2.257167,7.44583333333333,4.58333333333333,82.2083333333333,3.91666666666667,2004-03-07
"20040308","NOIRMOUTIER EN",47.004667,-2.257167,6.19166666666667,2.3,76.8333333333333,4.29166666666667,2004-03-08
"20040309","NOIRMOUTIER EN",47.004667,-2.257167,4.83333333333333,-0.0708333333333333,71.3333333333333,4.20833333333333,2004-03-09
"20040310","NOIRMOUTIER EN",47.004667,-2.257167,2.875,-2.2,69.8333333333333,3.70833333333333,2004-03-10
"20040311","NOIRMOUTIER EN",47.004667,-2.257167,2.99583333333333,-0.804166666666667,76.4583333333333,5.625,2004-03-11
"20040312","NOIRMOUTIER EN",47.004667,-2.257167,8.925,7.3,89.6666666666667,6.58333333333333,2004-03-12
"20040313","NOIRMOUTIER EN",47.004667,-2.257167,9.00416666666667,6.09166666666667,82.5416666666667,4.5,2004-03-13
"20040314","NOIRMOUTIER EN",47.004667,-2.257167,10.4833333333333,8.12916666666667,85.5,7.58333333333333,2004-03-14
"20040315","NOIRMOUTIER EN",47.004667,-2.257167,11.0208333333333,9.625,91.4166666666667,5.08333333333333,2004-03-15
"20040316","NOIRMOUTIER EN",47.004667,-2.257167,12.3333333333333,8.14583333333333,77.5,3.41666666666667,2004-03-16
"20040317","NOIRMOUTIER EN",47.004667,-2.257167,10.475,9.12083333333333,91.7916666666667,1.95833333333333,2004-03-17
"20040318","NOIRMOUTIER EN",47.004667,-2.257167,10.275,9.425,94.5,4.83333333333333,2004-03-18
"20040319","NOIRMOUTIER EN",47.004667,-2.257167,11.0416666666667,10.2791666666667,95.125,7.58333333333333,2004-03-19
"20040320","NOIRMOUTIER EN",47.004667,-2.257167,11.5416666666667,10.7416666666667,94.9166666666667,8.54166666666667,2004-03-20
"20040321","NOIRMOUTIER EN",47.004667,-2.257167,10.7541666666667,7.73333333333333,81.875,9.04166666666667,2004-03-21
"20040322","NOIRMOUTIER EN",47.004667,-2.257167,8.85,4.2,72.6666666666667,8.41666666666667,2004-03-22
"20040323","NOIRMOUTIER EN",47.004667,-2.257167,7.45833333333333,3.25833333333333,74.875,5.33333333333333,2004-03-23
"20040324","NOIRMOUTIER EN",47.004667,-2.257167,6.675,2.9125,77.4583333333333,5,2004-03-24
"20040325","NOIRMOUTIER EN",47.004667,-2.257167,5.97083333333333,2.975,81.4166666666667,3.66666666666667,2004-03-25
"20040326","NOIRMOUTIER EN",47.004667,-2.257167,6.325,0.6625,68.75,5.66666666666667,2004-03-26
"20040327","NOIRMOUTIER EN",47.004667,-2.257167,6.2,0.570833333333333,67.9583333333333,3.45833333333333,2004-03-27
"20040328","NOIRMOUTIER EN",47.004667,-2.257167,7.95416666666667,0.6875,61.4583333333333,3.29166666666667,2004-03-28
"20040329","NOIRMOUTIER EN",47.004667,-2.257167,10.8375,2.11666666666667,55.9166666666667,6.125,2004-03-29
"20040330","NOIRMOUTIER EN",47.004667,-2.257167,11.55,4.05833333333333,60.7083333333333,3.95833333333333,2004-03-30
"20040331","NOIRMOUTIER EN",47.004667,-2.257167,11.1291666666667,9.21666666666667,88.2083333333333,3.29166666666667,2004-03-31
"20040401","NOIRMOUTIER EN",47.004667,-2.257167,10.4041666666667,8.225,86.75,4.95833333333333,2004-04-01
"20040403","NOIRMOUTIER EN",47.004667,-2.257167,11.9125,9.8125,87,8.375,2004-04-03
"20040404","NOIRMOUTIER EN",47.004667,-2.257167,11.425,9.09583333333333,85.8333333333333,5.83333333333333,2004-04-04
"20040405","NOIRMOUTIER EN",47.004667,-2.257167,11.05,8.2375,83,6.75,2004-04-05
"20040406","NOIRMOUTIER EN",47.004667,-2.257167,10.4541666666667,6.78333333333333,78.2916666666667,8.41666666666667,2004-04-06
"20040407","NOIRMOUTIER EN",47.004667,-2.257167,9.35,4.92916666666667,74.0416666666667,4.79166666666667,2004-04-07
"20040408","NOIRMOUTIER EN",47.004667,-2.257167,8.1875,4.425,77.5,3.04166666666667,2004-04-08
"20040409","NOIRMOUTIER EN",47.004667,-2.257167,8.45,3.27916666666667,71.0416666666667,4.75,2004-04-09
"20040410","NOIRMOUTIER EN",47.004667,-2.257167,8.75,5.59583333333333,80.875,4.25,2004-04-10
"20040411","NOIRMOUTIER EN",47.004667,-2.257167,9.87916666666667,5.27916666666667,74.5833333333333,3.91666666666667,2004-04-11
"20040412","NOIRMOUTIER EN",47.004667,-2.257167,9.625,3.85416666666667,68.2916666666667,4.58333333333333,2004-04-12
"20040413","NOIRMOUTIER EN",47.004667,-2.257167,9.95416666666667,6.47083333333333,79.0416666666667,3.41666666666667,2004-04-13
"20040414","NOIRMOUTIER EN",47.004667,-2.257167,10.625,7.1,79.5833333333333,2.45833333333333,2004-04-14
"20040415","NOIRMOUTIER EN",47.004667,-2.257167,11.6125,6.93333333333333,74.0416666666667,2.5,2004-04-15
"20040416","NOIRMOUTIER EN",47.004667,-2.257167,12.175,7.99166666666667,75.9583333333333,4.70833333333333,2004-04-16
"20040417","NOIRMOUTIER EN",47.004667,-2.257167,10.5916666666667,5.6125,71.6666666666667,7,2004-04-17
"20040418","NOIRMOUTIER EN",47.004667,-2.257167,9.30416666666667,6.14166666666667,81.0833333333333,12.7916666666667,2004-04-18
"20040419","NOIRMOUTIER EN",47.004667,-2.257167,9.84166666666667,6.7125,81.1666666666667,9.45833333333333,2004-04-19
"20040420","NOIRMOUTIER EN",47.004667,-2.257167,12.5166666666667,10.7666666666667,89.125,7.33333333333333,2004-04-20
"20040421","NOIRMOUTIER EN",47.004667,-2.257167,13.0166666666667,10.6958333333333,86.0833333333333,5.5,2004-04-21
"20040422","NOIRMOUTIER EN",47.004667,-2.257167,12.4375,10.7083333333333,89.4166666666667,3.25,2004-04-22
"20040423","NOIRMOUTIER EN",47.004667,-2.257167,12.3041666666667,8.57083333333333,78.625,3.79166666666667,2004-04-23
"20040424","NOIRMOUTIER EN",47.004667,-2.257167,14.6333333333333,7.99166666666667,66.1666666666667,3.75,2004-04-24
"20040425","NOIRMOUTIER EN",47.004667,-2.257167,15.2458333333333,8.22916666666667,64.75,3.58333333333333,2004-04-25
"20040426","NOIRMOUTIER EN",47.004667,-2.257167,14.9833333333333,8.76666666666667,67.6666666666667,3.41666666666667,2004-04-26
"20040427","NOIRMOUTIER EN",47.004667,-2.257167,13.6208333333333,9.49583333333333,76.5,4.375,2004-04-27
"20040428","NOIRMOUTIER EN",47.004667,-2.257167,11.9708333333333,9.19166666666667,83.4166666666667,3.58333333333333,2004-04-28
"20040429","NOIRMOUTIER EN",47.004667,-2.257167,11.1541666666667,9.20416666666667,87.875,3.33333333333333,2004-04-29
"20040430","NOIRMOUTIER EN",47.004667,-2.257167,12.2208333333333,8.37916666666667,78.2916666666667,5.29166666666667,2004-04-30
"20040501","NOIRMOUTIER EN",47.004667,-2.257167,11.5875,9.07916666666667,84.6666666666667,6.41666666666667,2004-05-01
"20040502","NOIRMOUTIER EN",47.004667,-2.257167,12.2625,9.0875,81.5833333333333,3.04166666666667,2004-05-02
"20040503","NOIRMOUTIER EN",47.004667,-2.257167,12.1833333333333,9.27083333333333,82.7083333333333,4.16666666666667,2004-05-03
"20040504","NOIRMOUTIER EN",47.004667,-2.257167,10.6708333333333,7.05833333333333,78.5416666666667,8.66666666666667,2004-05-04
"20040505","NOIRMOUTIER EN",47.004667,-2.257167,10.4083333333333,5.93333333333333,74.0833333333333,8.08333333333333,2004-05-05
"20040506","NOIRMOUTIER EN",47.004667,-2.257167,10.1666666666667,5.54583333333333,73.1666666666667,5.75,2004-05-06
"20040507","NOIRMOUTIER EN",47.004667,-2.257167,11.0541666666667,6.10833333333333,71.875,5.83333333333333,2004-05-07
"20040508","NOIRMOUTIER EN",47.004667,-2.257167,11.6541666666667,7.175,74.0416666666667,8.66666666666667,2004-05-08
"20040509","NOIRMOUTIER EN",47.004667,-2.257167,11.7041666666667,9.025,83.8333333333333,3,2004-05-09
"20040510","NOIRMOUTIER EN",47.004667,-2.257167,12.6708333333333,9.29166666666667,80.625,3.08333333333333,2004-05-10
"20040511","NOIRMOUTIER EN",47.004667,-2.257167,14.45,11.5375,83.2916666666667,2.91666666666667,2004-05-11
"20040512","NOIRMOUTIER EN",47.004667,-2.257167,13.8375,10.2333333333333,79.7083333333333,5,2004-05-12
"20040513","NOIRMOUTIER EN",47.004667,-2.257167,12.7916666666667,7.71666666666667,72,4.70833333333333,2004-05-13
"20040514","NOIRMOUTIER EN",47.004667,-2.257167,13.4291666666667,9.96666666666667,80.1666666666667,3.33333333333333,2004-05-14
"20040515","NOIRMOUTIER EN",47.004667,-2.257167,15.925,9.72083333333333,68.6666666666667,3.83333333333333,2004-05-15
"20040516","NOIRMOUTIER EN",47.004667,-2.257167,18.1541666666667,11.8041666666667,67.875,4.41666666666667,2004-05-16
"20040517","NOIRMOUTIER EN",47.004667,-2.257167,19.2708333333333,12.6208333333333,67.1666666666667,3.5,2004-05-17
"20040518","NOIRMOUTIER EN",47.004667,-2.257167,20.2291666666667,13.8208333333333,69.1666666666667,3.20833333333333,2004-05-18
"20040519","NOIRMOUTIER EN",47.004667,-2.257167,20.225,13.4,66.625,3.20833333333333,2004-05-19
"20040520","NOIRMOUTIER EN",47.004667,-2.257167,19.4083333333333,11.9875,63.25,3.75,2004-05-20
"20040521","NOIRMOUTIER EN",47.004667,-2.257167,16.6708333333333,11.1625,70.7916666666667,5.54166666666667,2004-05-21
"20040522","NOIRMOUTIER EN",47.004667,-2.257167,14.1333333333333,5.71666666666667,58.9166666666667,7.29166666666667,2004-05-22
"20040523","NOIRMOUTIER EN",47.004667,-2.257167,14.05,5.14166666666667,55.9583333333333,6.66666666666667,2004-05-23
"20040524","NOIRMOUTIER EN",47.004667,-2.257167,16.1,6.5375,55.2083333333333,5.33333333333333,2004-05-24
"20040525","NOIRMOUTIER EN",47.004667,-2.257167,18.1375,6.85833333333333,49.5833333333333,4.83333333333333,2004-05-25
"20040526","NOIRMOUTIER EN",47.004667,-2.257167,16.8125,11.1666666666667,69.75,4.125,2004-05-26
"20040527","NOIRMOUTIER EN",47.004667,-2.257167,16.5,12.1833333333333,77.0833333333333,2.95833333333333,2004-05-27
"20040528","NOIRMOUTIER EN",47.004667,-2.257167,16.65,13.9,84.375,2.25,2004-05-28
"20040529","NOIRMOUTIER EN",47.004667,-2.257167,16.45,14.7625,89.875,2.66666666666667,2004-05-29
"20040530","NOIRMOUTIER EN",47.004667,-2.257167,16.175,12.4041666666667,78.7916666666667,4.41666666666667,2004-05-30
"20040531","NOIRMOUTIER EN",47.004667,-2.257167,14.9833333333333,13.65,91.8333333333333,5.16666666666667,2004-05-31
"20040601","NOIRMOUTIER EN",47.004667,-2.257167,16.0958333333333,14.1708333333333,88.5416666666667,6.16666666666667,2004-06-01
"20040602","NOIRMOUTIER EN",47.004667,-2.257167,16.8291666666667,12.475,75.9166666666667,4.41666666666667,2004-06-02
"20040603","NOIRMOUTIER EN",47.004667,-2.257167,16.7375,11.1208333333333,70.4583333333333,3.41666666666667,2004-06-03
"20040604","NOIRMOUTIER EN",47.004667,-2.257167,17.9166666666667,12.8333333333333,73.375,3.20833333333333,2004-06-04
"20040605","NOIRMOUTIER EN",47.004667,-2.257167,18.4916666666667,14.7875,79.9166666666667,3.20833333333333,2004-06-05
"20040606","NOIRMOUTIER EN",47.004667,-2.257167,20.8458333333333,14.3541666666667,67.9583333333333,3.16666666666667,2004-06-06
"20040607","NOIRMOUTIER EN",47.004667,-2.257167,22.5875,14.0458333333333,61,2.66666666666667,2004-06-07
"20040608","NOIRMOUTIER EN",47.004667,-2.257167,18.2,15.4166666666667,84.0833333333333,3.79166666666667,2004-06-08
"20040609","NOIRMOUTIER EN",47.004667,-2.257167,18.9,15.4291666666667,81.1666666666667,2.41666666666667,2004-06-09
"20040610","NOIRMOUTIER EN",47.004667,-2.257167,18.6041666666667,15.9958333333333,85.0833333333333,3.25,2004-06-10
"20040611","NOIRMOUTIER EN",47.004667,-2.257167,19.0666666666667,15.525,80.4166666666667,4.08333333333333,2004-06-11
"20040612","NOIRMOUTIER EN",47.004667,-2.257167,17.3708333333333,11.3041666666667,67.9166666666667,4.875,2004-06-12
"20040613","NOIRMOUTIER EN",47.004667,-2.257167,19.2166666666667,11.1458333333333,61.375,4.54166666666667,2004-06-13
"20040614","NOIRMOUTIER EN",47.004667,-2.257167,20.3458333333333,12.275,61.0833333333333,4.58333333333333,2004-06-14
"20040615","NOIRMOUTIER EN",47.004667,-2.257167,20.6208333333333,14.7791666666667,70.0416666666667,4.33333333333333,2004-06-15
"20040616","NOIRMOUTIER EN",47.004667,-2.257167,21.0041666666667,15.4708333333333,71.875,4,2004-06-16
"20040617","NOIRMOUTIER EN",47.004667,-2.257167,20.1958333333333,15.4541666666667,75.25,3.41666666666667,2004-06-17
"20040618","NOIRMOUTIER EN",47.004667,-2.257167,17.5125,11.4416666666667,68.2916666666667,4.375,2004-06-18
"20040619","NOIRMOUTIER EN",47.004667,-2.257167,16.7625,10.2416666666667,66.125,4.375,2004-06-19
"20040620","NOIRMOUTIER EN",47.004667,-2.257167,14.6125,8.4875,67.25,3.08333333333333,2004-06-20
"20040621","NOIRMOUTIER EN",47.004667,-2.257167,15.0333333333333,12.3,84.2916666666667,2.79166666666667,2004-06-21
"20040622","NOIRMOUTIER EN",47.004667,-2.257167,18.0916666666667,15.6541666666667,85.8333333333333,5.70833333333333,2004-06-22
"20040623","NOIRMOUTIER EN",47.004667,-2.257167,17.6666666666667,12.4916666666667,72.2083333333333,9.04166666666667,2004-06-23
"20040624","NOIRMOUTIER EN",47.004667,-2.257167,16.6208333333333,10.95,69.4583333333333,5.41666666666667,2004-06-24
"20040625","NOIRMOUTIER EN",47.004667,-2.257167,16.2083333333333,10.2,68.25,2.5,2004-06-25
"20040626","NOIRMOUTIER EN",47.004667,-2.257167,19.4208333333333,14.0583333333333,72.0833333333333,4.375,2004-06-26
"20040627","NOIRMOUTIER EN",47.004667,-2.257167,18.3041666666667,15.3333333333333,83.2916666666667,4.20833333333333,2004-06-27
"20040628","NOIRMOUTIER EN",47.004667,-2.257167,17.5291666666667,11.8166666666667,70.5,4.125,2004-06-28
"20040629","NOIRMOUTIER EN",47.004667,-2.257167,18.65,10.4083333333333,59.75,4.04166666666667,2004-06-29
"20040630","NOIRMOUTIER EN",47.004667,-2.257167,17.6958333333333,13.2791666666667,76.1666666666667,4.125,2004-06-30
"20040701","NOIRMOUTIER EN",47.004667,-2.257167,17.1041666666667,12.2666666666667,73.4166666666667,4.79166666666667,2004-07-01
"20040702","NOIRMOUTIER EN",47.004667,-2.257167,17.2083333333333,12.5458333333333,74.5833333333333,6.41666666666667,2004-07-02
"20040703","NOIRMOUTIER EN",47.004667,-2.257167,17.3458333333333,11.7958333333333,70.7916666666667,4.45833333333333,2004-07-03
"20040704","NOIRMOUTIER EN",47.004667,-2.257167,17.6541666666667,14.3458333333333,81.375,4.91666666666667,2004-07-04
"20040705","NOIRMOUTIER EN",47.004667,-2.257167,16.2958333333333,12.0875,76.5416666666667,4.5,2004-07-05
"20040706","NOIRMOUTIER EN",47.004667,-2.257167,19.5333333333333,10.7083333333333,59.2083333333333,3.875,2004-07-06
"20040707","NOIRMOUTIER EN",47.004667,-2.257167,16.9458333333333,13.9208333333333,82.75,8.58333333333333,2004-07-07
"20040708","NOIRMOUTIER EN",47.004667,-2.257167,15.1166666666667,12.1833333333333,82.7083333333333,12,2004-07-08
"20040709","NOIRMOUTIER EN",47.004667,-2.257167,15.25,10.45,73.4583333333333,5.08333333333333,2004-07-09
"20040710","NOIRMOUTIER EN",47.004667,-2.257167,15.1125,11.2083333333333,78.125,4.04166666666667,2004-07-10
"20040711","NOIRMOUTIER EN",47.004667,-2.257167,15.6666666666667,12.2416666666667,80.25,6.5,2004-07-11
"20040712","NOIRMOUTIER EN",47.004667,-2.257167,16.4125,12.7583333333333,79.1666666666667,5.83333333333333,2004-07-12
"20040713","NOIRMOUTIER EN",47.004667,-2.257167,16.0125,11.1416666666667,72.9583333333333,2.375,2004-07-13
"20040714","NOIRMOUTIER EN",47.004667,-2.257167,17.2583333333333,14.4916666666667,84.0833333333333,2.875,2004-07-14
"20040715","NOIRMOUTIER EN",47.004667,-2.257167,17.3916666666667,15.325,87.8333333333333,3.75,2004-07-15
"20040716","NOIRMOUTIER EN",47.004667,-2.257167,20.3166666666667,16.775,81.5416666666667,2.58333333333333,2004-07-16
"20040717","NOIRMOUTIER EN",47.004667,-2.257167,18.1791666666667,15.725,85.7916666666667,4.375,2004-07-17
"20040718","NOIRMOUTIER EN",47.004667,-2.257167,18.1541666666667,15.4916666666667,84.875,3.08333333333333,2004-07-18
"20040719","NOIRMOUTIER EN",47.004667,-2.257167,18.2791666666667,13.9541666666667,77.2083333333333,2.75,2004-07-19
"20040720","NOIRMOUTIER EN",47.004667,-2.257167,18.7833333333333,15.2708333333333,80.5416666666667,3.5,2004-07-20
"20040721","NOIRMOUTIER EN",47.004667,-2.257167,19.6208333333333,15.7166666666667,79.4583333333333,2.125,2004-07-21
"20040722","NOIRMOUTIER EN",47.004667,-2.257167,19.0333333333333,16.4291666666667,84.9583333333333,2.45833333333333,2004-07-22
"20040723","NOIRMOUTIER EN",47.004667,-2.257167,18.9166666666667,15.925,83.3333333333333,3.625,2004-07-23
"20040724","NOIRMOUTIER EN",47.004667,-2.257167,20.0541666666667,13.3083333333333,66.2083333333333,4.125,2004-07-24
"20040725","NOIRMOUTIER EN",47.004667,-2.257167,19.275,13.9083333333333,72.0833333333333,4.33333333333333,2004-07-25
"20040726","NOIRMOUTIER EN",47.004667,-2.257167,17.7333333333333,13.3875,76.2083333333333,3.75,2004-07-26
"20040727","NOIRMOUTIER EN",47.004667,-2.257167,18.7541666666667,13.8833333333333,73.9583333333333,3.625,2004-07-27
"20040728","NOIRMOUTIER EN",47.004667,-2.257167,21.0791666666667,14.3625,67.625,3.875,2004-07-28
"20040729","NOIRMOUTIER EN",47.004667,-2.257167,19.225,16.4875,84.375,4.20833333333333,2004-07-29
"20040730","NOIRMOUTIER EN",47.004667,-2.257167,20.0875,17.7375,86.7916666666667,2.875,2004-07-30
"20040731","NOIRMOUTIER EN",47.004667,-2.257167,22.525,16.2666666666667,69.8333333333333,3.625,2004-07-31
"20040801","NOIRMOUTIER EN",47.004667,-2.257167,25.8791666666667,16.275,57.7083333333333,3.45833333333333,2004-08-01
"20040802","NOIRMOUTIER EN",47.004667,-2.257167,21.8458333333333,17.7583333333333,78.5,4.20833333333333,2004-08-02
"20040803","NOIRMOUTIER EN",47.004667,-2.257167,20.1708333333333,17.7625,86.4166666666667,3.20833333333333,2004-08-03
"20040804","NOIRMOUTIER EN",47.004667,-2.257167,19.7083333333333,16.7166666666667,83.3333333333333,3.95833333333333,2004-08-04
"20040805","NOIRMOUTIER EN",47.004667,-2.257167,19.2708333333333,15.9458333333333,81.375,3.75,2004-08-05
"20040806","NOIRMOUTIER EN",47.004667,-2.257167,19.1166666666667,15.2583333333333,79.3333333333333,2.54166666666667,2004-08-06
"20040807","NOIRMOUTIER EN",47.004667,-2.257167,22.3666666666667,16.9,72.7916666666667,2.45833333333333,2004-08-07
"20040808","NOIRMOUTIER EN",47.004667,-2.257167,22.5666666666667,18.5291666666667,78.5416666666667,4.20833333333333,2004-08-08
"20040809","NOIRMOUTIER EN",47.004667,-2.257167,19.45,15.5458333333333,78.9166666666667,1.33333333333333,2004-08-09
"20040810","NOIRMOUTIER EN",47.004667,-2.257167,20.1708333333333,16.0833333333333,78.375,3.125,2004-08-10
"20040811","NOIRMOUTIER EN",47.004667,-2.257167,19.625,16.8166666666667,84.0833333333333,5.875,2004-08-11
"20040812","NOIRMOUTIER EN",47.004667,-2.257167,19.3666666666667,15.8291666666667,80.125,9.5,2004-08-12
"20040813","NOIRMOUTIER EN",47.004667,-2.257167,19.4875,14.6833333333333,74.0833333333333,7.25,2004-08-13
"20040814","NOIRMOUTIER EN",47.004667,-2.257167,20.0875,18.35,89.75,4.08333333333333,2004-08-14
"20040815","NOIRMOUTIER EN",47.004667,-2.257167,21.4041666666667,18.0583333333333,82.25,2.45833333333333,2004-08-15
"20040816","NOIRMOUTIER EN",47.004667,-2.257167,20.1458333333333,16.7916666666667,81.25,5.375,2004-08-16
"20040817","NOIRMOUTIER EN",47.004667,-2.257167,20.325,16.7666666666667,80.1666666666667,6.08333333333333,2004-08-17
"20040818","NOIRMOUTIER EN",47.004667,-2.257167,20.0125,15.8666666666667,77.5416666666667,8.83333333333333,2004-08-18
"20040819","NOIRMOUTIER EN",47.004667,-2.257167,19.0833333333333,15.0041666666667,77.2916666666667,8.375,2004-08-19
"20040820","NOIRMOUTIER EN",47.004667,-2.257167,18.275,13.7,74.7916666666667,9.125,2004-08-20
"20040821","NOIRMOUTIER EN",47.004667,-2.257167,17.6875,10.7541666666667,64.2916666666667,4.04166666666667,2004-08-21
"20040822","NOIRMOUTIER EN",47.004667,-2.257167,18.7958333333333,13.5125,71.875,3.5,2004-08-22
"20040823","NOIRMOUTIER EN",47.004667,-2.257167,19.875,16.375,80.5,6.79166666666667,2004-08-23
"20040824","NOIRMOUTIER EN",47.004667,-2.257167,18.6333333333333,13.325,71.5416666666667,8.83333333333333,2004-08-24
"20040825","NOIRMOUTIER EN",47.004667,-2.257167,17.8125,13.8208333333333,77.6666666666667,9.08333333333333,2004-08-25
"20040826","NOIRMOUTIER EN",47.004667,-2.257167,18.15,14.1708333333333,77.75,5.25,2004-08-26
"20040827","NOIRMOUTIER EN",47.004667,-2.257167,18.2041666666667,14.2958333333333,78.5416666666667,5.83333333333333,2004-08-27
"20040828","NOIRMOUTIER EN",47.004667,-2.257167,18.7375,16.2416666666667,85.6666666666667,5.41666666666667,2004-08-28
"20040829","NOIRMOUTIER EN",47.004667,-2.257167,18.1791666666667,15.0916666666667,82.4166666666667,4.70833333333333,2004-08-29
"20040830","NOIRMOUTIER EN",47.004667,-2.257167,17.8166666666667,12.0458333333333,69.4166666666667,5.25,2004-08-30
"20040831","NOIRMOUTIER EN",47.004667,-2.257167,16.5625,11.6208333333333,73.375,2.625,2004-08-31
"20040901","NOIRMOUTIER EN",47.004667,-2.257167,17.9958333333333,11.8791666666667,68.875,3.08333333333333,2004-09-01
"20040902","NOIRMOUTIER EN",47.004667,-2.257167,18.4083333333333,14.2208333333333,77.7916666666667,2.58333333333333,2004-09-02
"20040903","NOIRMOUTIER EN",47.004667,-2.257167,19.7208333333333,15.8125,78.8333333333333,2.79166666666667,2004-09-03
"20040904","NOIRMOUTIER EN",47.004667,-2.257167,23.4875,16.6625,67.375,4.33333333333333,2004-09-04
"20040905","NOIRMOUTIER EN",47.004667,-2.257167,25,15.1625,56.6666666666667,5.125,2004-09-05
"20040906","NOIRMOUTIER EN",47.004667,-2.257167,24.4333333333333,14.8541666666667,56.5416666666667,5.04166666666667,2004-09-06
"20040907","NOIRMOUTIER EN",47.004667,-2.257167,24.8833333333333,14.3958333333333,53.4583333333333,5.5,2004-09-07
"20040908","NOIRMOUTIER EN",47.004667,-2.257167,24.8333333333333,14.8458333333333,55.3333333333333,4.95833333333333,2004-09-08
"20040909","NOIRMOUTIER EN",47.004667,-2.257167,22.5,16.4208333333333,69.75,4.29166666666667,2004-09-09
"20040910","NOIRMOUTIER EN",47.004667,-2.257167,20.4,17.6375,84.375,6.25,2004-09-10
"20040911","NOIRMOUTIER EN",47.004667,-2.257167,20.075,15.7958333333333,76.6666666666667,7.75,2004-09-11
"20040912","NOIRMOUTIER EN",47.004667,-2.257167,17.8458333333333,10.9625,64.3333333333333,4.16666666666667,2004-09-12
"20040913","NOIRMOUTIER EN",47.004667,-2.257167,18.3,13.2958333333333,72.875,8.5,2004-09-13
"20040914","NOIRMOUTIER EN",47.004667,-2.257167,17.7541666666667,11.6291666666667,67.625,7.83333333333333,2004-09-14
"20040915","NOIRMOUTIER EN",47.004667,-2.257167,16.2833333333333,9.72083333333333,65.8333333333333,4.20833333333333,2004-09-15
"20040916","NOIRMOUTIER EN",47.004667,-2.257167,14.925,7.87083333333333,64.0833333333333,1.875,2004-09-16
"20040917","NOIRMOUTIER EN",47.004667,-2.257167,17.3583333333333,12.4041666666667,73.5,4,2004-09-17
"20040918","NOIRMOUTIER EN",47.004667,-2.257167,18.6666666666667,15.75,83.4166666666667,5.625,2004-09-18
"20040919","NOIRMOUTIER EN",47.004667,-2.257167,16.2375,10.2875,68.7083333333333,3.54166666666667,2004-09-19
"20040920","NOIRMOUTIER EN",47.004667,-2.257167,17.3458333333333,11.5166666666667,69.0833333333333,6.95833333333333,2004-09-20
"20040921","NOIRMOUTIER EN",47.004667,-2.257167,16.8166666666667,10.7333333333333,67.7916666666667,5.08333333333333,2004-09-21
"20040922","NOIRMOUTIER EN",47.004667,-2.257167,16.1208333333333,11.2416666666667,73,5.625,2004-09-22
"20040923","NOIRMOUTIER EN",47.004667,-2.257167,17.675,15.45,86.9166666666667,7.91666666666667,2004-09-23
"20040924","NOIRMOUTIER EN",47.004667,-2.257167,15.7375,9.17083333333333,66.5416666666667,5.20833333333333,2004-09-24
"20040925","NOIRMOUTIER EN",47.004667,-2.257167,14.4666666666667,8.15416666666667,66.625,3.83333333333333,2004-09-25
"20040926","NOIRMOUTIER EN",47.004667,-2.257167,16.6458333333333,13.725,82.9583333333333,3.5,2004-09-26
"20040927","NOIRMOUTIER EN",47.004667,-2.257167,15.5875,12.4958333333333,81.9166666666667,2.20833333333333,2004-09-27
"20040928","NOIRMOUTIER EN",47.004667,-2.257167,15.2125,11.1958333333333,77.375,1.25,2004-09-28
"20040929","NOIRMOUTIER EN",47.004667,-2.257167,14.7666666666667,12.0666666666667,84.5,1.5,2004-09-29
"20040930","NOIRMOUTIER EN",47.004667,-2.257167,16.3,14.6458333333333,90.0833333333333,3.33333333333333,2004-09-30
"20041001","NOIRMOUTIER EN",47.004667,-2.257167,16.1583333333333,11.7541666666667,75.5833333333333,3.41666666666667,2004-10-01
"20041002","NOIRMOUTIER EN",47.004667,-2.257167,15.7875,11.3083333333333,75.5,3.08333333333333,2004-10-02
"20041003","NOIRMOUTIER EN",47.004667,-2.257167,16.2416666666667,13.6458333333333,85.0833333333333,3.75,2004-10-03
"20041004","NOIRMOUTIER EN",47.004667,-2.257167,17.5291666666667,15.5666666666667,88.5416666666667,5.58333333333333,2004-10-04
"20041005","NOIRMOUTIER EN",47.004667,-2.257167,14.65,11.3958333333333,81.1666666666667,2.79166666666667,2004-10-05
"20041006","NOIRMOUTIER EN",47.004667,-2.257167,14.6583333333333,10.0958333333333,74.625,2.41666666666667,2004-10-06
"20041007","NOIRMOUTIER EN",47.004667,-2.257167,12.9,8.69583333333333,76.7083333333333,2.875,2004-10-07
"20041008","NOIRMOUTIER EN",47.004667,-2.257167,13.1541666666667,9.8375,80.375,7.125,2004-10-08
"20041009","NOIRMOUTIER EN",47.004667,-2.257167,14.4375,12.7125,89.4583333333333,5.58333333333333,2004-10-09
"20041010","NOIRMOUTIER EN",47.004667,-2.257167,15.3291666666667,12.675,84.4583333333333,4.375,2004-10-10
"20041011","NOIRMOUTIER EN",47.004667,-2.257167,14.8625,13.8458333333333,93.6666666666667,7.375,2004-10-11
"20041012","NOIRMOUTIER EN",47.004667,-2.257167,15.2166666666667,12.45,83.8333333333333,5.875,2004-10-12
"20041013","NOIRMOUTIER EN",47.004667,-2.257167,13.85,11.4416666666667,85.5833333333333,6.625,2004-10-13
"20041014","NOIRMOUTIER EN",47.004667,-2.257167,13.1791666666667,9.34166666666667,77.75,8.25,2004-10-14
"20041015","NOIRMOUTIER EN",47.004667,-2.257167,11.5291666666667,6.81666666666667,73.25,7.83333333333333,2004-10-15
"20041016","NOIRMOUTIER EN",47.004667,-2.257167,11.475,7.6125,77.3333333333333,5.83333333333333,2004-10-16
"20041017","NOIRMOUTIER EN",47.004667,-2.257167,13.1375,9.25416666666667,77.375,5.45833333333333,2004-10-17
"20041018","NOIRMOUTIER EN",47.004667,-2.257167,11.6583333333333,9.30416666666667,85.7083333333333,2.375,2004-10-18
"20041019","NOIRMOUTIER EN",47.004667,-2.257167,14.8916666666667,13.2,89.9583333333333,2.7375,2004-10-19
"20041020","NOIRMOUTIER EN",47.004667,-2.257167,17.1416666666667,14.825,86.375,8.84583333333333,2004-10-20
"20041021","NOIRMOUTIER EN",47.004667,-2.257167,14.7458333333333,9.79583333333333,72.5833333333333,7.87083333333333,2004-10-21
"20041022","NOIRMOUTIER EN",47.004667,-2.257167,16.2416666666667,13.0208333333333,81.4166666666667,6.06666666666667,2004-10-22
"20041023","NOIRMOUTIER EN",47.004667,-2.257167,17.125,14.7875,86.2916666666667,5.97083333333333,2004-10-23
"20041024","NOIRMOUTIER EN",47.004667,-2.257167,16.6166666666667,13.8666666666667,84,6.275,2004-10-24
"20041025","NOIRMOUTIER EN",47.004667,-2.257167,14.3458333333333,10.6333333333333,78.7916666666667,5.83333333333333,2004-10-25
"20041026","NOIRMOUTIER EN",47.004667,-2.257167,12.6083333333333,9.65833333333333,83.125,2.25833333333333,2004-10-26
"20041027","NOIRMOUTIER EN",47.004667,-2.257167,14.2833333333333,11.0416666666667,81.0416666666667,8.24583333333333,2004-10-27
"20041028","NOIRMOUTIER EN",47.004667,-2.257167,14.7083333333333,9.97916666666667,73.625,9.7875,2004-10-28
"20041029","NOIRMOUTIER EN",47.004667,-2.257167,14.0333333333333,10.475,79.4166666666667,9.79583333333333,2004-10-29
"20041030","NOIRMOUTIER EN",47.004667,-2.257167,13.5625,10.9541666666667,84.3333333333333,4.94583333333333,2004-10-30
"20041031","NOIRMOUTIER EN",47.004667,-2.257167,13.075,9.175,77.5416666666667,4.74583333333333,2004-10-31
"20041101","NOIRMOUTIER EN",47.004667,-2.257167,10.6375,7.725,82.3333333333333,5.39583333333333,2004-11-01
"20041102","NOIRMOUTIER EN",47.004667,-2.257167,10.5416666666667,8.925,89.75,3.2625,2004-11-02
"20041103","NOIRMOUTIER EN",47.004667,-2.257167,11.6666666666667,9.8625,89,2.67916666666667,2004-11-03
"20041104","NOIRMOUTIER EN",47.004667,-2.257167,11.6,9.8875,89.5416666666667,2.375,2004-11-04
"20041105","NOIRMOUTIER EN",47.004667,-2.257167,10.6083333333333,5.9,73.2083333333333,4.05416666666667,2004-11-05
"20041106","NOIRMOUTIER EN",47.004667,-2.257167,10.9458333333333,7.75416666666667,80.9583333333333,2.77083333333333,2004-11-06
"20041107","NOIRMOUTIER EN",47.004667,-2.257167,12.3541666666667,10.9958333333333,91.4166666666667,2.47916666666667,2004-11-07
"20041108","NOIRMOUTIER EN",47.004667,-2.257167,12.0416666666667,10.5416666666667,90.7916666666667,2.9875,2004-11-08
"20041109","NOIRMOUTIER EN",47.004667,-2.257167,12.0666666666667,9.4125,84,5.45,2004-11-09
"20041110","NOIRMOUTIER EN",47.004667,-2.257167,10.1208333333333,6.05,75.9166666666667,6.46666666666667,2004-11-10
"20041111","NOIRMOUTIER EN",47.004667,-2.257167,10.2708333333333,5.99583333333333,75.2083333333333,6.53333333333333,2004-11-11
"20041112","NOIRMOUTIER EN",47.004667,-2.257167,8.6875,5.55,80.9166666666667,2.85416666666667,2004-11-12
"20041113","NOIRMOUTIER EN",47.004667,-2.257167,9.15416666666667,4.31666666666667,72.4166666666667,6.37083333333333,2004-11-13
"20041114","NOIRMOUTIER EN",47.004667,-2.257167,7.47083333333333,2.44166666666667,70.625,4.87916666666667,2004-11-14
"20041115","NOIRMOUTIER EN",47.004667,-2.257167,8.24166666666667,3.87916666666667,74.0833333333333,3.19583333333333,2004-11-15
"20041116","NOIRMOUTIER EN",47.004667,-2.257167,11.2375,7.44583333333333,77.8333333333333,2.99583333333333,2004-11-16
"20041117","NOIRMOUTIER EN",47.004667,-2.257167,11.1,9.4125,89.4583333333333,2.4625,2004-11-17
"20041118","NOIRMOUTIER EN",47.004667,-2.257167,11.4833333333333,8.71666666666667,83.3333333333333,6.17083333333333,2004-11-18
"20041119","NOIRMOUTIER EN",47.004667,-2.257167,10.6208333333333,6.55416666666667,76.375,5.10416666666667,2004-11-19
"20041120","NOIRMOUTIER EN",47.004667,-2.257167,9.25833333333333,5.75,79.3333333333333,2.4875,2004-11-20
"20041121","NOIRMOUTIER EN",47.004667,-2.257167,12.6833333333333,10.8416666666667,88.8333333333333,2.975,2004-11-21
"20041122","NOIRMOUTIER EN",47.004667,-2.257167,11.4583333333333,9.64166666666667,88.9583333333333,1.88333333333333,2004-11-22
"20041123","NOIRMOUTIER EN",47.004667,-2.257167,11.7375,10.3208333333333,91.25,1.44583333333333,2004-11-23
"20041124","NOIRMOUTIER EN",47.004667,-2.257167,11.0708333333333,8.8,86.75,2.33333333333333,2004-11-24
"20041125","NOIRMOUTIER EN",47.004667,-2.257167,7.575,5.90833333333333,89.375,2.75833333333333,2004-11-25
"20041126","NOIRMOUTIER EN",47.004667,-2.257167,11.5708333333333,10.45,93,3.14166666666667,2004-11-26
"20041127","NOIRMOUTIER EN",47.004667,-2.257167,10.9333333333333,9.94166666666667,93.7916666666667,2.15416666666667,2004-11-27
"20041128","NOIRMOUTIER EN",47.004667,-2.257167,9.61666666666667,7.63333333333333,87.7083333333333,3.7875,2004-11-28
"20041129","NOIRMOUTIER EN",47.004667,-2.257167,9.04583333333333,5.6,79.0833333333333,4.25,2004-11-29
"20041130","NOIRMOUTIER EN",47.004667,-2.257167,6.775,4.97083333333333,88.7916666666667,1.95416666666667,2004-11-30
"20041201","NOIRMOUTIER EN",47.004667,-2.257167,7.20416666666667,3.25833333333333,76.375,5.15416666666667,2004-12-01
"20041202","NOIRMOUTIER EN",47.004667,-2.257167,5.4875,2.20833333333333,79.75,7.09583333333333,2004-12-02
"20041203","NOIRMOUTIER EN",47.004667,-2.257167,7.59166666666667,4.61666666666667,81.5833333333333,4.29166666666667,2004-12-03
"20041204","NOIRMOUTIER EN",47.004667,-2.257167,3.7,2.60416666666667,92.7083333333333,3.57916666666667,2004-12-04
"20041205","NOIRMOUTIER EN",47.004667,-2.257167,5.36666666666667,4.21666666666667,92.2916666666667,1.9625,2004-12-05
"20041206","NOIRMOUTIER EN",47.004667,-2.257167,7.97916666666667,4.8375,81.0833333333333,2.66666666666667,2004-12-06
"20041207","NOIRMOUTIER EN",47.004667,-2.257167,6.425,2.5,76,3.725,2004-12-07
"20041208","NOIRMOUTIER EN",47.004667,-2.257167,4.6125,1.78333333333333,81.875,4.12916666666667,2004-12-08
"20041209","NOIRMOUTIER EN",47.004667,-2.257167,2.29166666666667,0.241666666666667,86.2916666666667,2.5,2004-12-09
"20041210","NOIRMOUTIER EN",47.004667,-2.257167,3.5,2.10416666666667,90.6666666666667,3.17083333333333,2004-12-10
"20041211","NOIRMOUTIER EN",47.004667,-2.257167,1.73333333333333,1.29583333333333,96.7083333333333,4.675,2004-12-11
"20041212","NOIRMOUTIER EN",47.004667,-2.257167,2.50833333333333,0.975,90,4.42083333333333,2004-12-12
"20041213","NOIRMOUTIER EN",47.004667,-2.257167,4.65833333333333,2.9625,89.0416666666667,3.30833333333333,2004-12-13
"20041214","NOIRMOUTIER EN",47.004667,-2.257167,6.2125,4.675,90.0416666666667,2.17083333333333,2004-12-14
"20041215","NOIRMOUTIER EN",47.004667,-2.257167,8.50416666666667,7.8125,95.375,2.92916666666667,2004-12-15
"20041216","NOIRMOUTIER EN",47.004667,-2.257167,10.4166666666667,8.725,89.625,6.425,2004-12-16
"20041217","NOIRMOUTIER EN",47.004667,-2.257167,10.9583333333333,7.49166666666667,79.5416666666667,9.8375,2004-12-17
"20041218","NOIRMOUTIER EN",47.004667,-2.257167,10.4333333333333,8.40833333333333,87.625,5.90833333333333,2004-12-18
"20041219","NOIRMOUTIER EN",47.004667,-2.257167,10.0291666666667,7.725,85.75,8.825,2004-12-19
"20041220","NOIRMOUTIER EN",47.004667,-2.257167,2.99166666666667,-0.7375,76.75,3.49583333333333,2004-12-20
"20041221","NOIRMOUTIER EN",47.004667,-2.257167,5.23333333333333,3.52083333333333,89.0416666666667,1.6625,2004-12-21
"20041222","NOIRMOUTIER EN",47.004667,-2.257167,7.50833333333333,6.72916666666667,94.8333333333333,4.80833333333333,2004-12-22
"20041223","NOIRMOUTIER EN",47.004667,-2.257167,11.1875,9.7375,90.9583333333333,6.16666666666667,2004-12-23
"20041224","NOIRMOUTIER EN",47.004667,-2.257167,11.4875,10.1416666666667,91.4583333333333,7.63333333333333,2004-12-24
"20041225","NOIRMOUTIER EN",47.004667,-2.257167,6.93333333333333,3.17083333333333,76.9583333333333,5.7,2004-12-25
"20041226","NOIRMOUTIER EN",47.004667,-2.257167,4.9625,1.35833333333333,77.7083333333333,5.6125,2004-12-26
"20041227","NOIRMOUTIER EN",47.004667,-2.257167,5.8125,2.1375,77.4583333333333,3.31666666666667,2004-12-27
"20041228","NOIRMOUTIER EN",47.004667,-2.257167,8.75,4.57916666666667,75.6666666666667,7.28333333333333,2004-12-28
"20041229","NOIRMOUTIER EN",47.004667,-2.257167,8.49166666666667,5.82083333333333,83.5,3.51666666666667,2004-12-29
"20041230","NOIRMOUTIER EN",47.004667,-2.257167,10.4708333333333,9.85,96,2.275,2004-12-30
"20041231","NOIRMOUTIER EN",47.004667,-2.257167,11.1708333333333,9.95416666666667,92.2916666666667,4.17916666666667,2004-12-31
"20050101","NOIRMOUTIER EN",47.004667,-2.257167,11.4083333333333,10.725,95.5,5.72916666666667,2005-01-01
"20050102","NOIRMOUTIER EN",47.004667,-2.257167,9.20416666666667,5.94583333333333,80.375,4,2005-01-02
"20050103","NOIRMOUTIER EN",47.004667,-2.257167,6.675,5.05,89.875,1.94583333333333,2005-01-03
"20050104","NOIRMOUTIER EN",47.004667,-2.257167,9.02083333333333,7.62083333333333,91.3333333333333,3.88333333333333,2005-01-04
"20050105","NOIRMOUTIER EN",47.004667,-2.257167,11.6666666666667,10.9875,95.6666666666667,6.61666666666667,2005-01-05
"20050106","NOIRMOUTIER EN",47.004667,-2.257167,10.9291666666667,9.575,91.5,3.77916666666667,2005-01-06
"20050107","NOIRMOUTIER EN",47.004667,-2.257167,11.4916666666667,10.4541666666667,93.375,5.575,2005-01-07
"20050108","NOIRMOUTIER EN",47.004667,-2.257167,10.6458333333333,8.70416666666667,88.0416666666667,6.2875,2005-01-08
"20050109","NOIRMOUTIER EN",47.004667,-2.257167,11.5875,10.2458333333333,91.5833333333333,4.84166666666667,2005-01-09
"20050110","NOIRMOUTIER EN",47.004667,-2.257167,11.4666666666667,10.0375,91.0833333333333,6.22083333333333,2005-01-10
"20050111","NOIRMOUTIER EN",47.004667,-2.257167,12.2875,10.3291666666667,87.9166666666667,7.22083333333333,2005-01-11
"20050112","NOIRMOUTIER EN",47.004667,-2.257167,10.1125,7.92083333333333,86.75,1.69166666666667,2005-01-12
"20050113","NOIRMOUTIER EN",47.004667,-2.257167,5.95416666666667,4.9125,93.2916666666667,2.08333333333333,2005-01-13
"20050114","NOIRMOUTIER EN",47.004667,-2.257167,5.99583333333333,4.84583333333333,92.5,4.1,2005-01-14
"20050115","NOIRMOUTIER EN",47.004667,-2.257167,7.67916666666667,3.64583333333333,76.3333333333333,2.95416666666667,2005-01-15
"20050116","NOIRMOUTIER EN",47.004667,-2.257167,7.74166666666667,6.25416666666667,90.375,2.19583333333333,2005-01-16
"20050117","NOIRMOUTIER EN",47.004667,-2.257167,10.4833333333333,9.68333333333333,94.875,5.98333333333333,2005-01-17
"20050118","NOIRMOUTIER EN",47.004667,-2.257167,8.89583333333333,4.35416666666667,73.3333333333333,11.8541666666667,2005-01-18
"20050119","NOIRMOUTIER EN",47.004667,-2.257167,10.1208333333333,7.925,86.7083333333333,7.12083333333333,2005-01-19
"20050120","NOIRMOUTIER EN",47.004667,-2.257167,11.125,9.5875,90.2916666666667,8.40833333333333,2005-01-20
"20050121","NOIRMOUTIER EN",47.004667,-2.257167,11.0041666666667,9.62916666666667,91.3333333333333,6.72916666666667,2005-01-21
"20050122","NOIRMOUTIER EN",47.004667,-2.257167,10.8166666666667,9.48333333333333,91.5,5.70833333333333,2005-01-22
"20050123","NOIRMOUTIER EN",47.004667,-2.257167,7.38333333333333,4.00416666666667,79.75,8.29166666666667,2005-01-23
"20050124","NOIRMOUTIER EN",47.004667,-2.257167,4.92916666666667,-0.404166666666667,68.8333333333333,5.95833333333333,2005-01-24
"20050125","NOIRMOUTIER EN",47.004667,-2.257167,3.65,0.208333333333333,78.5416666666667,5.56666666666667,2005-01-25
"20050126","NOIRMOUTIER EN",47.004667,-2.257167,1.6125,-5.06666666666667,62.0833333333333,7.83333333333333,2005-01-26
"20050127","NOIRMOUTIER EN",47.004667,-2.257167,3.44166666666667,-0.933333333333333,73.4583333333333,4.125,2005-01-27
"20050128","NOIRMOUTIER EN",47.004667,-2.257167,7.20416666666667,4.10833333333333,80.8333333333333,5.74583333333333,2005-01-28
"20050129","NOIRMOUTIER EN",47.004667,-2.257167,6.675,3.21666666666667,78.875,5.26666666666667,2005-01-29
"20050130","NOIRMOUTIER EN",47.004667,-2.257167,5.25,2.70833333333333,83.7916666666667,2.67083333333333,2005-01-30
"20050131","NOIRMOUTIER EN",47.004667,-2.257167,7.3875,4.0875,79.625,3.10416666666667,2005-01-31
"20050201","NOIRMOUTIER EN",47.004667,-2.257167,8.98333333333333,7.16666666666667,88.4166666666667,3.5375,2005-02-01
"20050202","NOIRMOUTIER EN",47.004667,-2.257167,8.36666666666667,6.42083333333333,87.7916666666667,2.40416666666667,2005-02-02
"20050203","NOIRMOUTIER EN",47.004667,-2.257167,6.97916666666667,1.63333333333333,69.5,4.44583333333333,2005-02-03
"20050204","NOIRMOUTIER EN",47.004667,-2.257167,6.55416666666667,1.75,71.75,2.925,2005-02-04
"20050205","NOIRMOUTIER EN",47.004667,-2.257167,6.79166666666667,3.825,81.5416666666667,3.17916666666667,2005-02-05
"20050206","NOIRMOUTIER EN",47.004667,-2.257167,7.45833333333333,4.94166666666667,84.4583333333333,3.05,2005-02-06
"20050207","NOIRMOUTIER EN",47.004667,-2.257167,6.30833333333333,3.71666666666667,83.9583333333333,2.5,2005-02-07
"20050208","NOIRMOUTIER EN",47.004667,-2.257167,6.725,3.67083333333333,81.8333333333333,1.725,2005-02-08
"20050209","NOIRMOUTIER EN",47.004667,-2.257167,6.15,4.875,91.6666666666667,1.67916666666667,2005-02-09
"20050210","NOIRMOUTIER EN",47.004667,-2.257167,9.17083333333333,7.36666666666667,88.7083333333333,5.2125,2005-02-10
"20050211","NOIRMOUTIER EN",47.004667,-2.257167,11.15,10.6333333333333,96.5416666666667,8.11666666666667,2005-02-11
"20050212","NOIRMOUTIER EN",47.004667,-2.257167,10.9166666666667,9.575,91.7083333333333,8.74583333333333,2005-02-12
"20050213","NOIRMOUTIER EN",47.004667,-2.257167,8.24166666666667,4.2,75.7916666666667,9.22083333333333,2005-02-13
"20050214","NOIRMOUTIER EN",47.004667,-2.257167,6.725,2.05833333333333,72.625,6.16666666666667,2005-02-14
"20050215","NOIRMOUTIER EN",47.004667,-2.257167,5.66666666666667,0.466666666666667,69.75,6.57083333333333,2005-02-15
"20050216","NOIRMOUTIER EN",47.004667,-2.257167,4.775,0.3375,73.1666666666667,5.7375,2005-02-16
"20050217","NOIRMOUTIER EN",47.004667,-2.257167,5.26666666666667,-0.2375,68,3.03333333333333,2005-02-17
"20050218","NOIRMOUTIER EN",47.004667,-2.257167,6.81666666666667,3.42916666666667,79.1666666666667,2.775,2005-02-18
"20050219","NOIRMOUTIER EN",47.004667,-2.257167,7.09583333333333,2.59166666666667,73.5416666666667,5.17083333333333,2005-02-19
"20050220","NOIRMOUTIER EN",47.004667,-2.257167,4.525,-1.4,66,4.675,2005-02-20
"20050221","NOIRMOUTIER EN",47.004667,-2.257167,3.44166666666667,0.266666666666667,79.75,3.9125,2005-02-21
"20050222","NOIRMOUTIER EN",47.004667,-2.257167,1.65,-0.904166666666667,83.875,4.37916666666667,2005-02-22
"20050223","NOIRMOUTIER EN",47.004667,-2.257167,1.87083333333333,-2.52916666666667,73.0416666666667,3.25,2005-02-23
"20050224","NOIRMOUTIER EN",47.004667,-2.257167,2.475,-1.48333333333333,75.8333333333333,2.34166666666667,2005-02-24
"20050225","NOIRMOUTIER EN",47.004667,-2.257167,1.8375,-0.229166666666667,86.3333333333333,5.49583333333333,2005-02-25
"20050226","NOIRMOUTIER EN",47.004667,-2.257167,2.2625,-2.22083333333333,74.4166666666667,7.05416666666667,2005-02-26
"20050227","NOIRMOUTIER EN",47.004667,-2.257167,2.8,-5.00416666666667,60,6.825,2005-02-27
"20050228","NOIRMOUTIER EN",47.004667,-2.257167,-0.995833333333333,-11.1208333333333,47.4583333333333,5.55833333333333,2005-02-28
"20050301","NOIRMOUTIER EN",47.004667,-2.257167,0.441666666666667,-6.23333333333333,61.0416666666667,3.45416666666667,2005-03-01
"20050302","NOIRMOUTIER EN",47.004667,-2.257167,4.19583333333333,1.45,83.5,4.86666666666667,2005-03-02
"20050303","NOIRMOUTIER EN",47.004667,-2.257167,2.79583333333333,-0.575,78.9166666666667,7.34583333333333,2005-03-03
"20050304","NOIRMOUTIER EN",47.004667,-2.257167,4.13333333333333,-0.35,73.25,5.7875,2005-03-04
"20050305","NOIRMOUTIER EN",47.004667,-2.257167,5.62916666666667,0.895833333333333,72.0416666666667,5.35416666666667,2005-03-05
"20050306","NOIRMOUTIER EN",47.004667,-2.257167,2.81666666666667,-2.62916666666667,69.0833333333333,5.54583333333333,2005-03-06
"20050307","NOIRMOUTIER EN",47.004667,-2.257167,4.2625,-1.8625,64.875,3.19166666666667,2005-03-07
"20050308","NOIRMOUTIER EN",47.004667,-2.257167,6.525,1.9875,73,2.1,2005-03-08
"20050309","NOIRMOUTIER EN",47.004667,-2.257167,6.975,1.425,68.375,1.62083333333333,2005-03-09
"20050310","NOIRMOUTIER EN",47.004667,-2.257167,6.05833333333333,-0.545833333333333,62.9166666666667,2.04166666666667,2005-03-10
"20050311","NOIRMOUTIER EN",47.004667,-2.257167,6.52083333333333,1.825,72.5,3.33333333333333,2005-03-11
"20050312","NOIRMOUTIER EN",47.004667,-2.257167,8.12916666666667,3.32083333333333,71.875,4.4375,2005-03-12
"20050313","NOIRMOUTIER EN",47.004667,-2.257167,6.8125,0.375,64.2916666666667,1.95416666666667,2005-03-13
"20050314","NOIRMOUTIER EN",47.004667,-2.257167,7.9625,2.65416666666667,70.0833333333333,1.82916666666667,2005-03-14
"20050315","NOIRMOUTIER EN",47.004667,-2.257167,9.1,5.75416666666667,80.2083333333333,3.2875,2005-03-15
"20050316","NOIRMOUTIER EN",47.004667,-2.257167,10.8291666666667,8.22083333333333,84.25,3.93333333333333,2005-03-16
"20050317","NOIRMOUTIER EN",47.004667,-2.257167,11.3166666666667,10.6041666666667,95.4583333333333,3.10416666666667,2005-03-17
"20050318","NOIRMOUTIER EN",47.004667,-2.257167,14.0125,10.1333333333333,80.0416666666667,3.1875,2005-03-18
"20050319","NOIRMOUTIER EN",47.004667,-2.257167,14.6416666666667,10.2666666666667,76.25,3.025,2005-03-19
"20050320","NOIRMOUTIER EN",47.004667,-2.257167,14.3,7.41666666666667,64.9166666666667,3.5875,2005-03-20
"20050321","NOIRMOUTIER EN",47.004667,-2.257167,14.2916666666667,9.4,72.9166666666667,4.39583333333333,2005-03-21
"20050322","NOIRMOUTIER EN",47.004667,-2.257167,12.4583333333333,10.1541666666667,86.0833333333333,5.4125,2005-03-22
"20050323","NOIRMOUTIER EN",47.004667,-2.257167,13.6333333333333,9.50833333333333,77.25,3.67916666666667,2005-03-23
"20050324","NOIRMOUTIER EN",47.004667,-2.257167,12.4125,9.98333333333333,85.5,3.7,2005-03-24
"20050325","NOIRMOUTIER EN",47.004667,-2.257167,14.0083333333333,9.575,76.0416666666667,3.84166666666667,2005-03-25
"20050326","NOIRMOUTIER EN",47.004667,-2.257167,11.675,10.1833333333333,90.75,2.825,2005-03-26
"20050327","NOIRMOUTIER EN",47.004667,-2.257167,12.1958333333333,11.0375,92.7916666666667,4.14166666666667,2005-03-27
"20050328","NOIRMOUTIER EN",47.004667,-2.257167,12.0791666666667,10.3041666666667,89.125,5.74166666666667,2005-03-28
"20050329","NOIRMOUTIER EN",47.004667,-2.257167,11.7791666666667,10.5541666666667,92.375,6.92916666666667,2005-03-29
"20050330","NOIRMOUTIER EN",47.004667,-2.257167,11.3166666666667,9.52916666666667,88.9583333333333,6.05,2005-03-30
"20050331","NOIRMOUTIER EN",47.004667,-2.257167,10.7375,7.47083333333333,81,2.35,2005-03-31
"20050401","NOIRMOUTIER EN",47.004667,-2.257167,13.2625,7.8375,70.9166666666667,4.31666666666667,2005-04-01
"20050402","NOIRMOUTIER EN",47.004667,-2.257167,13.0333333333333,8.99166666666667,76.8333333333333,5.3125,2005-04-02
"20050403","NOIRMOUTIER EN",47.004667,-2.257167,12,8.55,79.7083333333333,3.85416666666667,2005-04-03
"20050404","NOIRMOUTIER EN",47.004667,-2.257167,10.8625,9.14583333333333,89.625,2.96666666666667,2005-04-04
"20050405","NOIRMOUTIER EN",47.004667,-2.257167,10.1708333333333,6.95416666666667,81.1666666666667,2.09166666666667,2005-04-05
"20050406","NOIRMOUTIER EN",47.004667,-2.257167,11.3375,9.41666666666667,88.0833333333333,4.43333333333333,2005-04-06
"20050407","NOIRMOUTIER EN",47.004667,-2.257167,10.6416666666667,6.68333333333333,76.625,6.30833333333333,2005-04-07
"20050408","NOIRMOUTIER EN",47.004667,-2.257167,7.48333333333333,3.22916666666667,74.5,7.15833333333333,2005-04-08
"20050409","NOIRMOUTIER EN",47.004667,-2.257167,7.2625,-0.6125,58.4166666666667,5.54166666666667,2005-04-09
"20050410","NOIRMOUTIER EN",47.004667,-2.257167,9.70833333333333,5.4625,75,5.24166666666667,2005-04-10
"20050411","NOIRMOUTIER EN",47.004667,-2.257167,11.8958333333333,7.37916666666667,74.6666666666667,4.6375,2005-04-11
"20050412","NOIRMOUTIER EN",47.004667,-2.257167,10.5333333333333,7.47916666666667,81.7083333333333,4.75416666666667,2005-04-12
"20050413","NOIRMOUTIER EN",47.004667,-2.257167,11.3666666666667,9.95833333333333,91.1666666666667,4.95416666666667,2005-04-13
"20050414","NOIRMOUTIER EN",47.004667,-2.257167,10.325,7.4375,82.9166666666667,4.97083333333333,2005-04-14
"20050415","NOIRMOUTIER EN",47.004667,-2.257167,8.17083333333333,4.5625,78.4166666666667,2.5625,2005-04-15
"20050416","NOIRMOUTIER EN",47.004667,-2.257167,9.78333333333333,5.73333333333333,76.2083333333333,5.95416666666667,2005-04-16
"20050417","NOIRMOUTIER EN",47.004667,-2.257167,9.48333333333333,7.57916666666667,88.1666666666667,4.82916666666667,2005-04-17
"20050418","NOIRMOUTIER EN",47.004667,-2.257167,10.9791666666667,7.5,79.5833333333333,6.30416666666667,2005-04-18
"20050419","NOIRMOUTIER EN",47.004667,-2.257167,10.3083333333333,5.90416666666667,74.25,7.05416666666667,2005-04-19
"20050420","NOIRMOUTIER EN",47.004667,-2.257167,10.4916666666667,7.14583333333333,79.9166666666667,5.85,2005-04-20
"20050421","NOIRMOUTIER EN",47.004667,-2.257167,10.675,7.55833333333333,82.125,2.00833333333333,2005-04-21
"20050422","NOIRMOUTIER EN",47.004667,-2.257167,11.5333333333333,10.125,91.3333333333333,4.775,2005-04-22
"20050423","NOIRMOUTIER EN",47.004667,-2.257167,12.1166666666667,10.8375,92.0833333333333,3.82083333333333,2005-04-23
"20050424","NOIRMOUTIER EN",47.004667,-2.257167,11.9791666666667,9.95,87.625,4.44583333333333,2005-04-24
"20050425","NOIRMOUTIER EN",47.004667,-2.257167,12.025,10.3541666666667,89.6666666666667,4.54583333333333,2005-04-25
"20050426","NOIRMOUTIER EN",47.004667,-2.257167,12.175,10.7125,90.8333333333333,6.55833333333333,2005-04-26
"20050427","NOIRMOUTIER EN",47.004667,-2.257167,12.5041666666667,9.62916666666667,83.0416666666667,3.55416666666667,2005-04-27
"20050428","NOIRMOUTIER EN",47.004667,-2.257167,14.0416666666667,10.9,81.7083333333333,3.36666666666667,2005-04-28
"20050429","NOIRMOUTIER EN",47.004667,-2.257167,14.1458333333333,13,92.8333333333333,2.52916666666667,2005-04-29
"20050430","NOIRMOUTIER EN",47.004667,-2.257167,17.8458333333333,12.8291666666667,75.5833333333333,4.3625,2005-04-30
"20050501","NOIRMOUTIER EN",47.004667,-2.257167,13.775,12.25,90.9166666666667,1.97916666666667,2005-05-01
"20050502","NOIRMOUTIER EN",47.004667,-2.257167,16.7916666666667,11.7666666666667,74.1666666666667,3.25,2005-05-02
"20050503","NOIRMOUTIER EN",47.004667,-2.257167,13.9291666666667,11.45,85.1666666666667,6.8875,2005-05-03
"20050504","NOIRMOUTIER EN",47.004667,-2.257167,13.1833333333333,9.49166666666667,78.5833333333333,5.77083333333333,2005-05-04
"20050505","NOIRMOUTIER EN",47.004667,-2.257167,13.2166666666667,9.14166666666667,76.9166666666667,5.12916666666667,2005-05-05
"20050506","NOIRMOUTIER EN",47.004667,-2.257167,12.625,9.80416666666667,83.3333333333333,4.9,2005-05-06
"20050507","NOIRMOUTIER EN",47.004667,-2.257167,13.1416666666667,10.0375,81.75,5.8375,2005-05-07
"20050508","NOIRMOUTIER EN",47.004667,-2.257167,11.7666666666667,5.9125,68.4583333333333,3.92083333333333,2005-05-08
"20050509","NOIRMOUTIER EN",47.004667,-2.257167,12.1333333333333,4.65416666666667,62.125,4.15833333333333,2005-05-09
"20050510","NOIRMOUTIER EN",47.004667,-2.257167,12.5291666666667,3.80416666666667,57.625,5.61666666666667,2005-05-10
"20050511","NOIRMOUTIER EN",47.004667,-2.257167,13.0333333333333,4.22083333333333,56.9166666666667,6.5,2005-05-11
"20050512","NOIRMOUTIER EN",47.004667,-2.257167,11.2166666666667,6.80416666666667,75.3333333333333,5.57916666666667,2005-05-12
"20050513","NOIRMOUTIER EN",47.004667,-2.257167,13.1291666666667,12.0125,93.0416666666667,2.20833333333333,2005-05-13
"20050514","NOIRMOUTIER EN",47.004667,-2.257167,13.8291666666667,11.325,85.2083333333333,4.5875,2005-05-14
"20050515","NOIRMOUTIER EN",47.004667,-2.257167,12.3541666666667,9.93333333333333,85.9166666666667,2.45416666666667,2005-05-15
"20050516","NOIRMOUTIER EN",47.004667,-2.257167,13.5291666666667,10.5291666666667,82.5833333333333,2.79583333333333,2005-05-16
"20050517","NOIRMOUTIER EN",47.004667,-2.257167,13.0958333333333,9.275,78,3.97083333333333,2005-05-17
"20050518","NOIRMOUTIER EN",47.004667,-2.257167,13.4291666666667,10.1208333333333,80.75,3.85833333333333,2005-05-18
"20050519","NOIRMOUTIER EN",47.004667,-2.257167,14.8458333333333,11.5458333333333,80.9166666666667,5.725,2005-05-19
"20050520","NOIRMOUTIER EN",47.004667,-2.257167,15.2041666666667,13.1375,87.5833333333333,5.61666666666667,2005-05-20
"20050521","NOIRMOUTIER EN",47.004667,-2.257167,15.05,11.1125,77.625,7.09583333333333,2005-05-21
"20050522","NOIRMOUTIER EN",47.004667,-2.257167,14.3291666666667,10.0333333333333,75.625,7.50416666666667,2005-05-22
"20050523","NOIRMOUTIER EN",47.004667,-2.257167,14.0833333333333,8.675,70.375,5.37083333333333,2005-05-23
"20050524","NOIRMOUTIER EN",47.004667,-2.257167,15.4791666666667,10.4208333333333,72.5833333333333,4.41666666666667,2005-05-24
"20050525","NOIRMOUTIER EN",47.004667,-2.257167,19.4125,11.1583333333333,62,2.3875,2005-05-25
"20050526","NOIRMOUTIER EN",47.004667,-2.257167,18.3541666666667,14.0166666666667,77.1666666666667,2.4375,2005-05-26
"20050527","NOIRMOUTIER EN",47.004667,-2.257167,19.4208333333333,14.7125,74.875,4.9375,2005-05-27
"20050528","NOIRMOUTIER EN",47.004667,-2.257167,16.0666666666667,11.5708333333333,75.125,5.04166666666667,2005-05-28
"20050529","NOIRMOUTIER EN",47.004667,-2.257167,13.1041666666667,11.05,87.6666666666667,4.1,2005-05-29
"20050530","NOIRMOUTIER EN",47.004667,-2.257167,14.5458333333333,10.3541666666667,76.6666666666667,4.24166666666667,2005-05-30
"20050531","NOIRMOUTIER EN",47.004667,-2.257167,14.6875,10.7708333333333,78.125,3.61666666666667,2005-05-31
"20050601","NOIRMOUTIER EN",47.004667,-2.257167,16.6875,12.1583333333333,76.375,3.05416666666667,2005-06-01
"20050602","NOIRMOUTIER EN",47.004667,-2.257167,18.1166666666667,14.0708333333333,78.5833333333333,2.825,2005-06-02
"20050603","NOIRMOUTIER EN",47.004667,-2.257167,16.1791666666667,12.6041666666667,79.7083333333333,5.55833333333333,2005-06-03
"20050604","NOIRMOUTIER EN",47.004667,-2.257167,15.7916666666667,11.2416666666667,74.625,5.67916666666667,2005-06-04
"20050605","NOIRMOUTIER EN",47.004667,-2.257167,15.4541666666667,11.4333333333333,77.4166666666667,3.375,2005-06-05
"20050606","NOIRMOUTIER EN",47.004667,-2.257167,16.1708333333333,14.3541666666667,89,4.7875,2005-06-06
"20050607","NOIRMOUTIER EN",47.004667,-2.257167,17.1333333333333,10.1166666666667,65.875,4.96666666666667,2005-06-07
"20050608","NOIRMOUTIER EN",47.004667,-2.257167,17.425,6.62083333333333,51.4166666666667,5.5875,2005-06-08
"20050609","NOIRMOUTIER EN",47.004667,-2.257167,18.2583333333333,7.3375,51.4166666666667,4.47083333333333,2005-06-09
"20050610","NOIRMOUTIER EN",47.004667,-2.257167,18.6833333333333,8.06666666666667,52.9583333333333,4.41666666666667,2005-06-10
"20050611","NOIRMOUTIER EN",47.004667,-2.257167,18.5791666666667,9.79583333333333,58.25,4.57916666666667,2005-06-11
"20050612","NOIRMOUTIER EN",47.004667,-2.257167,17.2333333333333,7.74166666666667,56.2083333333333,4.4875,2005-06-12
"20050613","NOIRMOUTIER EN",47.004667,-2.257167,16.7541666666667,10.0083333333333,65.5,4.20416666666667,2005-06-13
"20050614","NOIRMOUTIER EN",47.004667,-2.257167,15.3041666666667,9.14583333333333,67.4166666666667,3.83333333333333,2005-06-14
"20050615","NOIRMOUTIER EN",47.004667,-2.257167,16.8375,15.0333333333333,89.2083333333333,5.775,2005-06-15
"20050616","NOIRMOUTIER EN",47.004667,-2.257167,17.5666666666667,16.1041666666667,91.25,3.00833333333333,2005-06-16
"20050617","NOIRMOUTIER EN",47.004667,-2.257167,21.7625,17.0625,76.1666666666667,2.45416666666667,2005-06-17
"20050618","NOIRMOUTIER EN",47.004667,-2.257167,25.5083333333333,17.0708333333333,62.2916666666667,3.54166666666667,2005-06-18
"20050619","NOIRMOUTIER EN",47.004667,-2.257167,20.3291666666667,17.5083333333333,84.625,3.4875,2005-06-19
"20050620","NOIRMOUTIER EN",47.004667,-2.257167,18.5541666666667,15.7791666666667,84.625,2.79166666666667,2005-06-20
"20050621","NOIRMOUTIER EN",47.004667,-2.257167,19.8916666666667,12.975,65.5416666666667,4.40416666666667,2005-06-21
"20050622","NOIRMOUTIER EN",47.004667,-2.257167,22.8208333333333,13.7041666666667,57.875,3.90416666666667,2005-06-22
"20050623","NOIRMOUTIER EN",47.004667,-2.257167,24.6083333333333,17.975,67.8333333333333,3.19583333333333,2005-06-23
"20050624","NOIRMOUTIER EN",47.004667,-2.257167,19.9375,17.9041666666667,88.25,4.11666666666667,2005-06-24
"20050625","NOIRMOUTIER EN",47.004667,-2.257167,20.1333333333333,17.4083333333333,84.9166666666667,2.19583333333333,2005-06-25
"20050626","NOIRMOUTIER EN",47.004667,-2.257167,23.3375,18.4666666666667,75.5416666666667,2.94583333333333,2005-06-26
"20050627","NOIRMOUTIER EN",47.004667,-2.257167,24.3416666666667,19.9666666666667,78.0833333333333,3.44166666666667,2005-06-27
"20050628","NOIRMOUTIER EN",47.004667,-2.257167,21.1833333333333,17.7375,80.9166666666667,3.62916666666667,2005-06-28
"20050629","NOIRMOUTIER EN",47.004667,-2.257167,19.725,15.3875,76.4166666666667,6.50833333333333,2005-06-29
"20050630","NOIRMOUTIER EN",47.004667,-2.257167,17.7791666666667,14.2416666666667,80.0416666666667,6.97916666666667,2005-06-30
"20050701","NOIRMOUTIER EN",47.004667,-2.257167,18.7375,14.7458333333333,77.7916666666667,6.30833333333333,2005-07-01
"20050702","NOIRMOUTIER EN",47.004667,-2.257167,18.7125,15.925,84,2.4875,2005-07-02
"20050703","NOIRMOUTIER EN",47.004667,-2.257167,18.8208333333333,15.3,80.875,4.225,2005-07-03
"20050704","NOIRMOUTIER EN",47.004667,-2.257167,16.8458333333333,10.35,66.0416666666667,7,2005-07-04
"20050705","NOIRMOUTIER EN",47.004667,-2.257167,16.6,13.875,84.4166666666667,4.925,2005-07-05
"20050706","NOIRMOUTIER EN",47.004667,-2.257167,17.1166666666667,13.2333333333333,78.2083333333333,7.275,2005-07-06
"20050707","NOIRMOUTIER EN",47.004667,-2.257167,16.4625,12.3333333333333,76.5833333333333,5.83333333333333,2005-07-07
"20050708","NOIRMOUTIER EN",47.004667,-2.257167,17.2333333333333,13.1666666666667,77.375,3.9875,2005-07-08
"20050709","NOIRMOUTIER EN",47.004667,-2.257167,19.0916666666667,12.7083333333333,68.0833333333333,3.8125,2005-07-09
"20050710","NOIRMOUTIER EN",47.004667,-2.257167,20.2375,13.3666666666667,66.125,4.0375,2005-07-10
"20050711","NOIRMOUTIER EN",47.004667,-2.257167,23.7208333333333,14.6416666666667,60.0416666666667,3.61666666666667,2005-07-11
"20050712","NOIRMOUTIER EN",47.004667,-2.257167,23.1458333333333,14.8166666666667,60.875,3.825,2005-07-12
"20050713","NOIRMOUTIER EN",47.004667,-2.257167,23.1125,15.4333333333333,64.9583333333333,3.97083333333333,2005-07-13
"20050714","NOIRMOUTIER EN",47.004667,-2.257167,25.35,13.9958333333333,51.25,3.65833333333333,2005-07-14
"20050715","NOIRMOUTIER EN",47.004667,-2.257167,24.1958333333333,14.5125,55.875,3.57916666666667,2005-07-15
"20050716","NOIRMOUTIER EN",47.004667,-2.257167,22.475,14.6041666666667,63.0416666666667,4.05,2005-07-16
"20050717","NOIRMOUTIER EN",47.004667,-2.257167,21.3125,16.375,74.0416666666667,4.22916666666667,2005-07-17
"20050718","NOIRMOUTIER EN",47.004667,-2.257167,19.5541666666667,15.6666666666667,78.6666666666667,5.70416666666667,2005-07-18
"20050719","NOIRMOUTIER EN",47.004667,-2.257167,18.7041666666667,13.9916666666667,74.4166666666667,4.70416666666667,2005-07-19
"20050720","NOIRMOUTIER EN",47.004667,-2.257167,19.35,15.9,81.1666666666667,4.7625,2005-07-20
"20050721","NOIRMOUTIER EN",47.004667,-2.257167,18.9958333333333,15.075,78.4583333333333,3.475,2005-07-21
"20050722","NOIRMOUTIER EN",47.004667,-2.257167,18.675,14.8,78.6666666666667,4.32083333333333,2005-07-22
"20050723","NOIRMOUTIER EN",47.004667,-2.257167,18.8041666666667,14.6583333333333,77.4166666666667,2.32916666666667,2005-07-23
"20050724","NOIRMOUTIER EN",47.004667,-2.257167,19.6083333333333,16.8,84.375,6.35833333333333,2005-07-24
"20050725","NOIRMOUTIER EN",47.004667,-2.257167,19.3208333333333,15.725,80.125,5.97083333333333,2005-07-25
"20050726","NOIRMOUTIER EN",47.004667,-2.257167,20.225,17.975,87.2083333333333,4.3125,2005-07-26
"20050727","NOIRMOUTIER EN",47.004667,-2.257167,21.1583333333333,18.6375,86.0416666666667,4.01666666666667,2005-07-27
"20050728","NOIRMOUTIER EN",47.004667,-2.257167,21.4083333333333,17.925,81.0416666666667,4.90416666666667,2005-07-28
"20050729","NOIRMOUTIER EN",47.004667,-2.257167,18.3291666666667,14.3333333333333,78.125,3.48333333333333,2005-07-29
"20050730","NOIRMOUTIER EN",47.004667,-2.257167,18.0208333333333,13.7125,76.6666666666667,4.4875,2005-07-30
"20050731","NOIRMOUTIER EN",47.004667,-2.257167,17.5333333333333,12.6625,73.5,3.80833333333333,2005-07-31
"20050801","NOIRMOUTIER EN",47.004667,-2.257167,17.4041666666667,11.6458333333333,69.7083333333333,3.76666666666667,2005-08-01
"20050802","NOIRMOUTIER EN",47.004667,-2.257167,17.9125,13.2083333333333,74.6666666666667,4.55416666666667,2005-08-02
"20050803","NOIRMOUTIER EN",47.004667,-2.257167,18.1458333333333,13.8875,76.7083333333333,3.78333333333333,2005-08-03
"20050804","NOIRMOUTIER EN",47.004667,-2.257167,17.7708333333333,13.125,74.9583333333333,3.95,2005-08-04
"20050805","NOIRMOUTIER EN",47.004667,-2.257167,18.325,15.5583333333333,84.375,4.08333333333333,2005-08-05
"20050806","NOIRMOUTIER EN",47.004667,-2.257167,18.1375,14.0333333333333,77.5416666666667,4.15,2005-08-06
"20050807","NOIRMOUTIER EN",47.004667,-2.257167,19.025,13.6208333333333,71.3333333333333,3.6625,2005-08-07
"20050808","NOIRMOUTIER EN",47.004667,-2.257167,19.8583333333333,7.975,48.5416666666667,5.4375,2005-08-08
"20050809","NOIRMOUTIER EN",47.004667,-2.257167,20.4083333333333,9.675,52.1666666666667,5.275,2005-08-09
"20050810","NOIRMOUTIER EN",47.004667,-2.257167,22.0833333333333,10.8875,52.25,5.32916666666667,2005-08-10
"20050811","NOIRMOUTIER EN",47.004667,-2.257167,20.5458333333333,13.9333333333333,68.1666666666667,4.72916666666667,2005-08-11
"20050812","NOIRMOUTIER EN",47.004667,-2.257167,18.3791666666667,14.7333333333333,79.5416666666667,4.62916666666667,2005-08-12
"20050813","NOIRMOUTIER EN",47.004667,-2.257167,17.85,13.8125,77.875,3.99166666666667,2005-08-13
"20050814","NOIRMOUTIER EN",47.004667,-2.257167,19.1291666666667,14.9583333333333,77.6666666666667,6.05833333333333,2005-08-14
"20050815","NOIRMOUTIER EN",47.004667,-2.257167,19.1,12.3208333333333,66.5416666666667,3.91666666666667,2005-08-15
"20050816","NOIRMOUTIER EN",47.004667,-2.257167,20.2708333333333,10.4791666666667,54.9166666666667,4.81666666666667,2005-08-16
"20050817","NOIRMOUTIER EN",47.004667,-2.257167,20.9708333333333,12.5208333333333,60.625,4.22916666666667,2005-08-17
"20050818","NOIRMOUTIER EN",47.004667,-2.257167,18.9833333333333,15.2708333333333,79.5833333333333,4.44583333333333,2005-08-18
"20050819","NOIRMOUTIER EN",47.004667,-2.257167,18.1416666666667,14.6458333333333,80.5,6.64166666666667,2005-08-19
"20050820","NOIRMOUTIER EN",47.004667,-2.257167,16.9833333333333,12.6666666666667,75.9166666666667,4.53333333333333,2005-08-20
"20050821","NOIRMOUTIER EN",47.004667,-2.257167,16.9625,13.2666666666667,79.2083333333333,4.75416666666667,2005-08-21
"20050822","NOIRMOUTIER EN",47.004667,-2.257167,16.7708333333333,15.1125,90.0416666666667,3.22083333333333,2005-08-22
"20050823","NOIRMOUTIER EN",47.004667,-2.257167,16.5208333333333,12.6791666666667,78.4583333333333,5.1,2005-08-23
"20050824","NOIRMOUTIER EN",47.004667,-2.257167,17.0833333333333,12.5458333333333,75.0833333333333,4.85,2005-08-24
"20050825","NOIRMOUTIER EN",47.004667,-2.257167,17.1,14.3916666666667,84.6666666666667,6.18333333333333,2005-08-25
"20050826","NOIRMOUTIER EN",47.004667,-2.257167,16.2958333333333,11.9916666666667,76.9583333333333,2.17083333333333,2005-08-26
"20050827","NOIRMOUTIER EN",47.004667,-2.257167,16.4291666666667,12.2083333333333,77.3333333333333,2.61666666666667,2005-08-27
"20050828","NOIRMOUTIER EN",47.004667,-2.257167,18.6291666666667,13.8833333333333,74.5833333333333,2.3375,2005-08-28
"20050829","NOIRMOUTIER EN",47.004667,-2.257167,21.0458333333333,12.4458333333333,61.4166666666667,2.81666666666667,2005-08-29
"20050830","NOIRMOUTIER EN",47.004667,-2.257167,22.7791666666667,13.8916666666667,59,3.45416666666667,2005-08-30
"20050831","NOIRMOUTIER EN",47.004667,-2.257167,20.9416666666667,16.6083333333333,76.9583333333333,4.7625,2005-08-31
"20050901","NOIRMOUTIER EN",47.004667,-2.257167,19.2583333333333,16.1625,82.7083333333333,3.25416666666667,2005-09-01
"20050902","NOIRMOUTIER EN",47.004667,-2.257167,20.8916666666667,14.3291666666667,68.1666666666667,3.54583333333333,2005-09-02
"20050903","NOIRMOUTIER EN",47.004667,-2.257167,23.7625,15.1333333333333,60.75,3.35,2005-09-03
"20050904","NOIRMOUTIER EN",47.004667,-2.257167,20.2041666666667,16.9666666666667,82.25,3.975,2005-09-04
"20050905","NOIRMOUTIER EN",47.004667,-2.257167,19.2041666666667,16.45,84.375,4.42083333333333,2005-09-05
"20050906","NOIRMOUTIER EN",47.004667,-2.257167,18.8291666666667,14.9416666666667,78.4166666666667,4.67916666666667,2005-09-06
"20050907","NOIRMOUTIER EN",47.004667,-2.257167,18.7208333333333,14.85,79.2916666666667,2.9625,2005-09-07
"20050908","NOIRMOUTIER EN",47.004667,-2.257167,18.5958333333333,15.2,81.4166666666667,2.72916666666667,2005-09-08
"20050909","NOIRMOUTIER EN",47.004667,-2.257167,18.825,15.825,83.4583333333333,3.72916666666667,2005-09-09
"20050910","NOIRMOUTIER EN",47.004667,-2.257167,17.7916666666667,14.3083333333333,80.4166666666667,4.82916666666667,2005-09-10
"20050911","NOIRMOUTIER EN",47.004667,-2.257167,18.5041666666667,13.85,76.25,3.55,2005-09-11
"20050912","NOIRMOUTIER EN",47.004667,-2.257167,18.8375,15.5625,81.7083333333333,3.52083333333333,2005-09-12
"20050913","NOIRMOUTIER EN",47.004667,-2.257167,19.5333333333333,14.9416666666667,75.9583333333333,2.6,2005-09-13
"20050914","NOIRMOUTIER EN",47.004667,-2.257167,17.8958333333333,15.15,84.625,2.7125,2005-09-14
"20050915","NOIRMOUTIER EN",47.004667,-2.257167,18.5625,15.8833333333333,84.75,3.52916666666667,2005-09-15
"20050916","NOIRMOUTIER EN",47.004667,-2.257167,17.425,13.475,78.1666666666667,6.63333333333333,2005-09-16
"20050917","NOIRMOUTIER EN",47.004667,-2.257167,14.6708333333333,5.6375,56.75,6.45,2005-09-17
"20050918","NOIRMOUTIER EN",47.004667,-2.257167,15.0458333333333,5.84166666666667,56.375,4.375,2005-09-18
"20050919","NOIRMOUTIER EN",47.004667,-2.257167,15.2208333333333,7.92916666666667,63.7083333333333,3.34583333333333,2005-09-19
"20050920","NOIRMOUTIER EN",47.004667,-2.257167,15.4291666666667,10.0333333333333,71.5416666666667,2.7,2005-09-20
"20050921","NOIRMOUTIER EN",47.004667,-2.257167,16.4125,9.8875,67.625,2.49166666666667,2005-09-21
"20050922","NOIRMOUTIER EN",47.004667,-2.257167,16.6666666666667,10.4458333333333,70.1666666666667,2.1375,2005-09-22
"20050923","NOIRMOUTIER EN",47.004667,-2.257167,16.8208333333333,14.8958333333333,89,2.925,2005-09-23
"20050924","NOIRMOUTIER EN",47.004667,-2.257167,16.8916666666667,12.7375,77.2083333333333,2.12083333333333,2005-09-24
"20050925","NOIRMOUTIER EN",47.004667,-2.257167,17.625,14.5625,82.5416666666667,5.31666666666667,2005-09-25
"20050926","NOIRMOUTIER EN",47.004667,-2.257167,17.0833333333333,13.8458333333333,81.8333333333333,3.87916666666667,2005-09-26
"20050927","NOIRMOUTIER EN",47.004667,-2.257167,16.525,13.975,85.125,4.24583333333333,2005-09-27
"20050928","NOIRMOUTIER EN",47.004667,-2.257167,15.6541666666667,10.9958333333333,74.375,3.675,2005-09-28
"20050929","NOIRMOUTIER EN",47.004667,-2.257167,16.375,11.5041666666667,73.3333333333333,5.2,2005-09-29
"20050930","NOIRMOUTIER EN",47.004667,-2.257167,17.7625,14.5625,81.6666666666667,4.49166666666667,2005-09-30
"20051001","NOIRMOUTIER EN",47.004667,-2.257167,15.6625,10.6166666666667,72.8333333333333,6.89166666666667,2005-10-01
"20051002","NOIRMOUTIER EN",47.004667,-2.257167,14.4625,8.3125,67.0416666666667,6,2005-10-02
"20051003","NOIRMOUTIER EN",47.004667,-2.257167,13.975,7.47916666666667,66.125,3.08333333333333,2005-10-03
"20051004","NOIRMOUTIER EN",47.004667,-2.257167,14.3916666666667,8.8,70.5416666666667,3.44166666666667,2005-10-04
"20051005","NOIRMOUTIER EN",47.004667,-2.257167,15.0291666666667,11.2125,78.4166666666667,3.70416666666667,2005-10-05
"20051006","NOIRMOUTIER EN",47.004667,-2.257167,16.2875,12.4416666666667,78.5833333333333,2.43333333333333,2005-10-06
"20051007","NOIRMOUTIER EN",47.004667,-2.257167,15.5958333333333,11.6958333333333,78.9583333333333,2.22916666666667,2005-10-07
"20051008","NOIRMOUTIER EN",47.004667,-2.257167,15.4375,12.9958333333333,85.5833333333333,2.88333333333333,2005-10-08
"20051009","NOIRMOUTIER EN",47.004667,-2.257167,13.925,12.8541666666667,93.375,1.7125,2005-10-09
"20051010","NOIRMOUTIER EN",47.004667,-2.257167,16.9541666666667,13.8958333333333,83.2083333333333,4.85416666666667,2005-10-10
"20051011","NOIRMOUTIER EN",47.004667,-2.257167,18.0833333333333,14.875,81.7916666666667,5.91666666666667,2005-10-11
"20051012","NOIRMOUTIER EN",47.004667,-2.257167,17.6625,15.4541666666667,87.0416666666667,5.51666666666667,2005-10-12
"20051013","NOIRMOUTIER EN",47.004667,-2.257167,16.4333333333333,15.3958333333333,93.6666666666667,3.44166666666667,2005-10-13
"20051014","NOIRMOUTIER EN",47.004667,-2.257167,18.3083333333333,14.0125,77.375,3.04583333333333,2005-10-14
"20051015","NOIRMOUTIER EN",47.004667,-2.257167,16.6333333333333,14.4458333333333,87.1666666666667,3.05416666666667,2005-10-15
"20051016","NOIRMOUTIER EN",47.004667,-2.257167,16.1208333333333,14.1458333333333,88.25,3.21666666666667,2005-10-16
"20051017","NOIRMOUTIER EN",47.004667,-2.257167,16.4875,11.8791666666667,75.125,2.9625,2005-10-17
"20051018","NOIRMOUTIER EN",47.004667,-2.257167,15.5625,14.2791666666667,92.1666666666667,2.1,2005-10-18
"20051019","NOIRMOUTIER EN",47.004667,-2.257167,15.425,12.4333333333333,82.625,7.07916666666667,2005-10-19
"20051020","NOIRMOUTIER EN",47.004667,-2.257167,14.7791666666667,11.9125,83.1666666666667,2.74583333333333,2005-10-20
"20051021","NOIRMOUTIER EN",47.004667,-2.257167,16.4041666666667,14.0541666666667,86.125,7.47083333333333,2005-10-21
"20051022","NOIRMOUTIER EN",47.004667,-2.257167,16.5041666666667,13.8083333333333,84.2083333333333,7.05,2005-10-22
"20051023","NOIRMOUTIER EN",47.004667,-2.257167,15.3125,12.95,86.2083333333333,2.85416666666667,2005-10-23
"20051024","NOIRMOUTIER EN",47.004667,-2.257167,17.0958333333333,15.1291666666667,88.3333333333333,7.21666666666667,2005-10-24
"20051025","NOIRMOUTIER EN",47.004667,-2.257167,17.75,15.4041666666667,86.375,8.3,2005-10-25
"20051026","NOIRMOUTIER EN",47.004667,-2.257167,18.3916666666667,15.3416666666667,83.0833333333333,5.22083333333333,2005-10-26
"20051027","NOIRMOUTIER EN",47.004667,-2.257167,18.5041666666667,14.15,75.9583333333333,7.62083333333333,2005-10-27
"20051028","NOIRMOUTIER EN",47.004667,-2.257167,15.9916666666667,14.9541666666667,93.7083333333333,3.96666666666667,2005-10-28
"20051029","NOIRMOUTIER EN",47.004667,-2.257167,17.1666666666667,15.2375,88.7916666666667,5.81666666666667,2005-10-29
"20051030","NOIRMOUTIER EN",47.004667,-2.257167,17.1791666666667,15.0541666666667,87.5,5.63333333333333,2005-10-30
"20051031","NOIRMOUTIER EN",47.004667,-2.257167,15.4,12.7708333333333,84.75,6.0625,2005-10-31
"20051101","NOIRMOUTIER EN",47.004667,-2.257167,14.9375,10.4583333333333,75,8.275,2005-11-01
"20051102","NOIRMOUTIER EN",47.004667,-2.257167,17.2041666666667,15.25,88.3333333333333,7.95,2005-11-02
"20051103","NOIRMOUTIER EN",47.004667,-2.257167,16.4375,12.6166666666667,78.125,9.35833333333333,2005-11-03
"20051104","NOIRMOUTIER EN",47.004667,-2.257167,13.2041666666667,8.65,74.0833333333333,4.33333333333333,2005-11-04
"20051105","NOIRMOUTIER EN",47.004667,-2.257167,14.025,8.93333333333333,71.4583333333333,5.4625,2005-11-05
"20051106","NOIRMOUTIER EN",47.004667,-2.257167,14.9041666666667,11.1416666666667,78.5833333333333,8.1625,2005-11-06
"20051107","NOIRMOUTIER EN",47.004667,-2.257167,14.6166666666667,12.1416666666667,85.25,5.5625,2005-11-07
"20051108","NOIRMOUTIER EN",47.004667,-2.257167,14.5291666666667,12.2583333333333,86.2916666666667,6.0125,2005-11-08
"20051109","NOIRMOUTIER EN",47.004667,-2.257167,10.8875,5.86666666666667,71.7083333333333,4.94166666666667,2005-11-09
"20051110","NOIRMOUTIER EN",47.004667,-2.257167,10.075,7.7,85.6666666666667,1.9,2005-11-10
"20051111","NOIRMOUTIER EN",47.004667,-2.257167,12.1958333333333,10.6208333333333,90.2916666666667,4.78333333333333,2005-11-11
"20051112","NOIRMOUTIER EN",47.004667,-2.257167,8.325,6.50833333333333,88.4583333333333,2.90833333333333,2005-11-12
"20051113","NOIRMOUTIER EN",47.004667,-2.257167,9.025,6.21666666666667,82.875,6.84166666666667,2005-11-13
"20051114","NOIRMOUTIER EN",47.004667,-2.257167,10,6.225,77.4583333333333,6.5375,2005-11-14
"20051115","NOIRMOUTIER EN",47.004667,-2.257167,8.44166666666667,6.57916666666667,88.375,3.31666666666667,2005-11-15
"20051116","NOIRMOUTIER EN",47.004667,-2.257167,10.5125,7.32083333333333,81.25,3.80833333333333,2005-11-16
"20051117","NOIRMOUTIER EN",47.004667,-2.257167,8.22916666666667,3.8875,74.4166666666667,2.02083333333333,2005-11-17
"20051118","NOIRMOUTIER EN",47.004667,-2.257167,6.17083333333333,1.15833333333333,70.6666666666667,4.19166666666667,2005-11-18
"20051119","NOIRMOUTIER EN",47.004667,-2.257167,4.59166666666667,0.2125,73.8333333333333,7.65833333333333,2005-11-19
"20051120","NOIRMOUTIER EN",47.004667,-2.257167,3.88333333333333,-0.166666666666667,75.4166666666667,6.56666666666667,2005-11-20
"20051121","NOIRMOUTIER EN",47.004667,-2.257167,4.55833333333333,-0.120833333333333,72.4583333333333,6.15416666666667,2005-11-21
"20051122","NOIRMOUTIER EN",47.004667,-2.257167,6.7125,2.07083333333333,73.9166666666667,6.60833333333333,2005-11-22
"20051123","NOIRMOUTIER EN",47.004667,-2.257167,4.11666666666667,-1.34583333333333,68.2916666666667,6.32083333333333,2005-11-23
"20051124","NOIRMOUTIER EN",47.004667,-2.257167,8.47083333333333,5.52916666666667,82.1666666666667,5.36666666666667,2005-11-24
"20051125","NOIRMOUTIER EN",47.004667,-2.257167,5.175,0.483333333333333,72.0833333333333,6.36666666666667,2005-11-25
"20051126","NOIRMOUTIER EN",47.004667,-2.257167,3.33333333333333,1.69583333333333,89.4583333333333,2.82083333333333,2005-11-26
"20051127","NOIRMOUTIER EN",47.004667,-2.257167,5.79583333333333,3.325,84.4583333333333,3.02083333333333,2005-11-27
"20051128","NOIRMOUTIER EN",47.004667,-2.257167,6.85416666666667,4.64166666666667,86.5,3.13333333333333,2005-11-28
"20051129","NOIRMOUTIER EN",47.004667,-2.257167,5.44583333333333,2.09583333333333,79.2916666666667,4.60416666666667,2005-11-29
"20051130","NOIRMOUTIER EN",47.004667,-2.257167,6.65,5.51666666666667,92.5,3.76666666666667,2005-11-30
"20051201","NOIRMOUTIER EN",47.004667,-2.257167,10.175,8.87083333333333,91.75,8.15416666666667,2005-12-01
"20051202","NOIRMOUTIER EN",47.004667,-2.257167,10.6291666666667,6.39583333333333,75.2916666666667,12.0041666666667,2005-12-02
"20051203","NOIRMOUTIER EN",47.004667,-2.257167,11.0958333333333,7.90833333333333,80.9583333333333,10.4208333333333,2005-12-03
"20051204","NOIRMOUTIER EN",47.004667,-2.257167,10.3916666666667,7.94166666666667,84.9166666666667,8.22916666666667,2005-12-04
"20051205","NOIRMOUTIER EN",47.004667,-2.257167,8.6,4.97916666666667,78.2916666666667,4.25,2005-12-05
"20051206","NOIRMOUTIER EN",47.004667,-2.257167,8.1375,4.2625,76.7083333333333,5.42083333333333,2005-12-06
"20051207","NOIRMOUTIER EN",47.004667,-2.257167,8.45,6.67083333333333,88.7916666666667,3.80833333333333,2005-12-07
"20051208","NOIRMOUTIER EN",47.004667,-2.257167,10.2958333333333,6.48333333333333,77.5,6.37083333333333,2005-12-08
"20051209","NOIRMOUTIER EN",47.004667,-2.257167,6.8625,3.95416666666667,82.0833333333333,3.52083333333333,2005-12-09
"20051210","NOIRMOUTIER EN",47.004667,-2.257167,3.925,0.929166666666667,80.9166666666667,4.25,2005-12-10
"20051211","NOIRMOUTIER EN",47.004667,-2.257167,3.6875,-1.15833333333333,71.3333333333333,4.825,2005-12-11
"20051212","NOIRMOUTIER EN",47.004667,-2.257167,6.875,3.72916666666667,80.7083333333333,5.98333333333333,2005-12-12
"20051213","NOIRMOUTIER EN",47.004667,-2.257167,6.34583333333333,1.95833333333333,73.9166666666667,6.04166666666667,2005-12-13
"20051214","NOIRMOUTIER EN",47.004667,-2.257167,7.08333333333333,4.1375,81.6666666666667,3.68333333333333,2005-12-14
"20051215","NOIRMOUTIER EN",47.004667,-2.257167,8.0125,5.57916666666667,84.6666666666667,2.73333333333333,2005-12-15
"20051216","NOIRMOUTIER EN",47.004667,-2.257167,10.3416666666667,8.35833333333333,87.6666666666667,5.94166666666667,2005-12-16
"20051217","NOIRMOUTIER EN",47.004667,-2.257167,7.72916666666667,4.82916666666667,81.9583333333333,3.7,2005-12-17
"20051218","NOIRMOUTIER EN",47.004667,-2.257167,4.86666666666667,0.304166666666667,72.7083333333333,2.675,2005-12-18
"20051219","NOIRMOUTIER EN",47.004667,-2.257167,8.58333333333333,6.1875,85.4583333333333,3.47083333333333,2005-12-19
"20051220","NOIRMOUTIER EN",47.004667,-2.257167,6.89166666666667,5.73333333333333,92.5833333333333,2.17916666666667,2005-12-20
"20051221","NOIRMOUTIER EN",47.004667,-2.257167,1.61666666666667,0.654166666666667,93.375,3.48333333333333,2005-12-21
"20051222","NOIRMOUTIER EN",47.004667,-2.257167,1.74166666666667,0.2625,90.25,3.42083333333333,2005-12-22
"20051223","NOIRMOUTIER EN",47.004667,-2.257167,3.23333333333333,0.883333333333333,84.8333333333333,4.10833333333333,2005-12-23
"20051224","NOIRMOUTIER EN",47.004667,-2.257167,3.825,0.504166666666667,79.4583333333333,4.62083333333333,2005-12-24
"20051225","NOIRMOUTIER EN",47.004667,-2.257167,4.13333333333333,2.36666666666667,88.25,3.86666666666667,2005-12-25
"20051226","NOIRMOUTIER EN",47.004667,-2.257167,3.68333333333333,0.691666666666667,81.375,4.3125,2005-12-26
"20051227","NOIRMOUTIER EN",47.004667,-2.257167,2.61666666666667,-1.10416666666667,77.4583333333333,3.7375,2005-12-27
"20051228","NOIRMOUTIER EN",47.004667,-2.257167,2.4,-0.925,78.7916666666667,3.025,2005-12-28
"20051229","NOIRMOUTIER EN",47.004667,-2.257167,0.216666666666667,-1.53333333333333,88.2083333333333,3.875,2005-12-29
"20051230","NOIRMOUTIER EN",47.004667,-2.257167,8.3,7.3375,93.7916666666667,8.29583333333333,2005-12-30
"20051231","NOIRMOUTIER EN",47.004667,-2.257167,8.8375,6.18333333333333,83.5833333333333,7.14583333333333,2005-12-31
"20060101","NOIRMOUTIER EN",47.004667,-2.257167,9.02916666666667,6.10416666666667,82.125,8.77083333333333,2006-01-01
"20060102","NOIRMOUTIER EN",47.004667,-2.257167,8.04583333333333,6.0875,87.5416666666667,3.50416666666667,2006-01-02
"20060103","NOIRMOUTIER EN",47.004667,-2.257167,7.5375,5.9375,89.7083333333333,1.07916666666667,2006-01-03
"20060104","NOIRMOUTIER EN",47.004667,-2.257167,8.2375,7.725,96.625,2.47916666666667,2006-01-04
"20060105","NOIRMOUTIER EN",47.004667,-2.257167,2.14583333333333,-1.01666666666667,79.7083333333333,3.44583333333333,2006-01-05
"20060106","NOIRMOUTIER EN",47.004667,-2.257167,1.13333333333333,-1.10416666666667,85.3333333333333,4.50416666666667,2006-01-06
"20060107","NOIRMOUTIER EN",47.004667,-2.257167,2.3375,0.2375,86.125,3.64583333333333,2006-01-07
"20060108","NOIRMOUTIER EN",47.004667,-2.257167,3.45,2.32916666666667,92.4583333333333,1.2125,2006-01-08
"20060109","NOIRMOUTIER EN",47.004667,-2.257167,3.45833333333333,2.45833333333333,93.1666666666667,2.18333333333333,2006-01-09
"20060110","NOIRMOUTIER EN",47.004667,-2.257167,4.04166666666667,3.55833333333333,96.75,3.89166666666667,2006-01-10
"20060111","NOIRMOUTIER EN",47.004667,-2.257167,7.65,7.22916666666667,97.1666666666667,4.40416666666667,2006-01-11
"20060112","NOIRMOUTIER EN",47.004667,-2.257167,6.7125,5.975,95.1666666666667,2.05,2006-01-12
"20060113","NOIRMOUTIER EN",47.004667,-2.257167,6.89166666666667,5.76666666666667,92.6666666666667,4.58333333333333,2006-01-13
"20060114","NOIRMOUTIER EN",47.004667,-2.257167,7.50416666666667,6.59166666666667,93.9583333333333,4.3625,2006-01-14
"20060115","NOIRMOUTIER EN",47.004667,-2.257167,7.2625,5.84166666666667,91.0416666666667,4.93333333333333,2006-01-15
"20060116","NOIRMOUTIER EN",47.004667,-2.257167,8.38333333333333,7.3875,93.5833333333333,4.00833333333333,2006-01-16
"20060117","NOIRMOUTIER EN",47.004667,-2.257167,9.5875,8.87916666666667,95.5,7.06666666666667,2006-01-17
"20060118","NOIRMOUTIER EN",47.004667,-2.257167,9.35416666666667,8.63333333333333,95.2916666666667,4.4875,2006-01-18
"20060119","NOIRMOUTIER EN",47.004667,-2.257167,9.37083333333333,9.11666666666667,98.25,1.11666666666667,2006-01-19
"20060120","NOIRMOUTIER EN",47.004667,-2.257167,9.5,8.8,95.5416666666667,3.7875,2006-01-20
"20060121","NOIRMOUTIER EN",47.004667,-2.257167,6.50833333333333,5.36666666666667,92.75,1.7125,2006-01-21
"20060122","NOIRMOUTIER EN",47.004667,-2.257167,4.35,2.70833333333333,89.5416666666667,3.54166666666667,2006-01-22
"20060123","NOIRMOUTIER EN",47.004667,-2.257167,3.275,0.570833333333333,82.6666666666667,4.4125,2006-01-23
"20060124","NOIRMOUTIER EN",47.004667,-2.257167,1.63333333333333,-1.10833333333333,82.2083333333333,3.80416666666667,2006-01-24
"20060125","NOIRMOUTIER EN",47.004667,-2.257167,2.4875,0.345833333333333,85.9166666666667,3.5,2006-01-25
"20060126","NOIRMOUTIER EN",47.004667,-2.257167,2.375,-1.64166666666667,75.9583333333333,5.77083333333333,2006-01-26
"20060127","NOIRMOUTIER EN",47.004667,-2.257167,-0.133333333333333,-5.1125,69.3333333333333,5.25416666666667,2006-01-27
"20060128","NOIRMOUTIER EN",47.004667,-2.257167,-1.77083333333333,-4,85,4.40833333333333,2006-01-28
"20060129","NOIRMOUTIER EN",47.004667,-2.257167,3.4,-0.05,78.9583333333333,5.1875,2006-01-29
"20060130","NOIRMOUTIER EN",47.004667,-2.257167,3.84583333333333,-1.9,66.625,4.77083333333333,2006-01-30
"20060131","NOIRMOUTIER EN",47.004667,-2.257167,1.74166666666667,-1.05,82.25,2.19583333333333,2006-01-31
"20060201","NOIRMOUTIER EN",47.004667,-2.257167,1.55416666666667,-0.0958333333333334,89.3333333333333,1.03333333333333,2006-02-01
"20060202","NOIRMOUTIER EN",47.004667,-2.257167,0.25,-0.954166666666667,91.7083333333333,3.6375,2006-02-02
"20060203","NOIRMOUTIER EN",47.004667,-2.257167,0.4125,-1.35416666666667,88.2083333333333,4.70416666666667,2006-02-03
"20060204","NOIRMOUTIER EN",47.004667,-2.257167,2.10833333333333,-1.2875,78.5,4.93333333333333,2006-02-04
"20060205","NOIRMOUTIER EN",47.004667,-2.257167,4.44166666666667,1.52916666666667,81.4583333333333,4.05416666666667,2006-02-05
"20060206","NOIRMOUTIER EN",47.004667,-2.257167,5.16666666666667,3.7375,90.6666666666667,2.54166666666667,2006-02-06
"20060207","NOIRMOUTIER EN",47.004667,-2.257167,6.20416666666667,3.625,83.75,1.62083333333333,2006-02-07
"20060208","NOIRMOUTIER EN",47.004667,-2.257167,7.3125,5.09583333333333,86.125,4.70416666666667,2006-02-08
"20060209","NOIRMOUTIER EN",47.004667,-2.257167,5.79583333333333,3.75833333333333,86.9583333333333,2.925,2006-02-09
"20060210","NOIRMOUTIER EN",47.004667,-2.257167,3.4875,-1.1375,72.625,2.90833333333333,2006-02-10
"20060211","NOIRMOUTIER EN",47.004667,-2.257167,3.47083333333333,-0.670833333333333,74.9166666666667,2.30416666666667,2006-02-11
"20060212","NOIRMOUTIER EN",47.004667,-2.257167,2.64166666666667,-0.341666666666667,81.9166666666667,1.32916666666667,2006-02-12
"20060213","NOIRMOUTIER EN",47.004667,-2.257167,4.85833333333333,2.19583333333333,83.3333333333333,2.87083333333333,2006-02-13
"20060214","NOIRMOUTIER EN",47.004667,-2.257167,8.72916666666667,7.25,90.5833333333333,4.87916666666667,2006-02-14
"20060215","NOIRMOUTIER EN",47.004667,-2.257167,9.90416666666667,9.28333333333333,95.9166666666667,8.97083333333333,2006-02-15
"20060216","NOIRMOUTIER EN",47.004667,-2.257167,8.3125,6.37916666666667,87.875,8.30833333333333,2006-02-16
"20060217","NOIRMOUTIER EN",47.004667,-2.257167,8.175,5.37916666666667,82.75,7.68333333333333,2006-02-17
"20060218","NOIRMOUTIER EN",47.004667,-2.257167,8.1125,5.37916666666667,83.125,8.40833333333333,2006-02-18
"20060219","NOIRMOUTIER EN",47.004667,-2.257167,7.825,5.95,88.0416666666667,5.8625,2006-02-19
"20060220","NOIRMOUTIER EN",47.004667,-2.257167,6.7,5.10833333333333,89.7083333333333,5.54166666666667,2006-02-20
"20060221","NOIRMOUTIER EN",47.004667,-2.257167,4.92083333333333,0.6625,74.0416666666667,5.7125,2006-02-21
"20060222","NOIRMOUTIER EN",47.004667,-2.257167,4.81666666666667,2.56666666666667,85.4166666666667,2.56666666666667,2006-02-22
"20060223","NOIRMOUTIER EN",47.004667,-2.257167,4.24166666666667,0.304166666666667,75.7083333333333,3.6625,2006-02-23
"20060224","NOIRMOUTIER EN",47.004667,-2.257167,2.6375,-1.65,74.0833333333333,4.45416666666667,2006-02-24
"20060225","NOIRMOUTIER EN",47.004667,-2.257167,3.16666666666667,0.55,83,4.93333333333333,2006-02-25
"20060226","NOIRMOUTIER EN",47.004667,-2.257167,2.6625,-1.49583333333333,74.5833333333333,7.95,2006-02-26
"20060227","NOIRMOUTIER EN",47.004667,-2.257167,3.12916666666667,-3.38333333333333,63.0833333333333,5.45,2006-02-27
"20060228","NOIRMOUTIER EN",47.004667,-2.257167,6.27083333333333,1.19166666666667,70.125,5.94166666666667,2006-02-28
"20060301","NOIRMOUTIER EN",47.004667,-2.257167,4.47083333333333,-0.179166666666667,72.3333333333333,3.25833333333333,2006-03-01
"20060302","NOIRMOUTIER EN",47.004667,-2.257167,5.12916666666667,3.00416666666667,86.5416666666667,5.1625,2006-03-02
"20060303","NOIRMOUTIER EN",47.004667,-2.257167,7.975,5.78333333333333,86.2916666666667,7.37916666666667,2006-03-03
"20060304","NOIRMOUTIER EN",47.004667,-2.257167,3.40833333333333,2.09166666666667,91.0833333333333,6.84583333333333,2006-03-04
"20060305","NOIRMOUTIER EN",47.004667,-2.257167,5.25833333333333,1.925,79.1666666666667,4.95416666666667,2006-03-05
"20060306","NOIRMOUTIER EN",47.004667,-2.257167,7.15833333333333,5,86.375,4.75833333333333,2006-03-06
"20060307","NOIRMOUTIER EN",47.004667,-2.257167,8.1125,7.59166666666667,96.5833333333333,5.95833333333333,2006-03-07
"20060308","NOIRMOUTIER EN",47.004667,-2.257167,10.0416666666667,9.175,94.4166666666667,9.625,2006-03-08
"20060309","NOIRMOUTIER EN",47.004667,-2.257167,9.62083333333333,7.65,87.75,7.625,2006-03-09
"20060310","NOIRMOUTIER EN",47.004667,-2.257167,8.11666666666667,5.75,85.1666666666667,6.79583333333333,2006-03-10
"20060311","NOIRMOUTIER EN",47.004667,-2.257167,7.9875,5.7375,85.8333333333333,4.83333333333333,2006-03-11
"20060312","NOIRMOUTIER EN",47.004667,-2.257167,5.33333333333333,-0.625,66.2083333333333,3.9375,2006-03-12
"20060313","NOIRMOUTIER EN",47.004667,-2.257167,3.75833333333333,-5.19166666666667,52.875,4.52916666666667,2006-03-13
"20060314","NOIRMOUTIER EN",47.004667,-2.257167,5.74166666666667,-1.175,62.9583333333333,2.38333333333333,2006-03-14
"20060315","NOIRMOUTIER EN",47.004667,-2.257167,7.34166666666667,0.245833333333333,61.7083333333333,2.57083333333333,2006-03-15
"20060316","NOIRMOUTIER EN",47.004667,-2.257167,6.66666666666667,-0.3875,61.8333333333333,4.3125,2006-03-16
"20060317","NOIRMOUTIER EN",47.004667,-2.257167,4.75833333333333,-1.0375,67.3333333333333,7.65416666666667,2006-03-17
"20060318","NOIRMOUTIER EN",47.004667,-2.257167,6.59166666666667,1.25,68.9166666666667,6.89166666666667,2006-03-18
"20060319","NOIRMOUTIER EN",47.004667,-2.257167,7.95833333333333,4.17916666666667,77.375,5.29166666666667,2006-03-19
"20060320","NOIRMOUTIER EN",47.004667,-2.257167,10.5958333333333,7.60416666666667,82.125,3.25,2006-03-20
"20060321","NOIRMOUTIER EN",47.004667,-2.257167,9.9,8.44166666666667,90.6666666666667,3.22916666666667,2006-03-21
"20060322","NOIRMOUTIER EN",47.004667,-2.257167,7.84583333333333,7.17916666666667,95.5416666666667,3.0625,2006-03-22
"20060323","NOIRMOUTIER EN",47.004667,-2.257167,8.8125,7.4875,91.5416666666667,5.05,2006-03-23
"20060324","NOIRMOUTIER EN",47.004667,-2.257167,11.0625,9.94583333333333,92.9166666666667,7.45416666666667,2006-03-24
"20060325","NOIRMOUTIER EN",47.004667,-2.257167,11.925,10.0208333333333,88.5833333333333,7.7125,2006-03-25
"20060326","NOIRMOUTIER EN",47.004667,-2.257167,13.5333333333333,10.8208333333333,84,6.27083333333333,2006-03-26
"20060327","NOIRMOUTIER EN",47.004667,-2.257167,12.2958333333333,10.1333333333333,86.7916666666667,7.05833333333333,2006-03-27
"20060328","NOIRMOUTIER EN",47.004667,-2.257167,10.0333333333333,7.8875,86.75,7.2125,2006-03-28
"20060329","NOIRMOUTIER EN",47.004667,-2.257167,10.7208333333333,9.4125,91.75,7.07083333333333,2006-03-29
"20060330","NOIRMOUTIER EN",47.004667,-2.257167,12.1166666666667,10.9791666666667,92.875,8.69583333333333,2006-03-30
"20060331","NOIRMOUTIER EN",47.004667,-2.257167,12.3583333333333,10.5125,88.5416666666667,7.125,2006-03-31
"20060401","NOIRMOUTIER EN",47.004667,-2.257167,12.3541666666667,10.8666666666667,90.8333333333333,7.15,2006-04-01
"20060402","NOIRMOUTIER EN",47.004667,-2.257167,11.7333333333333,9.74166666666667,87.7916666666667,7.32916666666667,2006-04-02
"20060403","NOIRMOUTIER EN",47.004667,-2.257167,10.9,8.60416666666667,85.9583333333333,3.8625,2006-04-03
"20060404","NOIRMOUTIER EN",47.004667,-2.257167,9.43333333333333,4.41666666666667,71.2916666666667,6.44166666666667,2006-04-04
"20060405","NOIRMOUTIER EN",47.004667,-2.257167,7.57083333333333,0.525,62.9166666666667,6.75833333333333,2006-04-05
"20060406","NOIRMOUTIER EN",47.004667,-2.257167,8.275,0.625,59.8333333333333,4.04583333333333,2006-04-06
"20060407","NOIRMOUTIER EN",47.004667,-2.257167,8.90416666666667,2.8125,67.5416666666667,3.49166666666667,2006-04-07
"20060408","NOIRMOUTIER EN",47.004667,-2.257167,9.25833333333333,4.9875,75,3.6875,2006-04-08
"20060409","NOIRMOUTIER EN",47.004667,-2.257167,8.99583333333333,4.02083333333333,71.6666666666667,4.17083333333333,2006-04-09
"20060410","NOIRMOUTIER EN",47.004667,-2.257167,7.97083333333333,2.99583333333333,71.3333333333333,5.2,2006-04-10
"20060411","NOIRMOUTIER EN",47.004667,-2.257167,8.17916666666667,4.42083333333333,77.4583333333333,4.39166666666667,2006-04-11
"20060412","NOIRMOUTIER EN",47.004667,-2.257167,10.2083333333333,7.83333333333333,85.4583333333333,5.825,2006-04-12
"20060413","NOIRMOUTIER EN",47.004667,-2.257167,11.1916666666667,9.8875,91.75,4.6,2006-04-13
"20060414","NOIRMOUTIER EN",47.004667,-2.257167,12.5416666666667,8.29166666666667,76.1666666666667,2.3875,2006-04-14
"20060415","NOIRMOUTIER EN",47.004667,-2.257167,12.3041666666667,10.6,89.4583333333333,6.65416666666667,2006-04-15
"20060416","NOIRMOUTIER EN",47.004667,-2.257167,12.0041666666667,10.4416666666667,90.25,5.14166666666667,2006-04-16
"20060417","NOIRMOUTIER EN",47.004667,-2.257167,11.5041666666667,9.1,85.5833333333333,4.125,2006-04-17
"20060418","NOIRMOUTIER EN",47.004667,-2.257167,10.6083333333333,6.3375,75.7916666666667,2.5875,2006-04-18
"20060419","NOIRMOUTIER EN",47.004667,-2.257167,9.75416666666667,7.81666666666667,87.9583333333333,2.5375,2006-04-19
"20060420","NOIRMOUTIER EN",47.004667,-2.257167,10.9416666666667,8.56666666666667,85.5833333333333,4.59166666666667,2006-04-20
"20060421","NOIRMOUTIER EN",47.004667,-2.257167,13.2041666666667,10.2708333333333,82.8333333333333,3.57083333333333,2006-04-21
"20060422","NOIRMOUTIER EN",47.004667,-2.257167,14.9083333333333,11.6208333333333,81.5833333333333,2.82083333333333,2006-04-22
"20060423","NOIRMOUTIER EN",47.004667,-2.257167,15.1958333333333,12.3875,83.9583333333333,2.47916666666667,2006-04-23
"20060424","NOIRMOUTIER EN",47.004667,-2.257167,13.8916666666667,11.9458333333333,88.2083333333333,3.64583333333333,2006-04-24
"20060425","NOIRMOUTIER EN",47.004667,-2.257167,13.1041666666667,11.1916666666667,88.5833333333333,3.49166666666667,2006-04-25
"20060426","NOIRMOUTIER EN",47.004667,-2.257167,13.9833333333333,12.3125,90.0416666666667,3.96666666666667,2006-04-26
"20060427","NOIRMOUTIER EN",47.004667,-2.257167,14.0833333333333,10.9041666666667,82.25,3.74583333333333,2006-04-27
"20060428","NOIRMOUTIER EN",47.004667,-2.257167,12.5291666666667,8.35833333333333,76.0833333333333,3.59166666666667,2006-04-28
"20060429","NOIRMOUTIER EN",47.004667,-2.257167,10.7,6.10416666666667,74.0416666666667,3.575,2006-04-29
"20060430","NOIRMOUTIER EN",47.004667,-2.257167,10.4083333333333,7.6625,83.5,4,2006-04-30
"20060501","NOIRMOUTIER EN",47.004667,-2.257167,12.3416666666667,9.52916666666667,83.0416666666667,4.58333333333333,2006-05-01
"20060502","NOIRMOUTIER EN",47.004667,-2.257167,13.0541666666667,10.2958333333333,84.25,2.89166666666667,2006-05-02
"20060503","NOIRMOUTIER EN",47.004667,-2.257167,14.3833333333333,10.4916666666667,79.0416666666667,2.14166666666667,2006-05-03
"20060504","NOIRMOUTIER EN",47.004667,-2.257167,15.525,12.025,80.375,4.90416666666667,2006-05-04
"20060505","NOIRMOUTIER EN",47.004667,-2.257167,14.825,12.2708333333333,85.125,2.4375,2006-05-05
"20060506","NOIRMOUTIER EN",47.004667,-2.257167,13.9875,11.8916666666667,87.3333333333333,3.09583333333333,2006-05-06
"20060507","NOIRMOUTIER EN",47.004667,-2.257167,11.825,9.98333333333333,88.5833333333333,2.34166666666667,2006-05-07
"20060508","NOIRMOUTIER EN",47.004667,-2.257167,12.0125,7.9125,76.2916666666667,5,2006-05-08
"20060509","NOIRMOUTIER EN",47.004667,-2.257167,12.6,7.84166666666667,73.25,2.99166666666667,2006-05-09
"20060510","NOIRMOUTIER EN",47.004667,-2.257167,12.7208333333333,8.34166666666667,75.625,2.52916666666667,2006-05-10
"20060511","NOIRMOUTIER EN",47.004667,-2.257167,16.0708333333333,10.4083333333333,70.75,3.40416666666667,2006-05-11
"20060512","NOIRMOUTIER EN",47.004667,-2.257167,15.9291666666667,12.9541666666667,82.9583333333333,2.69583333333333,2006-05-12
"20060513","NOIRMOUTIER EN",47.004667,-2.257167,13.5083333333333,11.4458333333333,87.4583333333333,3.775,2006-05-13
"20060514","NOIRMOUTIER EN",47.004667,-2.257167,14.7916666666667,11.7375,83.5,2.18333333333333,2006-05-14
"20060515","NOIRMOUTIER EN",47.004667,-2.257167,16.9416666666667,13.7041666666667,81.5416666666667,2.81666666666667,2006-05-15
"20060516","NOIRMOUTIER EN",47.004667,-2.257167,15.5875,13.9208333333333,89.9583333333333,2.55833333333333,2006-05-16
"20060517","NOIRMOUTIER EN",47.004667,-2.257167,17.2458333333333,15.475,89.625,3.82916666666667,2006-05-17
"20060518","NOIRMOUTIER EN",47.004667,-2.257167,15.9375,13.0708333333333,83.25,7.97083333333333,2006-05-18
"20060519","NOIRMOUTIER EN",47.004667,-2.257167,14.3791666666667,10.7625,79.4166666666667,9.75833333333333,2006-05-19
"20060520","NOIRMOUTIER EN",47.004667,-2.257167,14.2833333333333,11.45,83.2916666666667,10.5958333333333,2006-05-20
"20060521","NOIRMOUTIER EN",47.004667,-2.257167,14.85,12.2041666666667,84.5416666666667,7.69583333333333,2006-05-21
"20060522","NOIRMOUTIER EN",47.004667,-2.257167,13.5541666666667,9.20416666666667,75.1666666666667,11.4458333333333,2006-05-22
"20060523","NOIRMOUTIER EN",47.004667,-2.257167,12.325,5.95833333333333,65.5833333333333,5.34583333333333,2006-05-23
"20060524","NOIRMOUTIER EN",47.004667,-2.257167,13.6208333333333,9.07916666666667,74.125,6.8125,2006-05-24
"20060525","NOIRMOUTIER EN",47.004667,-2.257167,14.4583333333333,13.2916666666667,92.7083333333333,7.47083333333333,2006-05-25
"20060526","NOIRMOUTIER EN",47.004667,-2.257167,14.375,13.8083333333333,96.5,4.90833333333333,2006-05-26
"20060527","NOIRMOUTIER EN",47.004667,-2.257167,13.925,13.4916666666667,97.375,3.81666666666667,2006-05-27
"20060528","NOIRMOUTIER EN",47.004667,-2.257167,14.5166666666667,13.625,94.4583333333333,4.75416666666667,2006-05-28
"20060529","NOIRMOUTIER EN",47.004667,-2.257167,14.0041666666667,9.69166666666667,76.0416666666667,5.85416666666667,2006-05-29
"20060530","NOIRMOUTIER EN",47.004667,-2.257167,12.9291666666667,6.9375,68.0833333333333,4.95833333333333,2006-05-30
"20060531","NOIRMOUTIER EN",47.004667,-2.257167,13.225,5.26666666666667,60.5833333333333,4.5875,2006-05-31
"20060601","NOIRMOUTIER EN",47.004667,-2.257167,13.2541666666667,7.11666666666667,67.125,4.275,2006-06-01
"20060602","NOIRMOUTIER EN",47.004667,-2.257167,15.325,10.4125,72.9583333333333,2.71666666666667,2006-06-02
"20060603","NOIRMOUTIER EN",47.004667,-2.257167,16.5041666666667,11.0333333333333,71.25,3.33333333333333,2006-06-03
"20060604","NOIRMOUTIER EN",47.004667,-2.257167,17.3208333333333,12.0291666666667,72.125,3.0375,2006-06-04
"20060605","NOIRMOUTIER EN",47.004667,-2.257167,18.4083333333333,12.0625,68.3333333333333,2.93333333333333,2006-06-05
"20060606","NOIRMOUTIER EN",47.004667,-2.257167,19.8166666666667,12.5958333333333,64.875,4.13333333333333,2006-06-06
"20060607","NOIRMOUTIER EN",47.004667,-2.257167,19.175,8.24583333333333,51.25,4.84583333333333,2006-06-07
"20060608","NOIRMOUTIER EN",47.004667,-2.257167,20.8666666666667,8.5625,47.4166666666667,5.95833333333333,2006-06-08
"20060609","NOIRMOUTIER EN",47.004667,-2.257167,22.0458333333333,10.925,51.0416666666667,4.31666666666667,2006-06-09
"20060610","NOIRMOUTIER EN",47.004667,-2.257167,18.9875,15.7166666666667,81.7083333333333,4.14166666666667,2006-06-10
"20060611","NOIRMOUTIER EN",47.004667,-2.257167,21.8125,15.9708333333333,72.375,2.125,2006-06-11
"20060612","NOIRMOUTIER EN",47.004667,-2.257167,20.4833333333333,16.375,78.0833333333333,3.6125,2006-06-12
"20060613","NOIRMOUTIER EN",47.004667,-2.257167,20.7583333333333,15.7208333333333,75.125,3.0125,2006-06-13
"20060614","NOIRMOUTIER EN",47.004667,-2.257167,18.6208333333333,16.6166666666667,88.125,3.38333333333333,2006-06-14
"20060615","NOIRMOUTIER EN",47.004667,-2.257167,21.1375,16.6333333333333,76.9166666666667,5.50416666666667,2006-06-15
"20060616","NOIRMOUTIER EN",47.004667,-2.257167,20.7458333333333,15.45,72.5416666666667,5.19583333333333,2006-06-16
"20060617","NOIRMOUTIER EN",47.004667,-2.257167,20.8625,16.6333333333333,77.25,3.97916666666667,2006-06-17
"20060618","NOIRMOUTIER EN",47.004667,-2.257167,18.9041666666667,16.8583333333333,88.1666666666667,3.99583333333333,2006-06-18
"20060619","NOIRMOUTIER EN",47.004667,-2.257167,17.9541666666667,14.6333333333333,81.1666666666667,3.95,2006-06-19
"20060620","NOIRMOUTIER EN",47.004667,-2.257167,17.4708333333333,12.5458333333333,73,3.225,2006-06-20
"20060621","NOIRMOUTIER EN",47.004667,-2.257167,17.1833333333333,13.525,79.25,6.325,2006-06-21
"20060622","NOIRMOUTIER EN",47.004667,-2.257167,16.7083333333333,10.4208333333333,66.7083333333333,3.60416666666667,2006-06-22
"20060623","NOIRMOUTIER EN",47.004667,-2.257167,16.725,12.0375,74.9583333333333,3.125,2006-06-23
"20060624","NOIRMOUTIER EN",47.004667,-2.257167,17.7541666666667,14.7291666666667,82.7083333333333,2.52916666666667,2006-06-24
"20060625","NOIRMOUTIER EN",47.004667,-2.257167,17.3458333333333,14.8541666666667,85.75,3.44166666666667,2006-06-25
"20060626","NOIRMOUTIER EN",47.004667,-2.257167,18.3708333333333,14.7041666666667,79.75,3.59166666666667,2006-06-26
"20060627","NOIRMOUTIER EN",47.004667,-2.257167,17.625,12.8625,74.8333333333333,2.70833333333333,2006-06-27
"20060628","NOIRMOUTIER EN",47.004667,-2.257167,18.4375,14.9708333333333,80.8333333333333,3.58333333333333,2006-06-28
"20060629","NOIRMOUTIER EN",47.004667,-2.257167,18.8125,15.0375,79.1666666666667,3.925,2006-06-29
"20060630","NOIRMOUTIER EN",47.004667,-2.257167,19.5625,15.1958333333333,76.625,3.28333333333333,2006-06-30
"20060701","NOIRMOUTIER EN",47.004667,-2.257167,24.0916666666667,15.8833333333333,62.6666666666667,2.89583333333333,2006-07-01
"20060702","NOIRMOUTIER EN",47.004667,-2.257167,25.825,14.7833333333333,52.0416666666667,3.05,2006-07-02
"20060703","NOIRMOUTIER EN",47.004667,-2.257167,21.7583333333333,17.9208333333333,79.125,3.8125,2006-07-03
"20060704","NOIRMOUTIER EN",47.004667,-2.257167,20.4625,16.425,77.9583333333333,3.73333333333333,2006-07-04
"20060705","NOIRMOUTIER EN",47.004667,-2.257167,20.2583333333333,16.7041666666667,80.375,4.28333333333333,2006-07-05
"20060706","NOIRMOUTIER EN",47.004667,-2.257167,19.8958333333333,16.8166666666667,82.75,5.7,2006-07-06
"20060707","NOIRMOUTIER EN",47.004667,-2.257167,19.5791666666667,14.8958333333333,74.7916666666667,3.95833333333333,2006-07-07
"20060708","NOIRMOUTIER EN",47.004667,-2.257167,19.9375,16.3333333333333,80.0833333333333,3.11666666666667,2006-07-08
"20060709","NOIRMOUTIER EN",47.004667,-2.257167,19.5875,17.3875,87.1666666666667,4.825,2006-07-09
"20060710","NOIRMOUTIER EN",47.004667,-2.257167,20.5916666666667,16.6791666666667,79.0416666666667,2.42916666666667,2006-07-10
"20060711","NOIRMOUTIER EN",47.004667,-2.257167,20.0666666666667,16.3,79.75,4.69583333333333,2006-07-11
"20060712","NOIRMOUTIER EN",47.004667,-2.257167,19.0041666666667,13.3291666666667,70.375,5.14583333333333,2006-07-12
"20060713","NOIRMOUTIER EN",47.004667,-2.257167,20.5458333333333,13.8625,66.625,4.85833333333333,2006-07-13
"20060714","NOIRMOUTIER EN",47.004667,-2.257167,23.5875,14.8541666666667,61.125,4.34583333333333,2006-07-14
"20060715","NOIRMOUTIER EN",47.004667,-2.257167,25.9458333333333,15.0458333333333,52.875,4.775,2006-07-15
"20060716","NOIRMOUTIER EN",47.004667,-2.257167,25.975,13.6875,48.7916666666667,3.99583333333333,2006-07-16
"20060717","NOIRMOUTIER EN",47.004667,-2.257167,25.15,14.5166666666667,53.7083333333333,3.13333333333333,2006-07-17
"20060718","NOIRMOUTIER EN",47.004667,-2.257167,27.7083333333333,12.3291666666667,41.7083333333333,2.81666666666667,2006-07-18
"20060719","NOIRMOUTIER EN",47.004667,-2.257167,23.6083333333333,18.0958333333333,72.75,2.72083333333333,2006-07-19
"20060720","NOIRMOUTIER EN",47.004667,-2.257167,21.7791666666667,18.9,84.3333333333333,2.97083333333333,2006-07-20
"20060721","NOIRMOUTIER EN",47.004667,-2.257167,22.2333333333333,17.5916666666667,76.1666666666667,2.85416666666667,2006-07-21
"20060722","NOIRMOUTIER EN",47.004667,-2.257167,21.4708333333333,17.2208333333333,77.5833333333333,4.12083333333333,2006-07-22
"20060723","NOIRMOUTIER EN",47.004667,-2.257167,20.9041666666667,16.9916666666667,79.2083333333333,3.03333333333333,2006-07-23
"20060724","NOIRMOUTIER EN",47.004667,-2.257167,21.9333333333333,15.5625,69.3333333333333,3.44583333333333,2006-07-24
"20060725","NOIRMOUTIER EN",47.004667,-2.257167,21.6416666666667,16.6666666666667,75.25,2.65,2006-07-25
"20060726","NOIRMOUTIER EN",47.004667,-2.257167,21.975,17.4166666666667,76.25,3.0625,2006-07-26
"20060727","NOIRMOUTIER EN",47.004667,-2.257167,20.8041666666667,17.0208333333333,79.125,4.25833333333333,2006-07-27
"20060728","NOIRMOUTIER EN",47.004667,-2.257167,19.8625,15.1166666666667,74.7083333333333,4.5625,2006-07-28
"20060729","NOIRMOUTIER EN",47.004667,-2.257167,20.6875,16.9416666666667,79.9583333333333,4.17083333333333,2006-07-29
"20060730","NOIRMOUTIER EN",47.004667,-2.257167,19.9916666666667,17.3083333333333,85.0833333333333,3.0625,2006-07-30
"20060731","NOIRMOUTIER EN",47.004667,-2.257167,19.8541666666667,16.1875,80.0416666666667,4.975,2006-07-31
"20060801","NOIRMOUTIER EN",47.004667,-2.257167,18.9791666666667,14.9166666666667,77.5833333333333,6.90833333333333,2006-08-01
"20060802","NOIRMOUTIER EN",47.004667,-2.257167,18.0666666666667,16.3666666666667,89.875,3.55416666666667,2006-08-02
"20060803","NOIRMOUTIER EN",47.004667,-2.257167,18.0125,13.925,77.25,4.78333333333333,2006-08-03
"20060804","NOIRMOUTIER EN",47.004667,-2.257167,18.3416666666667,15.1666666666667,82.0833333333333,4.29583333333333,2006-08-04
"20060805","NOIRMOUTIER EN",47.004667,-2.257167,19.4833333333333,14.5291666666667,73.9583333333333,3.60833333333333,2006-08-05
"20060806","NOIRMOUTIER EN",47.004667,-2.257167,20.1916666666667,15.8,77.2083333333333,3.72916666666667,2006-08-06
"20060807","NOIRMOUTIER EN",47.004667,-2.257167,20.4708333333333,16.5875,79.375,4.42083333333333,2006-08-07
"20060808","NOIRMOUTIER EN",47.004667,-2.257167,21.7166666666667,14.1875,65.3333333333333,4.475,2006-08-08
"20060809","NOIRMOUTIER EN",47.004667,-2.257167,18.7333333333333,13.6625,73.0416666666667,4.34166666666667,2006-08-09
"20060810","NOIRMOUTIER EN",47.004667,-2.257167,17.9875,13.0583333333333,73.4583333333333,5.38333333333333,2006-08-10
"20060811","NOIRMOUTIER EN",47.004667,-2.257167,17.4458333333333,14.2166666666667,81.5416666666667,5.25833333333333,2006-08-11
"20060812","NOIRMOUTIER EN",47.004667,-2.257167,17.4291666666667,11.8833333333333,70.4583333333333,5.35833333333333,2006-08-12
"20060813","NOIRMOUTIER EN",47.004667,-2.257167,16.6291666666667,12.35,76.3333333333333,5.6125,2006-08-13
"20060814","NOIRMOUTIER EN",47.004667,-2.257167,16.9583333333333,13.5,80.375,3.25416666666667,2006-08-14
"20060815","NOIRMOUTIER EN",47.004667,-2.257167,16.9791666666667,13.7833333333333,82.4166666666667,3.06666666666667,2006-08-15
"20060816","NOIRMOUTIER EN",47.004667,-2.257167,16.7583333333333,14.9916666666667,89.375,5.46666666666667,2006-08-16
"20060817","NOIRMOUTIER EN",47.004667,-2.257167,17.8541666666667,14.125,79.5833333333333,6.3625,2006-08-17
"20060818","NOIRMOUTIER EN",47.004667,-2.257167,18.3583333333333,14.925,80.7916666666667,4.95,2006-08-18
"20060819","NOIRMOUTIER EN",47.004667,-2.257167,18.4833333333333,15.6208333333333,84,4.74166666666667,2006-08-19
"20060820","NOIRMOUTIER EN",47.004667,-2.257167,18.4375,14.6,78.9166666666667,4.925,2006-08-20
"20060821","NOIRMOUTIER EN",47.004667,-2.257167,18.6083333333333,16.0541666666667,85.2916666666667,5.5125,2006-08-21
"20060822","NOIRMOUTIER EN",47.004667,-2.257167,17.4666666666667,13.8583333333333,80.1666666666667,3.39583333333333,2006-08-22
"20060823","NOIRMOUTIER EN",47.004667,-2.257167,18.0958333333333,15.2958333333333,84.4166666666667,4.09166666666667,2006-08-23
"20060824","NOIRMOUTIER EN",47.004667,-2.257167,17.5708333333333,13.1875,75.8333333333333,5.65833333333333,2006-08-24
"20060825","NOIRMOUTIER EN",47.004667,-2.257167,17.7,16.1166666666667,90.5833333333333,4.38333333333333,2006-08-25
"20060826","NOIRMOUTIER EN",47.004667,-2.257167,18.0666666666667,15.1791666666667,83.4583333333333,6.7125,2006-08-26
"20060827","NOIRMOUTIER EN",47.004667,-2.257167,17.85,14.1,79.375,2.8125,2006-08-27
"20060828","NOIRMOUTIER EN",47.004667,-2.257167,18.2708333333333,16.2375,88.25,5.4625,2006-08-28
"20060829","NOIRMOUTIER EN",47.004667,-2.257167,15.9916666666667,13.6458333333333,86.3333333333333,4.36666666666667,2006-08-29
"20060830","NOIRMOUTIER EN",47.004667,-2.257167,15.9708333333333,11.8458333333333,77.25,2.60833333333333,2006-08-30
"20060831","NOIRMOUTIER EN",47.004667,-2.257167,17.3791666666667,12.2125,74.3333333333333,2.50416666666667,2006-08-31
"20060901","NOIRMOUTIER EN",47.004667,-2.257167,18.8541666666667,15.0541666666667,79.5416666666667,3.5875,2006-09-01
"20060902","NOIRMOUTIER EN",47.004667,-2.257167,19.0958333333333,17.2375,89.125,5.09166666666667,2006-09-02
"20060903","NOIRMOUTIER EN",47.004667,-2.257167,20.175,19.3333333333333,95,5.9875,2006-09-03
"20060904","NOIRMOUTIER EN",47.004667,-2.257167,20.3291666666667,19.2541666666667,93.7916666666667,2.8375,2006-09-04
"20060905","NOIRMOUTIER EN",47.004667,-2.257167,22.5041666666667,18.5916666666667,80.625,2.90416666666667,2006-09-05
"20060906","NOIRMOUTIER EN",47.004667,-2.257167,22.8875,17.675,73.8333333333333,2.81666666666667,2006-09-06
"20060907","NOIRMOUTIER EN",47.004667,-2.257167,21.1375,16.1625,74.9166666666667,5.575,2006-09-07
"20060908","NOIRMOUTIER EN",47.004667,-2.257167,19.5916666666667,9.66666666666667,54.2916666666667,6.05833333333333,2006-09-08
"20060909","NOIRMOUTIER EN",47.004667,-2.257167,19.1208333333333,11.6958333333333,63,3.42916666666667,2006-09-09
"20060910","NOIRMOUTIER EN",47.004667,-2.257167,20.8541666666667,14.5625,69.5416666666667,1.99166666666667,2006-09-10
"20060911","NOIRMOUTIER EN",47.004667,-2.257167,18.1875,16.8416666666667,91.875,2.07916666666667,2006-09-11
"20060912","NOIRMOUTIER EN",47.004667,-2.257167,18.0583333333333,16.7083333333333,92.0416666666667,1.01666666666667,2006-09-12
"20060913","NOIRMOUTIER EN",47.004667,-2.257167,17.9458333333333,17.1291666666667,95.0416666666667,1.94583333333333,2006-09-13
"20060914","NOIRMOUTIER EN",47.004667,-2.257167,17.9708333333333,15.2125,84.3333333333333,4.80833333333333,2006-09-14
"20060915","NOIRMOUTIER EN",47.004667,-2.257167,16.0125,13.0958333333333,83.125,6.73333333333333,2006-09-15
"20060916","NOIRMOUTIER EN",47.004667,-2.257167,16.5875,13.7125,83.1666666666667,6.975,2006-09-16
"20060917","NOIRMOUTIER EN",47.004667,-2.257167,17.3791666666667,15.725,90.25,3.125,2006-09-17
"20060918","NOIRMOUTIER EN",47.004667,-2.257167,18.3833333333333,16.2458333333333,87.6666666666667,3.77916666666667,2006-09-18
"20060919","NOIRMOUTIER EN",47.004667,-2.257167,18.0916666666667,14.7208333333333,81.875,2.8,2006-09-19
"20060920","NOIRMOUTIER EN",47.004667,-2.257167,19.4333333333333,15.7083333333333,80.3333333333333,4.63333333333333,2006-09-20
"20060921","NOIRMOUTIER EN",47.004667,-2.257167,20.8625,15.1083333333333,70.9166666666667,7.06666666666667,2006-09-21
"20060922","NOIRMOUTIER EN",47.004667,-2.257167,18.1583333333333,15.4583333333333,84.7083333333333,4.66666666666667,2006-09-22
"20060923","NOIRMOUTIER EN",47.004667,-2.257167,18.9958333333333,14.7166666666667,77.5,5.11666666666667,2006-09-23
"20060924","NOIRMOUTIER EN",47.004667,-2.257167,16.85,13.9833333333333,83.2916666666667,4.8375,2006-09-24
"20060925","NOIRMOUTIER EN",47.004667,-2.257167,17.3083333333333,13.8625,80.4166666666667,5.39166666666667,2006-09-25
"20060926","NOIRMOUTIER EN",47.004667,-2.257167,16.225,13.25,83.375,1.50833333333333,2006-09-26
"20060927","NOIRMOUTIER EN",47.004667,-2.257167,17.1166666666667,14.0791666666667,82.875,3.67083333333333,2006-09-27
"20060928","NOIRMOUTIER EN",47.004667,-2.257167,19.1166666666667,17.6458333333333,91.25,4.175,2006-09-28
"20060929","NOIRMOUTIER EN",47.004667,-2.257167,18.9,15.8458333333333,82.8333333333333,6.60416666666667,2006-09-29
"20060930","NOIRMOUTIER EN",47.004667,-2.257167,18.5791666666667,14.9541666666667,79.5833333333333,6.06666666666667,2006-09-30
"20061001","NOIRMOUTIER EN",47.004667,-2.257167,18.675,14.7583333333333,78.25,9.2875,2006-10-01
"20061002","NOIRMOUTIER EN",47.004667,-2.257167,16.5583333333333,13.4083333333333,81.75,5.70833333333333,2006-10-02
"20061003","NOIRMOUTIER EN",47.004667,-2.257167,15.5708333333333,11.6625,78.125,4.625,2006-10-03
"20061004","NOIRMOUTIER EN",47.004667,-2.257167,15.2416666666667,11.3958333333333,78.2083333333333,3.09166666666667,2006-10-04
"20061005","NOIRMOUTIER EN",47.004667,-2.257167,16.8375,13.1458333333333,78.9166666666667,6.33333333333333,2006-10-05
"20061006","NOIRMOUTIER EN",47.004667,-2.257167,17.2291666666667,14.4833333333333,84.0416666666667,8.21666666666667,2006-10-06
"20061007","NOIRMOUTIER EN",47.004667,-2.257167,14.925,8.525,66.75,2.90833333333333,2006-10-07
"20061008","NOIRMOUTIER EN",47.004667,-2.257167,14.8916666666667,10.025,73.625,3.45833333333333,2006-10-08
"20061009","NOIRMOUTIER EN",47.004667,-2.257167,18.3583333333333,16.6666666666667,90.0416666666667,3.15416666666667,2006-10-09
"20061010","NOIRMOUTIER EN",47.004667,-2.257167,19.0416666666667,16.0291666666667,83.7083333333333,2.84583333333333,2006-10-10
"20061011","NOIRMOUTIER EN",47.004667,-2.257167,16.6541666666667,14.5791666666667,87.875,4.2375,2006-10-11
"20061012","NOIRMOUTIER EN",47.004667,-2.257167,14.9291666666667,10.0208333333333,73.25,2.21666666666667,2006-10-12
"20061013","NOIRMOUTIER EN",47.004667,-2.257167,15.5375,11.6291666666667,77.75,3.55416666666667,2006-10-13
"20061014","NOIRMOUTIER EN",47.004667,-2.257167,15.85,13.5875,86.5416666666667,3.91666666666667,2006-10-14
"20061015","NOIRMOUTIER EN",47.004667,-2.257167,15.7416666666667,13.1791666666667,85.0833333333333,5.28333333333333,2006-10-15
"20061016","NOIRMOUTIER EN",47.004667,-2.257167,17.2833333333333,12.8625,75.7916666666667,3.9375,2006-10-16
"20061017","NOIRMOUTIER EN",47.004667,-2.257167,17.0208333333333,14.3041666666667,84.375,4.72083333333333,2006-10-17
"20061018","NOIRMOUTIER EN",47.004667,-2.257167,17.825,14.55,81.7916666666667,6.06666666666667,2006-10-18
"20061019","NOIRMOUTIER EN",47.004667,-2.257167,16.2625,11.6875,74.75,10.275,2006-10-19
"20061020","NOIRMOUTIER EN",47.004667,-2.257167,16.5833333333333,13.0083333333333,79.4166666666667,6.675,2006-10-20
"20061021","NOIRMOUTIER EN",47.004667,-2.257167,16.8875,13.7916666666667,81.9166666666667,7.525,2006-10-21
"20061022","NOIRMOUTIER EN",47.004667,-2.257167,17.5041666666667,15.0208333333333,85.4583333333333,6.97916666666667,2006-10-22
"20061023","NOIRMOUTIER EN",47.004667,-2.257167,16.6958333333333,13.7791666666667,83.7083333333333,8.09166666666667,2006-10-23
"20061024","NOIRMOUTIER EN",47.004667,-2.257167,15.9083333333333,10.925,72.5416666666667,8.90416666666667,2006-10-24
"20061025","NOIRMOUTIER EN",47.004667,-2.257167,18.0458333333333,13.8375,76.75,5.725,2006-10-25
"20061026","NOIRMOUTIER EN",47.004667,-2.257167,17.6541666666667,16.1291666666667,90.8333333333333,3.19166666666667,2006-10-26
"20061027","NOIRMOUTIER EN",47.004667,-2.257167,15.1125,14.3666666666667,95.3333333333333,1.19166666666667,2006-10-27
"20061028","NOIRMOUTIER EN",47.004667,-2.257167,16.5333333333333,15.2291666666667,92.25,1.52083333333333,2006-10-28
"20061029","NOIRMOUTIER EN",47.004667,-2.257167,15.475,14.2875,92.7916666666667,1.16666666666667,2006-10-29
"20061030","NOIRMOUTIER EN",47.004667,-2.257167,16.4041666666667,14.6708333333333,89.6666666666667,2.31666666666667,2006-10-30
"20061031","NOIRMOUTIER EN",47.004667,-2.257167,14.3375,11.5958333333333,84.0833333333333,3.19583333333333,2006-10-31
"20061101","NOIRMOUTIER EN",47.004667,-2.257167,11.7291666666667,5.3875,65.5416666666667,5.325,2006-11-01
"20061102","NOIRMOUTIER EN",47.004667,-2.257167,8.8625,3.48333333333333,69.4583333333333,5.49583333333333,2006-11-02
"20061103","NOIRMOUTIER EN",47.004667,-2.257167,8.52916666666667,2.94583333333333,68.5833333333333,6.675,2006-11-03
"20061104","NOIRMOUTIER EN",47.004667,-2.257167,8.48333333333333,2.72916666666667,67.9166666666667,6.80833333333333,2006-11-04
"20061105","NOIRMOUTIER EN",47.004667,-2.257167,9.61666666666667,4.12083333333333,69.6666666666667,5.575,2006-11-05
"20061106","NOIRMOUTIER EN",47.004667,-2.257167,9.87083333333333,4.65,70.6666666666667,3.82083333333333,2006-11-06
"20061107","NOIRMOUTIER EN",47.004667,-2.257167,10.6958333333333,8.09166666666667,84.1666666666667,2.1125,2006-11-07
"20061108","NOIRMOUTIER EN",47.004667,-2.257167,12.4041666666667,10.7708333333333,90.1666666666667,1.20833333333333,2006-11-08
"20061109","NOIRMOUTIER EN",47.004667,-2.257167,13.2625,11.6125,90.0833333333333,1.75833333333333,2006-11-09
"20061110","NOIRMOUTIER EN",47.004667,-2.257167,10.9833333333333,8.9,87.2083333333333,3.03333333333333,2006-11-10
"20061111","NOIRMOUTIER EN",47.004667,-2.257167,14.5958333333333,13.0333333333333,90.25,4.50416666666667,2006-11-11
"20061112","NOIRMOUTIER EN",47.004667,-2.257167,13.4,9.54166666666667,77.7083333333333,3.8,2006-11-12
"20061113","NOIRMOUTIER EN",47.004667,-2.257167,14.4541666666667,12.1125,86.1666666666667,6.11666666666667,2006-11-13
"20061114","NOIRMOUTIER EN",47.004667,-2.257167,15.0125,12.8208333333333,86.7916666666667,4.37083333333333,2006-11-14
"20061115","NOIRMOUTIER EN",47.004667,-2.257167,14.4625,12.0625,85.7916666666667,6.04583333333333,2006-11-15
"20061116","NOIRMOUTIER EN",47.004667,-2.257167,14.2333333333333,11.0916666666667,81.5833333333333,6.08333333333333,2006-11-16
"20061117","NOIRMOUTIER EN",47.004667,-2.257167,13.5666666666667,8.84583333333333,73.3333333333333,9.17916666666667,2006-11-17
"20061118","NOIRMOUTIER EN",47.004667,-2.257167,10.3041666666667,7.37916666666667,82.4166666666667,1.9875,2006-11-18
"20061119","NOIRMOUTIER EN",47.004667,-2.257167,10.5583333333333,5.72916666666667,72.7916666666667,3.64583333333333,2006-11-19
"20061120","NOIRMOUTIER EN",47.004667,-2.257167,13.7375,10.7416666666667,82.375,9.35,2006-11-20
"20061121","NOIRMOUTIER EN",47.004667,-2.257167,11.8916666666667,7.92083333333333,76.9166666666667,7.74583333333333,2006-11-21
"20061122","NOIRMOUTIER EN",47.004667,-2.257167,13.4125,11.5375,88.5,6.30833333333333,2006-11-22
"20061123","NOIRMOUTIER EN",47.004667,-2.257167,13.85,11.1833333333333,84.0833333333333,9.075,2006-11-23
"20061124","NOIRMOUTIER EN",47.004667,-2.257167,14.4041666666667,12.0125,85.7083333333333,7.54166666666667,2006-11-24
"20061125","NOIRMOUTIER EN",47.004667,-2.257167,13.9083333333333,9.79583333333333,76.5833333333333,8.1125,2006-11-25
"20061126","NOIRMOUTIER EN",47.004667,-2.257167,13.0625,10.1041666666667,82.5,3.9375,2006-11-26
"20061127","NOIRMOUTIER EN",47.004667,-2.257167,14.5875,11.9083333333333,84.25,5.51666666666667,2006-11-27
"20061128","NOIRMOUTIER EN",47.004667,-2.257167,13.2125,10.0708333333333,81.625,5.55833333333333,2006-11-28
"20061129","NOIRMOUTIER EN",47.004667,-2.257167,10.6291666666667,7.49166666666667,81.5,1.90416666666667,2006-11-29
"20061130","NOIRMOUTIER EN",47.004667,-2.257167,7.6375,5.325,85.4583333333333,3.84583333333333,2006-11-30
"20061201","NOIRMOUTIER EN",47.004667,-2.257167,12.8166666666667,11.4916666666667,91.6666666666667,5.15833333333333,2006-12-01
"20061202","NOIRMOUTIER EN",47.004667,-2.257167,11.3916666666667,9.12083333333333,86.25,3.45833333333333,2006-12-02
"20061203","NOIRMOUTIER EN",47.004667,-2.257167,12.6125,8.12916666666667,74.7083333333333,10.6416666666667,2006-12-03
"20061204","NOIRMOUTIER EN",47.004667,-2.257167,14.4625,12.1916666666667,86.3333333333333,10.5416666666667,2006-12-04
"20061205","NOIRMOUTIER EN",47.004667,-2.257167,13.7083333333333,10.225,79.625,10.2,2006-12-05
"20061206","NOIRMOUTIER EN",47.004667,-2.257167,11.3625,6.1875,70.7083333333333,8.04583333333333,2006-12-06
"20061207","NOIRMOUTIER EN",47.004667,-2.257167,13.2708333333333,10.4083333333333,83.1666666666667,8.82083333333333,2006-12-07
"20061208","NOIRMOUTIER EN",47.004667,-2.257167,11.1083333333333,7.05833333333333,76.625,9.93333333333333,2006-12-08
"20061209","NOIRMOUTIER EN",47.004667,-2.257167,9.225,4.84583333333333,74.125,4.93333333333333,2006-12-09
"20061210","NOIRMOUTIER EN",47.004667,-2.257167,8.525,4.8625,77.9583333333333,3.45833333333333,2006-12-10
"20061211","NOIRMOUTIER EN",47.004667,-2.257167,12.2833333333333,9.56666666666667,83.6666666666667,8.55416666666667,2006-12-11
"20061212","NOIRMOUTIER EN",47.004667,-2.257167,9.22916666666667,6.52083333333333,83.7083333333333,2.30833333333333,2006-12-12
"20061213","NOIRMOUTIER EN",47.004667,-2.257167,10.475,7.74583333333333,83.7916666666667,2.89166666666667,2006-12-13
"20061214","NOIRMOUTIER EN",47.004667,-2.257167,8.75833333333333,7.20833333333333,90.2916666666667,3.1,2006-12-14
"20061215","NOIRMOUTIER EN",47.004667,-2.257167,8.36666666666667,6.70416666666667,89.5416666666667,2.87083333333333,2006-12-15
"20061216","NOIRMOUTIER EN",47.004667,-2.257167,9.64583333333333,7.325,85.5416666666667,4.45833333333333,2006-12-16
"20061217","NOIRMOUTIER EN",47.004667,-2.257167,5.92083333333333,4.25416666666667,89.75,0.925,2006-12-17
"20061218","NOIRMOUTIER EN",47.004667,-2.257167,7.52083333333333,5.92916666666667,89.9166666666667,1.05833333333333,2006-12-18
"20061219","NOIRMOUTIER EN",47.004667,-2.257167,4.46666666666667,1.04583333333333,79.0833333333333,6.15416666666667,2006-12-19
"20061220","NOIRMOUTIER EN",47.004667,-2.257167,3.38333333333333,-0.966666666666667,73.2916666666667,5.8625,2006-12-20
"20061221","NOIRMOUTIER EN",47.004667,-2.257167,4.5875,1.1625,78.5,5.38333333333333,2006-12-21
"20061222","NOIRMOUTIER EN",47.004667,-2.257167,5.575,1.925,77.5,5.22916666666667,2006-12-22
"20061223","NOIRMOUTIER EN",47.004667,-2.257167,1.80833333333333,0.654166666666667,91.9166666666667,2.65,2006-12-23
"20061224","NOIRMOUTIER EN",47.004667,-2.257167,1.45,-0.616666666666667,86.3333333333333,1.83333333333333,2006-12-24
"20061225","NOIRMOUTIER EN",47.004667,-2.257167,1.57083333333333,-0.270833333333333,87.625,2.94166666666667,2006-12-25
"20061226","NOIRMOUTIER EN",47.004667,-2.257167,0.95,-0.35,91.1666666666667,1.81666666666667,2006-12-26
"20061227","NOIRMOUTIER EN",47.004667,-2.257167,2.1125,0.579166666666667,89.7083333333333,3.24583333333333,2006-12-27
"20061228","NOIRMOUTIER EN",47.004667,-2.257167,1.1625,0.6125,96.0833333333333,2.57916666666667,2006-12-28
"20061229","NOIRMOUTIER EN",47.004667,-2.257167,8.65416666666667,7.5375,92.6666666666667,5.83333333333333,2006-12-29
"20061230","NOIRMOUTIER EN",47.004667,-2.257167,12.4,10.175,86.625,9.8625,2006-12-30
"20061231","NOIRMOUTIER EN",47.004667,-2.257167,11.5333333333333,10.0708333333333,90.875,8.10833333333333,2006-12-31
"20070101","NOIRMOUTIER EN",47.004667,-2.257167,10.3125,6.40416666666667,76.9583333333333,8.62916666666667,2007-01-01
"20070102","NOIRMOUTIER EN",47.004667,-2.257167,9.99166666666667,6.2625,77.8333333333333,6.93333333333333,2007-01-02
"20070103","NOIRMOUTIER EN",47.004667,-2.257167,9.89583333333333,8.12916666666667,88.9166666666667,4.24583333333333,2007-01-03
"20070104","NOIRMOUTIER EN",47.004667,-2.257167,11.4208333333333,9.22083333333333,86.4583333333333,6.25,2007-01-04
"20070105","NOIRMOUTIER EN",47.004667,-2.257167,11.5208333333333,10.0916666666667,91,4.325,2007-01-05
"20070106","NOIRMOUTIER EN",47.004667,-2.257167,11.6583333333333,10.4083333333333,92.0416666666667,5.81666666666667,2007-01-06
"20070107","NOIRMOUTIER EN",47.004667,-2.257167,10.6666666666667,8.40833333333333,86.0833333333333,5.7125,2007-01-07
"20070108","NOIRMOUTIER EN",47.004667,-2.257167,12.2833333333333,10.8291666666667,90.9583333333333,8.67083333333333,2007-01-08
"20070109","NOIRMOUTIER EN",47.004667,-2.257167,12.8791666666667,10.6375,86.4583333333333,7.775,2007-01-09
"20070110","NOIRMOUTIER EN",47.004667,-2.257167,11.1833333333333,9.02916666666667,86.7083333333333,5.17083333333333,2007-01-10
"20070111","NOIRMOUTIER EN",47.004667,-2.257167,11.3708333333333,8.53333333333333,83,8.3,2007-01-11
"20070112","NOIRMOUTIER EN",47.004667,-2.257167,12.0208333333333,11.2875,95.2916666666667,4.52083333333333,2007-01-12
"20070113","NOIRMOUTIER EN",47.004667,-2.257167,10.7041666666667,9.67916666666667,93.5416666666667,4.47083333333333,2007-01-13
"20070114","NOIRMOUTIER EN",47.004667,-2.257167,9.52916666666667,7.75416666666667,88.9583333333333,2.37916666666667,2007-01-14
"20070115","NOIRMOUTIER EN",47.004667,-2.257167,9.44583333333333,8.78333333333333,95.625,2.42083333333333,2007-01-15
"20070116","NOIRMOUTIER EN",47.004667,-2.257167,10.2625,9.42083333333333,94.4583333333333,3.50416666666667,2007-01-16
"20070117","NOIRMOUTIER EN",47.004667,-2.257167,12.7166666666667,11.175,90.4583333333333,9.20833333333333,2007-01-17
"20070118","NOIRMOUTIER EN",47.004667,-2.257167,13.4375,12.0916666666667,91.7916666666667,12.4958333333333,2007-01-18
"20070119","NOIRMOUTIER EN",47.004667,-2.257167,13.1458333333333,11.975,92.6666666666667,7.67916666666667,2007-01-19
"20070120","NOIRMOUTIER EN",47.004667,-2.257167,12.2791666666667,9.60833333333333,83.9583333333333,7.30416666666667,2007-01-20
"20070121","NOIRMOUTIER EN",47.004667,-2.257167,10.075,4.875,70.4583333333333,5.76666666666667,2007-01-21
"20070122","NOIRMOUTIER EN",47.004667,-2.257167,7.73333333333333,4.21666666666667,78.5833333333333,3.27083333333333,2007-01-22
"20070123","NOIRMOUTIER EN",47.004667,-2.257167,4.82083333333333,-0.2625,70.2916666666667,8.26666666666667,2007-01-23
"20070124","NOIRMOUTIER EN",47.004667,-2.257167,4.3375,0.270833333333333,75.5,5.80416666666667,2007-01-24
"20070125","NOIRMOUTIER EN",47.004667,-2.257167,0.75,-2.8875,77.2083333333333,6.97916666666667,2007-01-25
"20070126","NOIRMOUTIER EN",47.004667,-2.257167,1.89166666666667,-2.35,74.375,1.67083333333333,2007-01-26
"20070127","NOIRMOUTIER EN",47.004667,-2.257167,7.575,4.99583333333333,83.7916666666667,1.49583333333333,2007-01-27
"20070128","NOIRMOUTIER EN",47.004667,-2.257167,6.25416666666667,4.05833333333333,86.7083333333333,1.55833333333333,2007-01-28
"20070129","NOIRMOUTIER EN",47.004667,-2.257167,7.89166666666667,3.34583333333333,73.2083333333333,2.9,2007-01-29
"20070130","NOIRMOUTIER EN",47.004667,-2.257167,6.89166666666667,4.05833333333333,82.4166666666667,4.5375,2007-01-30
"20070131","NOIRMOUTIER EN",47.004667,-2.257167,7.80416666666667,3.9625,76.7916666666667,3.17916666666667,2007-01-31
"20070201","NOIRMOUTIER EN",47.004667,-2.257167,7.88333333333333,6.16666666666667,89,1.43333333333333,2007-02-01
"20070202","NOIRMOUTIER EN",47.004667,-2.257167,9.49583333333333,7.88333333333333,89.9166666666667,3.3125,2007-02-02
"20070203","NOIRMOUTIER EN",47.004667,-2.257167,9.44583333333333,5.12916666666667,75,6.1875,2007-02-03
"20070204","NOIRMOUTIER EN",47.004667,-2.257167,6.62916666666667,2.8375,76.9166666666667,4.24166666666667,2007-02-04
"20070205","NOIRMOUTIER EN",47.004667,-2.257167,8.21666666666667,4.50416666666667,77.5416666666667,2.9125,2007-02-05
"20070206","NOIRMOUTIER EN",47.004667,-2.257167,7.65,5.69583333333333,87.875,1.84166666666667,2007-02-06
"20070207","NOIRMOUTIER EN",47.004667,-2.257167,7.37916666666667,5.42083333333333,87.5,3.925,2007-02-07
"20070208","NOIRMOUTIER EN",47.004667,-2.257167,10.0125,6.1375,77.5,7.7625,2007-02-08
"20070209","NOIRMOUTIER EN",47.004667,-2.257167,9.92916666666667,7.09166666666667,82.875,6.33333333333333,2007-02-09
"20070210","NOIRMOUTIER EN",47.004667,-2.257167,11.2208333333333,8.4875,83.4166666666667,9.34583333333333,2007-02-10
"20070211","NOIRMOUTIER EN",47.004667,-2.257167,11.9791666666667,9.25833333333333,83.7916666666667,10.4291666666667,2007-02-11
"20070212","NOIRMOUTIER EN",47.004667,-2.257167,11.0166666666667,6.61666666666667,74.625,12.7291666666667,2007-02-12
"20070213","NOIRMOUTIER EN",47.004667,-2.257167,10.2666666666667,7.2125,81.5833333333333,6.37083333333333,2007-02-13
"20070214","NOIRMOUTIER EN",47.004667,-2.257167,10.6083333333333,8.38333333333333,86.5,7.24583333333333,2007-02-14
"20070215","NOIRMOUTIER EN",47.004667,-2.257167,9.2,5.33333333333333,78.1666666666667,4.49583333333333,2007-02-15
"20070216","NOIRMOUTIER EN",47.004667,-2.257167,11.9416666666667,5.00416666666667,63.7916666666667,4.3,2007-02-16
"20070217","NOIRMOUTIER EN",47.004667,-2.257167,12.1625,7.62916666666667,74.2916666666667,3.30416666666667,2007-02-17
"20070218","NOIRMOUTIER EN",47.004667,-2.257167,9.52083333333333,7.84583333333333,89.5416666666667,2.025,2007-02-18
"20070219","NOIRMOUTIER EN",47.004667,-2.257167,9.775,8.675,92.9166666666667,4.275,2007-02-19
"20070220","NOIRMOUTIER EN",47.004667,-2.257167,10.3208333333333,9.20833333333333,92.7916666666667,3.575,2007-02-20
"20070221","NOIRMOUTIER EN",47.004667,-2.257167,10.4208333333333,7.0625,80,4.72083333333333,2007-02-21
"20070222","NOIRMOUTIER EN",47.004667,-2.257167,11.3083333333333,9.22083333333333,87.125,7.18333333333333,2007-02-22
"20070223","NOIRMOUTIER EN",47.004667,-2.257167,11.5333333333333,9.4375,87.0833333333333,7.07083333333333,2007-02-23
"20070224","NOIRMOUTIER EN",47.004667,-2.257167,11.7083333333333,9.40833333333333,85.9166666666667,8.93333333333333,2007-02-24
"20070225","NOIRMOUTIER EN",47.004667,-2.257167,10.4541666666667,6.87916666666667,78.5416666666667,11.6958333333333,2007-02-25
"20070226","NOIRMOUTIER EN",47.004667,-2.257167,10.725,7.49166666666667,80.625,6.49583333333333,2007-02-26
"20070227","NOIRMOUTIER EN",47.004667,-2.257167,11.7791666666667,10.9708333333333,94.8333333333333,7.05416666666667,2007-02-27
"20070228","NOIRMOUTIER EN",47.004667,-2.257167,11.9875,9.55833333333333,85.1666666666667,9.92916666666667,2007-02-28
"20070301","NOIRMOUTIER EN",47.004667,-2.257167,10.7375,9.34166666666667,91.0833333333333,7.94583333333333,2007-03-01
"20070302","NOIRMOUTIER EN",47.004667,-2.257167,10.25,9.45,94.8333333333333,6.58333333333333,2007-03-02
"20070303","NOIRMOUTIER EN",47.004667,-2.257167,11.425,9.375,87.375,5.21666666666667,2007-03-03
"20070304","NOIRMOUTIER EN",47.004667,-2.257167,11.8375,10.0541666666667,89.0833333333333,7.20416666666667,2007-03-04
"20070305","NOIRMOUTIER EN",47.004667,-2.257167,11.175,7.54583333333333,78.375,8.60416666666667,2007-03-05
"20070306","NOIRMOUTIER EN",47.004667,-2.257167,11.1583333333333,8.875,86.0833333333333,10.7791666666667,2007-03-06
"20070307","NOIRMOUTIER EN",47.004667,-2.257167,9.47083333333333,6.6625,82.875,6.08333333333333,2007-03-07
"20070308","NOIRMOUTIER EN",47.004667,-2.257167,10.2791666666667,6.5875,78.0416666666667,5.0625,2007-03-08
"20070309","NOIRMOUTIER EN",47.004667,-2.257167,11.2208333333333,7.9875,81.2083333333333,5.5375,2007-03-09
"20070310","NOIRMOUTIER EN",47.004667,-2.257167,9.25833333333333,5.72083333333333,79.4583333333333,1.9375,2007-03-10
"20070311","NOIRMOUTIER EN",47.004667,-2.257167,9.04583333333333,6.47916666666667,84.75,1.92916666666667,2007-03-11
"20070312","NOIRMOUTIER EN",47.004667,-2.257167,9.67083333333333,6.45,81.7083333333333,1.34583333333333,2007-03-12
"20070313","NOIRMOUTIER EN",47.004667,-2.257167,10.8416666666667,6.92916666666667,77.25,3.6375,2007-03-13
"20070314","NOIRMOUTIER EN",47.004667,-2.257167,10.7541666666667,6.61666666666667,75.9166666666667,4.23333333333333,2007-03-14
"20070315","NOIRMOUTIER EN",47.004667,-2.257167,10.8083333333333,5.20833333333333,69.0416666666667,2.86666666666667,2007-03-15
"20070316","NOIRMOUTIER EN",47.004667,-2.257167,9.91666666666667,5.83333333333333,76.375,3.56666666666667,2007-03-16
"20070317","NOIRMOUTIER EN",47.004667,-2.257167,10.8166666666667,7.80416666666667,81.7916666666667,4.175,2007-03-17
"20070318","NOIRMOUTIER EN",47.004667,-2.257167,10.3583333333333,6.62916666666667,78.2083333333333,9.81666666666667,2007-03-18
"20070319","NOIRMOUTIER EN",47.004667,-2.257167,6.68333333333333,1.725,70.7083333333333,10.3458333333333,2007-03-19
"20070320","NOIRMOUTIER EN",47.004667,-2.257167,5.6125,1.03333333333333,72.75,8.20416666666667,2007-03-20
"20070321","NOIRMOUTIER EN",47.004667,-2.257167,5.68333333333333,-1.58333333333333,60.875,6.32083333333333,2007-03-21
"20070322","NOIRMOUTIER EN",47.004667,-2.257167,6.5125,1.7875,72.5833333333333,3.1,2007-03-22
"20070323","NOIRMOUTIER EN",47.004667,-2.257167,8.29166666666667,5.80416666666667,84.5833333333333,3.94583333333333,2007-03-23
"20070324","NOIRMOUTIER EN",47.004667,-2.257167,8.65416666666667,3.3875,70.2916666666667,5.2875,2007-03-24
"20070325","NOIRMOUTIER EN",47.004667,-2.257167,8.75833333333333,5.17083333333333,78.625,4.0875,2007-03-25
"20070326","NOIRMOUTIER EN",47.004667,-2.257167,8.47916666666667,4.3875,75.7916666666667,3.57083333333333,2007-03-26
"20070327","NOIRMOUTIER EN",47.004667,-2.257167,9.4875,6.62083333333333,82.5416666666667,2.8875,2007-03-27
"20070328","NOIRMOUTIER EN",47.004667,-2.257167,10.6541666666667,8.46666666666667,86.7083333333333,2.375,2007-03-28
"20070329","NOIRMOUTIER EN",47.004667,-2.257167,9.35,5.74166666666667,78.7916666666667,5.26666666666667,2007-03-29
"20070330","NOIRMOUTIER EN",47.004667,-2.257167,8.175,3.32083333333333,71.625,5.79166666666667,2007-03-30
"20070331","NOIRMOUTIER EN",47.004667,-2.257167,7.44583333333333,3.60833333333333,77.5,5.7125,2007-03-31
"20070401","NOIRMOUTIER EN",47.004667,-2.257167,9.98333333333333,6.41666666666667,78.9583333333333,5.275,2007-04-01
"20070402","NOIRMOUTIER EN",47.004667,-2.257167,13.6625,8.62083333333333,71.9583333333333,4.875,2007-04-02
"20070403","NOIRMOUTIER EN",47.004667,-2.257167,13.275,7.94583333333333,70.9166666666667,5.11666666666667,2007-04-03
"20070404","NOIRMOUTIER EN",47.004667,-2.257167,9.175,1.65833333333333,60.5833333333333,7.29166666666667,2007-04-04
"20070405","NOIRMOUTIER EN",47.004667,-2.257167,10.5916666666667,3.8125,64.2916666666667,4.72083333333333,2007-04-05
"20070406","NOIRMOUTIER EN",47.004667,-2.257167,12.9333333333333,6.85416666666667,68,3.72083333333333,2007-04-06
"20070407","NOIRMOUTIER EN",47.004667,-2.257167,13.8958333333333,7.6,67.5,4.55416666666667,2007-04-07
"20070408","NOIRMOUTIER EN",47.004667,-2.257167,11.75,5.40833333333333,65.9583333333333,5.05,2007-04-08
"20070409","NOIRMOUTIER EN",47.004667,-2.257167,12.2916666666667,6.975,70.8333333333333,3.67916666666667,2007-04-09
"20070410","NOIRMOUTIER EN",47.004667,-2.257167,13.5666666666667,8.33333333333333,71.9166666666667,3.37916666666667,2007-04-10
"20070411","NOIRMOUTIER EN",47.004667,-2.257167,15.0625,8.3375,65.5,3.35833333333333,2007-04-11
"20070412","NOIRMOUTIER EN",47.004667,-2.257167,14.7458333333333,11.7375,82.5833333333333,2.43333333333333,2007-04-12
"20070413","NOIRMOUTIER EN",47.004667,-2.257167,14.75,12.4166666666667,86.125,2.75833333333333,2007-04-13
"20070414","NOIRMOUTIER EN",47.004667,-2.257167,15.05,12.425,84.7916666666667,2.4875,2007-04-14
"20070415","NOIRMOUTIER EN",47.004667,-2.257167,13.9,12.3791666666667,90.75,2.65833333333333,2007-04-15
"20070416","NOIRMOUTIER EN",47.004667,-2.257167,13.4333333333333,12.3,93.125,3.17083333333333,2007-04-16
"20070417","NOIRMOUTIER EN",47.004667,-2.257167,16.6083333333333,11.7375,74.9583333333333,3.29166666666667,2007-04-17
"20070418","NOIRMOUTIER EN",47.004667,-2.257167,15.6291666666667,10.1083333333333,71.0416666666667,3.90833333333333,2007-04-18
"20070419","NOIRMOUTIER EN",47.004667,-2.257167,14.6625,6.67916666666667,60.125,3.65,2007-04-19
"20070420","NOIRMOUTIER EN",47.004667,-2.257167,15.675,8.29583333333333,63.3333333333333,3.65416666666667,2007-04-20
"20070421","NOIRMOUTIER EN",47.004667,-2.257167,16.0166666666667,10.2,69.75,2.92916666666667,2007-04-21
"20070422","NOIRMOUTIER EN",47.004667,-2.257167,15.3666666666667,11.7833333333333,79.9166666666667,2.525,2007-04-22
"20070423","NOIRMOUTIER EN",47.004667,-2.257167,15.1458333333333,10.3125,75.5416666666667,1.81666666666667,2007-04-23
"20070424","NOIRMOUTIER EN",47.004667,-2.257167,16.075,11.625,75.9583333333333,2.99166666666667,2007-04-24
"20070425","NOIRMOUTIER EN",47.004667,-2.257167,14.2375,12.3833333333333,88.6666666666667,4.2,2007-04-25
"20070426","NOIRMOUTIER EN",47.004667,-2.257167,14.5416666666667,11.6666666666667,83.1666666666667,4.55416666666667,2007-04-26
"20070427","NOIRMOUTIER EN",47.004667,-2.257167,15.8833333333333,14.3541666666667,90.7916666666667,1.83333333333333,2007-04-27
"20070428","NOIRMOUTIER EN",47.004667,-2.257167,17.1125,13.5708333333333,80.5416666666667,2.62916666666667,2007-04-28
"20070429","NOIRMOUTIER EN",47.004667,-2.257167,16.2958333333333,13.6916666666667,85.2083333333333,2.32083333333333,2007-04-29
"20070430","NOIRMOUTIER EN",47.004667,-2.257167,16.1916666666667,13.3416666666667,83.9583333333333,2.35,2007-04-30
"20070501","NOIRMOUTIER EN",47.004667,-2.257167,13.2625,10.3625,82.7083333333333,4.1875,2007-05-01
"20070502","NOIRMOUTIER EN",47.004667,-2.257167,15.8083333333333,12.7916666666667,83.0833333333333,2.55833333333333,2007-05-02
"20070503","NOIRMOUTIER EN",47.004667,-2.257167,15.9375,12.4958333333333,80.9583333333333,3.1375,2007-05-03
"20070504","NOIRMOUTIER EN",47.004667,-2.257167,13.3958333333333,9.2375,76.5,5.15416666666667,2007-05-04
"20070505","NOIRMOUTIER EN",47.004667,-2.257167,14.0791666666667,10.1916666666667,77.8333333333333,4.80416666666667,2007-05-05
"20070506","NOIRMOUTIER EN",47.004667,-2.257167,13.2333333333333,10.5666666666667,84.1666666666667,3.4125,2007-05-06
"20070507","NOIRMOUTIER EN",47.004667,-2.257167,15.2708333333333,13.5125,89.2083333333333,7.125,2007-05-07
"20070508","NOIRMOUTIER EN",47.004667,-2.257167,15.1833333333333,14.0166666666667,92.7916666666667,8.07083333333333,2007-05-08
"20070509","NOIRMOUTIER EN",47.004667,-2.257167,15.675,12.9083333333333,83.875,6.4,2007-05-09
"20070510","NOIRMOUTIER EN",47.004667,-2.257167,15.2333333333333,12.3416666666667,83.125,6.31666666666667,2007-05-10
"20070511","NOIRMOUTIER EN",47.004667,-2.257167,14.5166666666667,11.2541666666667,81.25,8.02916666666667,2007-05-11
"20070512","NOIRMOUTIER EN",47.004667,-2.257167,15.4916666666667,12.425,82.0833333333333,6.27083333333333,2007-05-12
"20070513","NOIRMOUTIER EN",47.004667,-2.257167,14.7666666666667,11.5,81.2083333333333,8.7125,2007-05-13
"20070514","NOIRMOUTIER EN",47.004667,-2.257167,13.8166666666667,9.95833333333333,77.7083333333333,9.33333333333333,2007-05-14
"20070515","NOIRMOUTIER EN",47.004667,-2.257167,12.7333333333333,10.2666666666667,85.2916666666667,6.69583333333333,2007-05-15
"20070516","NOIRMOUTIER EN",47.004667,-2.257167,13.8791666666667,11.6375,86.5,8.22083333333333,2007-05-16
"20070517","NOIRMOUTIER EN",47.004667,-2.257167,15.2166666666667,13.9375,92.0416666666667,8.00833333333333,2007-05-17
"20070518","NOIRMOUTIER EN",47.004667,-2.257167,16.0625,14.1166666666667,88.5,2.6,2007-05-18
"20070519","NOIRMOUTIER EN",47.004667,-2.257167,14.2708333333333,9.62083333333333,74.0833333333333,4.76666666666667,2007-05-19
"20070520","NOIRMOUTIER EN",47.004667,-2.257167,12.9625,10.0791666666667,83,5.41666666666667,2007-05-20
"20070521","NOIRMOUTIER EN",47.004667,-2.257167,14.2541666666667,13.2375,93.5416666666667,4.0125,2007-05-21
"20070522","NOIRMOUTIER EN",47.004667,-2.257167,15.5416666666667,13.6958333333333,88.9166666666667,3.225,2007-05-22
"20070523","NOIRMOUTIER EN",47.004667,-2.257167,16.4416666666667,13.4,82.7083333333333,4.68333333333333,2007-05-23
"20070524","NOIRMOUTIER EN",47.004667,-2.257167,19.5291666666667,14.6,74.25,3.65416666666667,2007-05-24
"20070525","NOIRMOUTIER EN",47.004667,-2.257167,17.9958333333333,14.5916666666667,80.7916666666667,3.25416666666667,2007-05-25
"20070526","NOIRMOUTIER EN",47.004667,-2.257167,14.7541666666667,10.2625,75.2083333333333,6.3875,2007-05-26
"20070527","NOIRMOUTIER EN",47.004667,-2.257167,12.6125,9.2875,80.5833333333333,11.3375,2007-05-27
"20070528","NOIRMOUTIER EN",47.004667,-2.257167,12.7125,7.04166666666667,69.0416666666667,10.1791666666667,2007-05-28
"20070529","NOIRMOUTIER EN",47.004667,-2.257167,12.7166666666667,7.99583333333333,73.8333333333333,3.10416666666667,2007-05-29
"20070530","NOIRMOUTIER EN",47.004667,-2.257167,14.6958333333333,12.75,88.25,6.75416666666667,2007-05-30
"20070531","NOIRMOUTIER EN",47.004667,-2.257167,14.0416666666667,11.4291666666667,84.5416666666667,5.94583333333333,2007-05-31
"20070601","NOIRMOUTIER EN",47.004667,-2.257167,13.9125,11.0833333333333,83.3333333333333,4.175,2007-06-01
"20070602","NOIRMOUTIER EN",47.004667,-2.257167,14.8125,11.7,82.7083333333333,2.2125,2007-06-02
"20070603","NOIRMOUTIER EN",47.004667,-2.257167,15.4333333333333,13.8083333333333,90.2916666666667,3.34166666666667,2007-06-03
"20070604","NOIRMOUTIER EN",47.004667,-2.257167,17.0583333333333,14.15,83.125,3.99166666666667,2007-06-04
"20070605","NOIRMOUTIER EN",47.004667,-2.257167,19.3625,14.4583333333333,74.5,3.9,2007-06-05
"20070606","NOIRMOUTIER EN",47.004667,-2.257167,18.725,15.2208333333333,80.7083333333333,4.35,2007-06-06
"20070607","NOIRMOUTIER EN",47.004667,-2.257167,19.2,15.3708333333333,79.5416666666667,4,2007-06-07
"20070608","NOIRMOUTIER EN",47.004667,-2.257167,18.325,15.2041666666667,82.8333333333333,2.65833333333333,2007-06-08
"20070609","NOIRMOUTIER EN",47.004667,-2.257167,20.3541666666667,16.0291666666667,77.4583333333333,2.57083333333333,2007-06-09
"20070610","NOIRMOUTIER EN",47.004667,-2.257167,19.3583333333333,16.7166666666667,84.875,2.5,2007-06-10
"20070611","NOIRMOUTIER EN",47.004667,-2.257167,17.3041666666667,15.4416666666667,89,3.32916666666667,2007-06-11
"20070612","NOIRMOUTIER EN",47.004667,-2.257167,18.3291666666667,14.3333333333333,79.125,2.625,2007-06-12
"20070613","NOIRMOUTIER EN",47.004667,-2.257167,17.4916666666667,15.4208333333333,87.8333333333333,2.74166666666667,2007-06-13
"20070614","NOIRMOUTIER EN",47.004667,-2.257167,17.2458333333333,15.3625,88.9166666666667,4.15,2007-06-14
"20070615","NOIRMOUTIER EN",47.004667,-2.257167,16.7541666666667,13.5708333333333,81.5833333333333,9.9625,2007-06-15
"20070616","NOIRMOUTIER EN",47.004667,-2.257167,16.5708333333333,13.2958333333333,81.1666666666667,7.54583333333333,2007-06-16
"20070617","NOIRMOUTIER EN",47.004667,-2.257167,15.9541666666667,14.1541666666667,89.2083333333333,2.95416666666667,2007-06-17
"20070618","NOIRMOUTIER EN",47.004667,-2.257167,17.9458333333333,14.5583333333333,80.875,3.875,2007-06-18
"20070619","NOIRMOUTIER EN",47.004667,-2.257167,18.7375,14.9916666666667,78.9166666666667,5.89583333333333,2007-06-19
"20070620","NOIRMOUTIER EN",47.004667,-2.257167,17.5166666666667,13.2041666666667,75.875,6.71666666666667,2007-06-20
"20070621","NOIRMOUTIER EN",47.004667,-2.257167,16.8,12.9625,78.375,8.84583333333333,2007-06-21
"20070622","NOIRMOUTIER EN",47.004667,-2.257167,16.2,13.9458333333333,86.4583333333333,9.84583333333333,2007-06-22
"20070623","NOIRMOUTIER EN",47.004667,-2.257167,16.6708333333333,12.9291666666667,78.625,6.20416666666667,2007-06-23
"20070624","NOIRMOUTIER EN",47.004667,-2.257167,16.6583333333333,13.3458333333333,81.1666666666667,6.90416666666667,2007-06-24
"20070625","NOIRMOUTIER EN",47.004667,-2.257167,15.7333333333333,11.3,75.2083333333333,10.2708333333333,2007-06-25
"20070626","NOIRMOUTIER EN",47.004667,-2.257167,15.9291666666667,10.7625,71.6666666666667,7.24166666666667,2007-06-26
"20070627","NOIRMOUTIER EN",47.004667,-2.257167,15.3916666666667,9.80416666666667,69.5416666666667,6.55833333333333,2007-06-27
"20070628","NOIRMOUTIER EN",47.004667,-2.257167,16.4,11.475,72.7916666666667,5.6625,2007-06-28
"20070629","NOIRMOUTIER EN",47.004667,-2.257167,16.9083333333333,13.8625,82.625,7.34583333333333,2007-06-29
"20070630","NOIRMOUTIER EN",47.004667,-2.257167,17.8333333333333,15.25,85.2916666666667,5.55416666666667,2007-06-30
"20070701","NOIRMOUTIER EN",47.004667,-2.257167,17.6125,15.0625,85.2083333333333,8.17916666666667,2007-07-01
"20070702","NOIRMOUTIER EN",47.004667,-2.257167,16.6583333333333,12.8708333333333,78.5833333333333,7.89583333333333,2007-07-02
"20070703","NOIRMOUTIER EN",47.004667,-2.257167,16.8375,14.575,86.625,9.05416666666667,2007-07-03
"20070704","NOIRMOUTIER EN",47.004667,-2.257167,16.3041666666667,12.4208333333333,78,9.65833333333333,2007-07-04
"20070705","NOIRMOUTIER EN",47.004667,-2.257167,16.4,13.5916666666667,83.8333333333333,7.9875,2007-07-05
"20070706","NOIRMOUTIER EN",47.004667,-2.257167,16.7833333333333,13.65,82.125,5.37916666666667,2007-07-06
"20070707","NOIRMOUTIER EN",47.004667,-2.257167,17.125,14.4958333333333,84.6666666666667,2.5375,2007-07-07
"20070708","NOIRMOUTIER EN",47.004667,-2.257167,16.6125,14.1333333333333,85.875,4.275,2007-07-08
"20070709","NOIRMOUTIER EN",47.004667,-2.257167,15.9208333333333,11.4625,75.125,8.01666666666667,2007-07-09
"20070710","NOIRMOUTIER EN",47.004667,-2.257167,16.5166666666667,12.5541666666667,77.5833333333333,8.7875,2007-07-10
"20070711","NOIRMOUTIER EN",47.004667,-2.257167,16.9041666666667,12.8291666666667,77.25,4.94583333333333,2007-07-11
"20070712","NOIRMOUTIER EN",47.004667,-2.257167,17.6166666666667,14.4916666666667,81.9583333333333,4.30833333333333,2007-07-12
"20070713","NOIRMOUTIER EN",47.004667,-2.257167,19.4416666666667,14.9333333333333,77.125,4.35416666666667,2007-07-13
"20070714","NOIRMOUTIER EN",47.004667,-2.257167,19.4708333333333,16.9333333333333,85.7083333333333,3.2625,2007-07-14
"20070715","NOIRMOUTIER EN",47.004667,-2.257167,20.4166666666667,17.6583333333333,84.4166666666667,3.91666666666667,2007-07-15
"20070716","NOIRMOUTIER EN",47.004667,-2.257167,17.9208333333333,15.4416666666667,85.625,4.0375,2007-07-16
"20070717","NOIRMOUTIER EN",47.004667,-2.257167,18.7875,14.7166666666667,77.3333333333333,6.4875,2007-07-17
"20070718","NOIRMOUTIER EN",47.004667,-2.257167,18.1,14.0916666666667,77.7916666666667,4,2007-07-18
"20070719","NOIRMOUTIER EN",47.004667,-2.257167,17.1,13.6125,80.3333333333333,4.00416666666667,2007-07-19
"20070720","NOIRMOUTIER EN",47.004667,-2.257167,17.0208333333333,12.65,75.9583333333333,4.79583333333333,2007-07-20
"20070721","NOIRMOUTIER EN",47.004667,-2.257167,17.0625,12.6666666666667,75.625,5.14583333333333,2007-07-21
"20070722","NOIRMOUTIER EN",47.004667,-2.257167,17.4166666666667,13.0583333333333,76.125,4.67083333333333,2007-07-22
"20070723","NOIRMOUTIER EN",47.004667,-2.257167,17.5625,15.0208333333333,85.2083333333333,6.77916666666667,2007-07-23
"20070724","NOIRMOUTIER EN",47.004667,-2.257167,17.7333333333333,14.525,81.6666666666667,6.9625,2007-07-24
"20070725","NOIRMOUTIER EN",47.004667,-2.257167,17.9875,13.9333333333333,77.375,5.40416666666667,2007-07-25
"20070726","NOIRMOUTIER EN",47.004667,-2.257167,18.95,15.6666666666667,81.5416666666667,7.675,2007-07-26
"20070727","NOIRMOUTIER EN",47.004667,-2.257167,19.0333333333333,16.2166666666667,83.7916666666667,6.6125,2007-07-27
"20070728","NOIRMOUTIER EN",47.004667,-2.257167,18.6625,15.9583333333333,84.75,5.725,2007-07-28
"20070729","NOIRMOUTIER EN",47.004667,-2.257167,18.5458333333333,16.9583333333333,90.625,7.425,2007-07-29
"20070730","NOIRMOUTIER EN",47.004667,-2.257167,17.8,12.9791666666667,74.5416666666667,3.84166666666667,2007-07-30
"20070731","NOIRMOUTIER EN",47.004667,-2.257167,19.2583333333333,10.5708333333333,59.125,4.37916666666667,2007-07-31
"20070801","NOIRMOUTIER EN",47.004667,-2.257167,20.125,11.7208333333333,59.375,5.02083333333333,2007-08-01
"20070802","NOIRMOUTIER EN",47.004667,-2.257167,17.7791666666667,13.3375,75.5416666666667,4.03333333333333,2007-08-02
"20070803","NOIRMOUTIER EN",47.004667,-2.257167,18.1791666666667,13.8083333333333,76.1666666666667,2.94583333333333,2007-08-03
"20070804","NOIRMOUTIER EN",47.004667,-2.257167,22.1,14.2666666666667,63.625,2.40416666666667,2007-08-04
"20070805","NOIRMOUTIER EN",47.004667,-2.257167,21.8125,16.7125,73.7083333333333,3.93333333333333,2007-08-05
"20070806","NOIRMOUTIER EN",47.004667,-2.257167,18.2333333333333,13.45,74.5,6.29166666666667,2007-08-06
"20070807","NOIRMOUTIER EN",47.004667,-2.257167,17.2333333333333,11.9541666666667,71.5833333333333,2.8375,2007-08-07
"20070808","NOIRMOUTIER EN",47.004667,-2.257167,17.4166666666667,12.3333333333333,72.6666666666667,3.42916666666667,2007-08-08
"20070809","NOIRMOUTIER EN",47.004667,-2.257167,17.7208333333333,11.3291666666667,67.5,3.7875,2007-08-09
"20070810","NOIRMOUTIER EN",47.004667,-2.257167,18.1166666666667,11.1708333333333,65.75,3.95833333333333,2007-08-10
"20070811","NOIRMOUTIER EN",47.004667,-2.257167,18.95,13.2916666666667,70.2083333333333,2.84166666666667,2007-08-11
"20070812","NOIRMOUTIER EN",47.004667,-2.257167,18.6791666666667,14.5208333333333,77.4583333333333,4.40416666666667,2007-08-12
"20070813","NOIRMOUTIER EN",47.004667,-2.257167,18.1708333333333,12.5208333333333,70.125,3.4375,2007-08-13
"20070814","NOIRMOUTIER EN",47.004667,-2.257167,19.5541666666667,17.2041666666667,86.5,8.5375,2007-08-14
"20070815","NOIRMOUTIER EN",47.004667,-2.257167,19.0166666666667,16.3083333333333,84.4583333333333,8.975,2007-08-15
"20070816","NOIRMOUTIER EN",47.004667,-2.257167,17.7291666666667,12.3625,71.0833333333333,6.95416666666667,2007-08-16
"20070817","NOIRMOUTIER EN",47.004667,-2.257167,17.5166666666667,12.3958333333333,72.2916666666667,4.5875,2007-08-17
"20070818","NOIRMOUTIER EN",47.004667,-2.257167,17.875,13.8333333333333,77.9166666666667,6.4875,2007-08-18
"20070819","NOIRMOUTIER EN",47.004667,-2.257167,17.1875,12.4166666666667,74.125,7.70416666666667,2007-08-19
"20070820","NOIRMOUTIER EN",47.004667,-2.257167,16.5208333333333,13.9375,84.9583333333333,8.0625,2007-08-20
"20070821","NOIRMOUTIER EN",47.004667,-2.257167,15.9041666666667,13.1333333333333,83.9583333333333,6.37916666666667,2007-08-21
"20070822","NOIRMOUTIER EN",47.004667,-2.257167,17.1208333333333,14.45,84.5,4.9,2007-08-22
"20070823","NOIRMOUTIER EN",47.004667,-2.257167,17.2,14.8916666666667,86.4583333333333,4.2875,2007-08-23
"20070824","NOIRMOUTIER EN",47.004667,-2.257167,18.025,15.8541666666667,87.25,2.79166666666667,2007-08-24
"20070825","NOIRMOUTIER EN",47.004667,-2.257167,19.675,16.4083333333333,82.5416666666667,3.9,2007-08-25
"20070826","NOIRMOUTIER EN",47.004667,-2.257167,20.9958333333333,17.175,79.375,4.55833333333333,2007-08-26
"20070827","NOIRMOUTIER EN",47.004667,-2.257167,20.9875,16.2916666666667,75.3333333333333,5.08333333333333,2007-08-27
"20070828","NOIRMOUTIER EN",47.004667,-2.257167,18.7333333333333,11.9041666666667,65.5,6.68333333333333,2007-08-28
"20070829","NOIRMOUTIER EN",47.004667,-2.257167,17.5583333333333,9.67083333333333,61.4166666666667,7.11666666666667,2007-08-29
"20070830","NOIRMOUTIER EN",47.004667,-2.257167,17.1416666666667,11.8833333333333,72.3333333333333,4.27916666666667,2007-08-30
"20070831","NOIRMOUTIER EN",47.004667,-2.257167,17.2666666666667,14.1,81.9583333333333,3.39166666666667,2007-08-31
"20070901","NOIRMOUTIER EN",47.004667,-2.257167,16.3458333333333,12.3916666666667,78.1666666666667,2.55,2007-09-01
"20070902","NOIRMOUTIER EN",47.004667,-2.257167,16.8666666666667,12.7083333333333,77.2916666666667,3.39583333333333,2007-09-02
"20070903","NOIRMOUTIER EN",47.004667,-2.257167,17.2041666666667,14.6375,85.125,3.725,2007-09-03
"20070904","NOIRMOUTIER EN",47.004667,-2.257167,16.2625,10.1958333333333,68.6666666666667,3.72083333333333,2007-09-04
"20070905","NOIRMOUTIER EN",47.004667,-2.257167,16.6583333333333,8.69583333333333,61.3333333333333,4.33333333333333,2007-09-05
"20070906","NOIRMOUTIER EN",47.004667,-2.257167,18.75,14.0041666666667,74.75,3.58333333333333,2007-09-06
"20070907","NOIRMOUTIER EN",47.004667,-2.257167,19.3166666666667,14.55,75.4166666666667,4.15,2007-09-07
"20070908","NOIRMOUTIER EN",47.004667,-2.257167,18.9166666666667,12.8041666666667,69.2916666666667,4.81666666666667,2007-09-08
"20070909","NOIRMOUTIER EN",47.004667,-2.257167,17.7375,13.9625,79.5416666666667,3.55,2007-09-09
"20070910","NOIRMOUTIER EN",47.004667,-2.257167,16.8333333333333,13.9625,83.4583333333333,3.09166666666667,2007-09-10
"20070911","NOIRMOUTIER EN",47.004667,-2.257167,17.5083333333333,12.5166666666667,74,3.05833333333333,2007-09-11
"20070912","NOIRMOUTIER EN",47.004667,-2.257167,17.1333333333333,10.475,65.9583333333333,4.66666666666667,2007-09-12
"20070913","NOIRMOUTIER EN",47.004667,-2.257167,17.9458333333333,10.7875,64.3333333333333,4.06666666666667,2007-09-13
"20070914","NOIRMOUTIER EN",47.004667,-2.257167,16.9625,13.3666666666667,80.125,3.3,2007-09-14
"20070915","NOIRMOUTIER EN",47.004667,-2.257167,16.8541666666667,13.7791666666667,82.7916666666667,2.89166666666667,2007-09-15
"20070916","NOIRMOUTIER EN",47.004667,-2.257167,17.1458333333333,14.8458333333333,86.8333333333333,2.25,2007-09-16
"20070917","NOIRMOUTIER EN",47.004667,-2.257167,15.6125,13.6791666666667,88.5833333333333,3.52916666666667,2007-09-17
"20070918","NOIRMOUTIER EN",47.004667,-2.257167,14.35,6.975,62.375,4.42916666666667,2007-09-18
"20070919","NOIRMOUTIER EN",47.004667,-2.257167,13.7916666666667,6.31666666666667,62.2083333333333,1.66666666666667,2007-09-19
"20070920","NOIRMOUTIER EN",47.004667,-2.257167,14.0166666666667,10.0333333333333,78.1666666666667,1.41666666666667,2007-09-20
"20070921","NOIRMOUTIER EN",47.004667,-2.257167,15.0833333333333,11.2208333333333,79.0416666666667,1.99583333333333,2007-09-21
"20070922","NOIRMOUTIER EN",47.004667,-2.257167,17.0791666666667,13.2333333333333,78.875,2.37916666666667,2007-09-22
"20070923","NOIRMOUTIER EN",47.004667,-2.257167,17.5291666666667,14.6875,84.0416666666667,3.4875,2007-09-23
"20070924","NOIRMOUTIER EN",47.004667,-2.257167,17.125,12.0958333333333,72.9166666666667,7.16666666666667,2007-09-24
"20070925","NOIRMOUTIER EN",47.004667,-2.257167,15.3958333333333,10.0708333333333,70.8333333333333,6.35833333333333,2007-09-25
"20070926","NOIRMOUTIER EN",47.004667,-2.257167,13.6125,8.3625,71.125,5.95416666666667,2007-09-26
"20070927","NOIRMOUTIER EN",47.004667,-2.257167,12.5458333333333,7.16666666666667,70.0833333333333,5.9125,2007-09-27
"20070928","NOIRMOUTIER EN",47.004667,-2.257167,12.1541666666667,7.15416666666667,72.7916666666667,2.625,2007-09-28
"20070929","NOIRMOUTIER EN",47.004667,-2.257167,13.6583333333333,8.2125,71.7916666666667,1.92916666666667,2007-09-29
"20070930","NOIRMOUTIER EN",47.004667,-2.257167,16.3458333333333,12.5875,79.25,2.90416666666667,2007-09-30
"20071001","NOIRMOUTIER EN",47.004667,-2.257167,18.2875,16.5583333333333,89.7083333333333,3.57083333333333,2007-10-01
"20071002","NOIRMOUTIER EN",47.004667,-2.257167,17.3166666666667,16.1708333333333,93.125,1.70416666666667,2007-10-02
"20071003","NOIRMOUTIER EN",47.004667,-2.257167,16.7375,15.2875,91.4166666666667,2.95416666666667,2007-10-03
"20071004","NOIRMOUTIER EN",47.004667,-2.257167,15.1375,13.5875,90.5416666666667,4.85833333333333,2007-10-04
"20071005","NOIRMOUTIER EN",47.004667,-2.257167,17.2291666666667,13.9958333333333,81.7083333333333,4.65,2007-10-05
"20071006","NOIRMOUTIER EN",47.004667,-2.257167,17.0875,13.9208333333333,81.7083333333333,2.6625,2007-10-06
"20071007","NOIRMOUTIER EN",47.004667,-2.257167,16.15,14.775,91.7083333333333,1.59166666666667,2007-10-07
"20071008","NOIRMOUTIER EN",47.004667,-2.257167,15.6583333333333,13.6791666666667,88.25,2.94583333333333,2007-10-08
"20071009","NOIRMOUTIER EN",47.004667,-2.257167,14.8666666666667,13.0625,89.25,3.14583333333333,2007-10-09
"20071010","NOIRMOUTIER EN",47.004667,-2.257167,14.6958333333333,12.0208333333333,84.2916666666667,4.13333333333333,2007-10-10
"20071011","NOIRMOUTIER EN",47.004667,-2.257167,14.4833333333333,10.7458333333333,79.0833333333333,3.25416666666667,2007-10-11
"20071012","NOIRMOUTIER EN",47.004667,-2.257167,14.1416666666667,10.4666666666667,79.1666666666667,3.2375,2007-10-12
"20071013","NOIRMOUTIER EN",47.004667,-2.257167,14.9083333333333,10.6833333333333,76.8333333333333,4.15833333333333,2007-10-13
"20071014","NOIRMOUTIER EN",47.004667,-2.257167,11.8333333333333,9.95416666666667,88.375,2.11666666666667,2007-10-14
"20071015","NOIRMOUTIER EN",47.004667,-2.257167,13.875,11.9666666666667,88.3333333333333,2.6,2007-10-15
"20071016","NOIRMOUTIER EN",47.004667,-2.257167,14.4833333333333,11.8666666666667,85.125,3.09166666666667,2007-10-16
"20071017","NOIRMOUTIER EN",47.004667,-2.257167,15.125,11.5416666666667,79.625,4.30833333333333,2007-10-17
"20071018","NOIRMOUTIER EN",47.004667,-2.257167,12.8708333333333,6.24583333333333,65.2916666666667,4.05,2007-10-18
"20071019","NOIRMOUTIER EN",47.004667,-2.257167,11.6916666666667,5.00416666666667,64.5,4.93333333333333,2007-10-19
"20071020","NOIRMOUTIER EN",47.004667,-2.257167,10.7291666666667,3.3,61.2916666666667,5.06666666666667,2007-10-20
"20071021","NOIRMOUTIER EN",47.004667,-2.257167,9.89583333333333,0.558333333333333,53.9166666666667,3.19166666666667,2007-10-21
"20071022","NOIRMOUTIER EN",47.004667,-2.257167,9.92083333333333,3.39166666666667,64.125,2.93333333333333,2007-10-22
"20071023","NOIRMOUTIER EN",47.004667,-2.257167,8.91666666666667,2.25,63.6666666666667,4.85,2007-10-23
"20071024","NOIRMOUTIER EN",47.004667,-2.257167,9.60833333333333,3.72083333333333,67.625,5.65416666666667,2007-10-24
"20071025","NOIRMOUTIER EN",47.004667,-2.257167,8.8875,4.05833333333333,71.8333333333333,3.95416666666667,2007-10-25
"20071026","NOIRMOUTIER EN",47.004667,-2.257167,10.1791666666667,5.34166666666667,72.1666666666667,2.825,2007-10-26
"20071027","NOIRMOUTIER EN",47.004667,-2.257167,10.65,5.4625,70.5416666666667,1.63333333333333,2007-10-27
"20071028","NOIRMOUTIER EN",47.004667,-2.257167,12.5625,8.70416666666667,77.4583333333333,3.73333333333333,2007-10-28
"20071029","NOIRMOUTIER EN",47.004667,-2.257167,13.3208333333333,9.2875,77.25,6.4625,2007-10-29
"20071030","NOIRMOUTIER EN",47.004667,-2.257167,12.5791666666667,8.6375,77.25,4.07916666666667,2007-10-30
"20071031","NOIRMOUTIER EN",47.004667,-2.257167,11.2958333333333,7.59166666666667,78.75,2.67916666666667,2007-10-31
"20071101","NOIRMOUTIER EN",47.004667,-2.257167,12.15,8.825,80.5416666666667,3.62083333333333,2007-11-01
"20071102","NOIRMOUTIER EN",47.004667,-2.257167,13.4375,8.97083333333333,74.5416666666667,4.18333333333333,2007-11-02
"20071103","NOIRMOUTIER EN",47.004667,-2.257167,12.7625,10.1625,84.3333333333333,3.725,2007-11-03
"20071104","NOIRMOUTIER EN",47.004667,-2.257167,12.7791666666667,8.36666666666667,74.875,3.39583333333333,2007-11-04
"20071105","NOIRMOUTIER EN",47.004667,-2.257167,9.675,5.48333333333333,76,2.34583333333333,2007-11-05
"20071106","NOIRMOUTIER EN",47.004667,-2.257167,12.0541666666667,6.95,72,3.07083333333333,2007-11-06
"20071107","NOIRMOUTIER EN",47.004667,-2.257167,9.67083333333333,5.36666666666667,75.5,1.89583333333333,2007-11-07
"20071108","NOIRMOUTIER EN",47.004667,-2.257167,12.1625,8.7875,80.1666666666667,3.8125,2007-11-08
"20071109","NOIRMOUTIER EN",47.004667,-2.257167,11.0875,4.5125,64.4166666666667,4.24583333333333,2007-11-09
"20071110","NOIRMOUTIER EN",47.004667,-2.257167,11.6083333333333,4.93333333333333,63.7916666666667,3.95833333333333,2007-11-10
"20071111","NOIRMOUTIER EN",47.004667,-2.257167,12.325,6.28333333333333,66.9583333333333,4.56666666666667,2007-11-11
"20071112","NOIRMOUTIER EN",47.004667,-2.257167,10.7125,6.48333333333333,75.4583333333333,3.27083333333333,2007-11-12
"20071113","NOIRMOUTIER EN",47.004667,-2.257167,9.30833333333333,5.13333333333333,76.0833333333333,4.17916666666667,2007-11-13
"20071114","NOIRMOUTIER EN",47.004667,-2.257167,11.0416666666667,5.125,67.375,5.35,2007-11-14
"20071115","NOIRMOUTIER EN",47.004667,-2.257167,7.07083333333333,0.554166666666667,64.7916666666667,3.25833333333333,2007-11-15
"20071116","NOIRMOUTIER EN",47.004667,-2.257167,3.99583333333333,-2.25416666666667,64.2916666666667,2.76666666666667,2007-11-16
"20071117","NOIRMOUTIER EN",47.004667,-2.257167,2.98333333333333,-3.09166666666667,64.9583333333333,2.34583333333333,2007-11-17
"20071118","NOIRMOUTIER EN",47.004667,-2.257167,7.4625,4.64166666666667,82.5,5.35416666666667,2007-11-18
"20071119","NOIRMOUTIER EN",47.004667,-2.257167,9.65416666666667,6.81666666666667,82.7083333333333,4.01666666666667,2007-11-19
"20071120","NOIRMOUTIER EN",47.004667,-2.257167,9.79166666666667,8.57083333333333,92.2916666666667,3.37083333333333,2007-11-20
"20071121","NOIRMOUTIER EN",47.004667,-2.257167,11.0666666666667,8.69166666666667,85.4166666666667,5.25,2007-11-21
"20071122","NOIRMOUTIER EN",47.004667,-2.257167,10.1916666666667,8.1125,87.0416666666667,3.02916666666667,2007-11-22
"20071123","NOIRMOUTIER EN",47.004667,-2.257167,8.57916666666667,5.42083333333333,80.625,4.05416666666667,2007-11-23
"20071124","NOIRMOUTIER EN",47.004667,-2.257167,6.54583333333333,1.675,71.6666666666667,3.79583333333333,2007-11-24
"20071125","NOIRMOUTIER EN",47.004667,-2.257167,10.925,8.67083333333333,85.9166666666667,3.13333333333333,2007-11-25
"20071126","NOIRMOUTIER EN",47.004667,-2.257167,11.0833333333333,8.6625,85.125,2.0375,2007-11-26
"20071127","NOIRMOUTIER EN",47.004667,-2.257167,11.1416666666667,10.075,93.1666666666667,1.39583333333333,2007-11-27
"20071128","NOIRMOUTIER EN",47.004667,-2.257167,9.10833333333333,6.5375,84.2083333333333,2.24166666666667,2007-11-28
"20071129","NOIRMOUTIER EN",47.004667,-2.257167,10.3708333333333,9.04166666666667,91.625,3.27083333333333,2007-11-29
"20071130","NOIRMOUTIER EN",47.004667,-2.257167,9.77916666666667,7.73333333333333,87.4583333333333,3.825,2007-11-30
"20071201","NOIRMOUTIER EN",47.004667,-2.257167,11.9791666666667,8.11666666666667,77.5,7.40833333333333,2007-12-01
"20071202","NOIRMOUTIER EN",47.004667,-2.257167,12.85,10.5625,86.0833333333333,12.2333333333333,2007-12-02
"20071203","NOIRMOUTIER EN",47.004667,-2.257167,11.8375,8.15833333333333,78.2916666666667,9.47083333333333,2007-12-03
"20071204","NOIRMOUTIER EN",47.004667,-2.257167,11.6166666666667,10.6083333333333,93.5833333333333,3.5875,2007-12-04
"20071205","NOIRMOUTIER EN",47.004667,-2.257167,11.1625,9.39166666666667,88.8333333333333,7.7,2007-12-05
"20071206","NOIRMOUTIER EN",47.004667,-2.257167,12.0083333333333,10.6833333333333,91.5833333333333,7.57916666666667,2007-12-06
"20071207","NOIRMOUTIER EN",47.004667,-2.257167,11.9166666666667,7.99583333333333,77.4583333333333,9.8625,2007-12-07
"20071208","NOIRMOUTIER EN",47.004667,-2.257167,11.5541666666667,8.8875,84,8.50833333333333,2007-12-08
"20071209","NOIRMOUTIER EN",47.004667,-2.257167,11.1583333333333,6.36666666666667,72.5833333333333,14.0333333333333,2007-12-09
"20071210","NOIRMOUTIER EN",47.004667,-2.257167,9.90416666666667,3.60416666666667,65.0416666666667,9.10833333333333,2007-12-10
"20071211","NOIRMOUTIER EN",47.004667,-2.257167,6.51666666666667,2.3375,75.0416666666667,2.22083333333333,2007-12-11
"20071212","NOIRMOUTIER EN",47.004667,-2.257167,4.975,1.85833333333333,80.375,2.53333333333333,2007-12-12
"20071213","NOIRMOUTIER EN",47.004667,-2.257167,2.59583333333333,1.0875,89.7916666666667,4.19166666666667,2007-12-13
"20071214","NOIRMOUTIER EN",47.004667,-2.257167,2.90833333333333,0.608333333333333,85,4.825,2007-12-14
"20071215","NOIRMOUTIER EN",47.004667,-2.257167,1.3375,-2.80416666666667,74.0833333333333,5.8125,2007-12-15
"20071216","NOIRMOUTIER EN",47.004667,-2.257167,0.595833333333333,-3.21666666666667,75.9166666666667,5.00833333333333,2007-12-16
"20071217","NOIRMOUTIER EN",47.004667,-2.257167,0.370833333333333,-3.3125,76.4166666666667,6.31666666666667,2007-12-17
"20071218","NOIRMOUTIER EN",47.004667,-2.257167,1.4625,-3.10833333333333,72.2916666666667,5.7875,2007-12-18
"20071219","NOIRMOUTIER EN",47.004667,-2.257167,1.02083333333333,-2.4625,77.875,5.19583333333333,2007-12-19
"20071220","NOIRMOUTIER EN",47.004667,-2.257167,3.28333333333333,-2.23333333333333,67.375,4.52916666666667,2007-12-20
"20071221","NOIRMOUTIER EN",47.004667,-2.257167,5.59583333333333,1.45,74.6666666666667,3.45833333333333,2007-12-21
"20071222","NOIRMOUTIER EN",47.004667,-2.257167,5.32083333333333,1.95833333333333,79,2.02083333333333,2007-12-22
"20071223","NOIRMOUTIER EN",47.004667,-2.257167,3.49583333333333,0.983333333333333,84.125,1.35,2007-12-23
"20071224","NOIRMOUTIER EN",47.004667,-2.257167,4.45,3.23333333333333,91.75,2.60833333333333,2007-12-24
"20071225","NOIRMOUTIER EN",47.004667,-2.257167,8.24166666666667,6.9875,91.9166666666667,4.95833333333333,2007-12-25
"20071226","NOIRMOUTIER EN",47.004667,-2.257167,8.44166666666667,7.225,92.0833333333333,3.225,2007-12-26
"20071227","NOIRMOUTIER EN",47.004667,-2.257167,9.15416666666667,7.59583333333333,90.2083333333333,3.81666666666667,2007-12-27
"20071228","NOIRMOUTIER EN",47.004667,-2.257167,8.15,6.8,91.2083333333333,5.2,2007-12-28
"20071229","NOIRMOUTIER EN",47.004667,-2.257167,9.69166666666667,7.72083333333333,87.625,5.56666666666667,2007-12-29
"20071230","NOIRMOUTIER EN",47.004667,-2.257167,6.67916666666667,4.625,86.9583333333333,1.675,2007-12-30
"20071231","NOIRMOUTIER EN",47.004667,-2.257167,4.95833333333333,4.00416666666667,93.7083333333333,1.60833333333333,2007-12-31
"20080101","NOIRMOUTIER EN",47.004667,-2.257167,3.6125,1.9,88.8333333333333,3.36666666666667,2008-01-01
"20080102","NOIRMOUTIER EN",47.004667,-2.257167,2.59166666666667,0.533333333333333,86.4583333333333,3.93333333333333,2008-01-02
"20080103","NOIRMOUTIER EN",47.004667,-2.257167,6.6125,5,89.5416666666667,4.33333333333333,2008-01-03
"20080104","NOIRMOUTIER EN",47.004667,-2.257167,8.99166666666667,7.54166666666667,90.9166666666667,4.93333333333333,2008-01-04
"20080105","NOIRMOUTIER EN",47.004667,-2.257167,9.60833333333333,8.07083333333333,90.25,4.35416666666667,2008-01-05
"20080106","NOIRMOUTIER EN",47.004667,-2.257167,10.2666666666667,9.51666666666667,94.9583333333333,5.5875,2008-01-06
"20080107","NOIRMOUTIER EN",47.004667,-2.257167,10.0166666666667,7.62083333333333,85.3333333333333,4.9375,2008-01-07
"20080108","NOIRMOUTIER EN",47.004667,-2.257167,9.22083333333333,7.875,91.3333333333333,5.13333333333333,2008-01-08
"20080109","NOIRMOUTIER EN",47.004667,-2.257167,9.4875,7.11666666666667,85.625,3.99583333333333,2008-01-09
"20080110","NOIRMOUTIER EN",47.004667,-2.257167,11.2291666666667,8.86666666666667,85.4583333333333,8.05,2008-01-10
"20080111","NOIRMOUTIER EN",47.004667,-2.257167,9.79166666666667,6.88333333333333,82.125,9.7125,2008-01-11
"20080112","NOIRMOUTIER EN",47.004667,-2.257167,8.6875,5.5,80.4583333333333,4.32916666666667,2008-01-12
"20080113","NOIRMOUTIER EN",47.004667,-2.257167,9.69166666666667,7.49166666666667,86.1666666666667,7.35,2008-01-13
"20080114","NOIRMOUTIER EN",47.004667,-2.257167,10.2041666666667,7.44583333333333,83.125,6.18333333333333,2008-01-14
"20080115","NOIRMOUTIER EN",47.004667,-2.257167,10.4791666666667,8.22083333333333,85.9583333333333,11.6208333333333,2008-01-15
"20080116","NOIRMOUTIER EN",47.004667,-2.257167,9.45416666666667,6.47916666666667,81.7916666666667,7.44583333333333,2008-01-16
"20080117","NOIRMOUTIER EN",47.004667,-2.257167,10.7,9.35833333333333,91.5,6.80416666666667,2008-01-17
"20080118","NOIRMOUTIER EN",47.004667,-2.257167,11.3125,10.1791666666667,92.7916666666667,6.0125,2008-01-18
"20080119","NOIRMOUTIER EN",47.004667,-2.257167,11.8833333333333,9.375,84.625,5.15416666666667,2008-01-19
"20080120","NOIRMOUTIER EN",47.004667,-2.257167,10.8875,7.1625,78.3333333333333,1.74583333333333,2008-01-20
"20080121","NOIRMOUTIER EN",47.004667,-2.257167,10.0458333333333,8.52916666666667,90.375,5.2875,2008-01-21
"20080122","NOIRMOUTIER EN",47.004667,-2.257167,10.9416666666667,9.27083333333333,89.4166666666667,3.98333333333333,2008-01-22
"20080123","NOIRMOUTIER EN",47.004667,-2.257167,10.1208333333333,9.35416666666667,95.0416666666667,2.95,2008-01-23
"20080124","NOIRMOUTIER EN",47.004667,-2.257167,9.20416666666667,7.77083333333333,90.7916666666667,2.85,2008-01-24
"20080125","NOIRMOUTIER EN",47.004667,-2.257167,6.8,3.3375,79.125,2.05,2008-01-25
"20080126","NOIRMOUTIER EN",47.004667,-2.257167,6.9125,1.34583333333333,68.6666666666667,3.35,2008-01-26
"20080127","NOIRMOUTIER EN",47.004667,-2.257167,4.80416666666667,1.37083333333333,79.3333333333333,1.15,2008-01-27
"20080128","NOIRMOUTIER EN",47.004667,-2.257167,5.7875,4.40833333333333,91,1.99166666666667,2008-01-28
"20080129","NOIRMOUTIER EN",47.004667,-2.257167,5.22916666666667,2.7875,84.625,2.50416666666667,2008-01-29
"20080130","NOIRMOUTIER EN",47.004667,-2.257167,6.35,3.48333333333333,82.25,2.7125,2008-01-30
"20080131","NOIRMOUTIER EN",47.004667,-2.257167,7.7125,4.99166666666667,83.2083333333333,7.87916666666667,2008-01-31
"20080201","NOIRMOUTIER EN",47.004667,-2.257167,9.10833333333333,6.27083333333333,82.75,7.8,2008-02-01
"20080202","NOIRMOUTIER EN",47.004667,-2.257167,5.975,1.15416666666667,72.25,3.00833333333333,2008-02-02
"20080203","NOIRMOUTIER EN",47.004667,-2.257167,6.6875,3.92916666666667,82.625,7.59583333333333,2008-02-03
"20080204","NOIRMOUTIER EN",47.004667,-2.257167,8.40416666666667,4.72083333333333,77.8333333333333,6.61666666666667,2008-02-04
"20080205","NOIRMOUTIER EN",47.004667,-2.257167,11.4416666666667,9.44583333333333,87.6666666666667,10.8833333333333,2008-02-05
"20080206","NOIRMOUTIER EN",47.004667,-2.257167,10.7458333333333,8.90416666666667,88.5,3.9875,2008-02-06
"20080207","NOIRMOUTIER EN",47.004667,-2.257167,7.23333333333333,6.44166666666667,94.7916666666667,1.79583333333333,2008-02-07
"20080208","NOIRMOUTIER EN",47.004667,-2.257167,8.7625,4.34583333333333,74.6666666666667,2.6,2008-02-08
"20080209","NOIRMOUTIER EN",47.004667,-2.257167,8.84166666666667,4.45,74.5,2.57083333333333,2008-02-09
"20080210","NOIRMOUTIER EN",47.004667,-2.257167,7.92083333333333,3.7625,75.875,2.95,2008-02-10
"20080211","NOIRMOUTIER EN",47.004667,-2.257167,7.65833333333333,2.76666666666667,71.4166666666667,4.19166666666667,2008-02-11
"20080212","NOIRMOUTIER EN",47.004667,-2.257167,8.2125,2.4375,68.0416666666667,4.2375,2008-02-12
"20080213","NOIRMOUTIER EN",47.004667,-2.257167,7.60833333333333,2.13333333333333,68.7916666666667,3.90833333333333,2008-02-13
"20080214","NOIRMOUTIER EN",47.004667,-2.257167,7.67916666666667,1.61666666666667,66.5,4.09166666666667,2008-02-14
"20080215","NOIRMOUTIER EN",47.004667,-2.257167,3.6875,1.32083333333333,84.5833333333333,5.07083333333333,2008-02-15
"20080216","NOIRMOUTIER EN",47.004667,-2.257167,3.46666666666667,-1.38333333333333,71.375,5.4625,2008-02-16
"20080217","NOIRMOUTIER EN",47.004667,-2.257167,5.90833333333333,0.9375,70.875,4.53333333333333,2008-02-17
"20080218","NOIRMOUTIER EN",47.004667,-2.257167,7.6875,2.67083333333333,71.2083333333333,4.00833333333333,2008-02-18
"20080219","NOIRMOUTIER EN",47.004667,-2.257167,7.83333333333333,4.84166666666667,81.4583333333333,3.3875,2008-02-19
"20080220","NOIRMOUTIER EN",47.004667,-2.257167,8.85,7.71666666666667,92.6666666666667,2.84583333333333,2008-02-20
"20080221","NOIRMOUTIER EN",47.004667,-2.257167,8.02916666666667,7.31666666666667,95.2916666666667,2.20416666666667,2008-02-21
"20080222","NOIRMOUTIER EN",47.004667,-2.257167,10.4416666666667,8.96666666666667,90.7916666666667,2.55416666666667,2008-02-22
"20080223","NOIRMOUTIER EN",47.004667,-2.257167,9.40416666666667,7.3625,87.6666666666667,1.66666666666667,2008-02-23
"20080224","NOIRMOUTIER EN",47.004667,-2.257167,10.2,8.125,87.1666666666667,3.80416666666667,2008-02-24
"20080225","NOIRMOUTIER EN",47.004667,-2.257167,10.6375,9.5,92.6666666666667,3.1875,2008-02-25
"20080226","NOIRMOUTIER EN",47.004667,-2.257167,10.8333333333333,9.2625,90.125,6.3875,2008-02-26
"20080227","NOIRMOUTIER EN",47.004667,-2.257167,9.97916666666667,8.87083333333333,92.6666666666667,3.64583333333333,2008-02-27
"20080228","NOIRMOUTIER EN",47.004667,-2.257167,11.8208333333333,10.8375,93.7916666666667,4.1625,2008-02-28
"20080229","NOIRMOUTIER EN",47.004667,-2.257167,11.6375,10.45,92.5416666666667,5.87916666666667,2008-02-29
"20080301","NOIRMOUTIER EN",47.004667,-2.257167,11.4541666666667,9.65416666666667,88.9166666666667,7.5,2008-03-01
"20080302","NOIRMOUTIER EN",47.004667,-2.257167,11.1666666666667,10.1458333333333,93.4583333333333,4.95833333333333,2008-03-02
"20080303","NOIRMOUTIER EN",47.004667,-2.257167,9.25,5.29583333333333,77,7.07916666666667,2008-03-03
"20080304","NOIRMOUTIER EN",47.004667,-2.257167,7.075,1.325,67.7916666666667,8.17083333333333,2008-03-04
"20080305","NOIRMOUTIER EN",47.004667,-2.257167,6.6125,-1.37083333333333,57.8333333333333,4.4125,2008-03-05
"20080306","NOIRMOUTIER EN",47.004667,-2.257167,7.39583333333333,3.4,76,3.14583333333333,2008-03-06
"20080307","NOIRMOUTIER EN",47.004667,-2.257167,9.0375,4.97916666666667,76.0416666666667,4.3625,2008-03-07
"20080308","NOIRMOUTIER EN",47.004667,-2.257167,8.5125,6.39166666666667,86.6666666666667,4.2,2008-03-08
"20080309","NOIRMOUTIER EN",47.004667,-2.257167,9.5375,5.97083333333333,78.8333333333333,6.625,2008-03-09
"20080310","NOIRMOUTIER EN",47.004667,-2.257167,10.1458333333333,6.15,76.625,11.7958333333333,2008-03-10
"20080311","NOIRMOUTIER EN",47.004667,-2.257167,11.4041666666667,9.82083333333333,90.0416666666667,10.0083333333333,2008-03-11
"20080312","NOIRMOUTIER EN",47.004667,-2.257167,10.8958333333333,7.64166666666667,80.875,7.18333333333333,2008-03-12
"20080313","NOIRMOUTIER EN",47.004667,-2.257167,10.9125,9.10416666666667,88.75,4.28333333333333,2008-03-13
"20080314","NOIRMOUTIER EN",47.004667,-2.257167,11.0666666666667,9.4,89.5416666666667,2.8875,2008-03-14
"20080315","NOIRMOUTIER EN",47.004667,-2.257167,11.6166666666667,9.275,85.625,5.21666666666667,2008-03-15
"20080316","NOIRMOUTIER EN",47.004667,-2.257167,11.0125,8.38333333333333,83.875,7.24583333333333,2008-03-16
"20080317","NOIRMOUTIER EN",47.004667,-2.257167,9.40416666666667,5.03333333333333,74.25,3.25,2008-03-17
"20080318","NOIRMOUTIER EN",47.004667,-2.257167,7.33333333333333,0.104166666666667,61,4.93333333333333,2008-03-18
"20080319","NOIRMOUTIER EN",47.004667,-2.257167,6.76666666666667,-0.608333333333333,59.875,4.625,2008-03-19
"20080320","NOIRMOUTIER EN",47.004667,-2.257167,7.775,2.7125,70.625,4.70416666666667,2008-03-20
"20080321","NOIRMOUTIER EN",47.004667,-2.257167,9.99583333333333,6.13333333333333,77.6666666666667,NA,2008-03-21
"20080322","NOIRMOUTIER EN",47.004667,-2.257167,6.14583333333333,1.20833333333333,70.6666666666667,NA,2008-03-22
"20080323","NOIRMOUTIER EN",47.004667,-2.257167,5.94166666666667,0.791666666666667,69.7916666666667,NA,2008-03-23
"20080324","NOIRMOUTIER EN",47.004667,-2.257167,8.81666666666667,4.58333333333333,75.2083333333333,NA,2008-03-24
"20080325","NOIRMOUTIER EN",47.004667,-2.257167,9.36666666666667,5.04166666666667,75.0833333333333,3.30833333333333,2008-03-25
"20080326","NOIRMOUTIER EN",47.004667,-2.257167,8.9,5.67916666666667,80.7083333333333,6.075,2008-03-26
"20080327","NOIRMOUTIER EN",47.004667,-2.257167,8.00416666666667,4.25,77.5416666666667,2.70833333333333,2008-03-27
"20080328","NOIRMOUTIER EN",47.004667,-2.257167,10.6916666666667,7.99583333333333,83.75,7.0375,2008-03-28
"20080329","NOIRMOUTIER EN",47.004667,-2.257167,10.7166666666667,7.50833333333333,80.6666666666667,6.00833333333333,2008-03-29
"20080330","NOIRMOUTIER EN",47.004667,-2.257167,10.4125,7.325,81.375,6.7625,2008-03-30
"20080331","NOIRMOUTIER EN",47.004667,-2.257167,10.5166666666667,7.44583333333333,81.4583333333333,NA,2008-03-31
"20080401","NOIRMOUTIER EN",47.004667,-2.257167,11.175,10.1875,93.5833333333333,4.33333333333333,2008-04-01
"20080402","NOIRMOUTIER EN",47.004667,-2.257167,10.7458333333333,9.17083333333333,90.125,4.25833333333333,2008-04-02
"20080403","NOIRMOUTIER EN",47.004667,-2.257167,12.1833333333333,9.2125,82.2916666666667,3.3625,2008-04-03
"20080404","NOIRMOUTIER EN",47.004667,-2.257167,11.4541666666667,6.74166666666667,73.5416666666667,3.075,2008-04-04
"20080405","NOIRMOUTIER EN",47.004667,-2.257167,9.57083333333333,6.79583333333333,83.3333333333333,3.22083333333333,2008-04-05
"20080406","NOIRMOUTIER EN",47.004667,-2.257167,7.27083333333333,0.883333333333333,64.9166666666667,5.20416666666667,2008-04-06
"20080407","NOIRMOUTIER EN",47.004667,-2.257167,6.67916666666667,-1.69583333333333,56.3333333333333,2.47916666666667,2008-04-07
"20080408","NOIRMOUTIER EN",47.004667,-2.257167,7.8375,-1.52083333333333,52.1666666666667,4.725,2008-04-08
"20080409","NOIRMOUTIER EN",47.004667,-2.257167,8.54166666666667,0.233333333333333,56.4166666666667,4.83333333333333,2008-04-09
"20080410","NOIRMOUTIER EN",47.004667,-2.257167,8.79583333333333,1.9625,62.9583333333333,4.56666666666667,2008-04-10
"20080411","NOIRMOUTIER EN",47.004667,-2.257167,10.1916666666667,5.3,71.75,6.225,2008-04-11
"20080412","NOIRMOUTIER EN",47.004667,-2.257167,10.7875,7.3625,79.5416666666667,6.13333333333333,2008-04-12
"20080413","NOIRMOUTIER EN",47.004667,-2.257167,9.94583333333333,6.72916666666667,80.75,4.65,2008-04-13
"20080414","NOIRMOUTIER EN",47.004667,-2.257167,10.3875,5.975,74.2083333333333,6.1875,2008-04-14
"20080415","NOIRMOUTIER EN",47.004667,-2.257167,9.375,4.05833333333333,70.125,2.19583333333333,2008-04-15
"20080416","NOIRMOUTIER EN",47.004667,-2.257167,11.1958333333333,1.575,52.9583333333333,4.2125,2008-04-16
"20080417","NOIRMOUTIER EN",47.004667,-2.257167,8.37916666666667,2.82083333333333,69.875,7.09166666666667,2008-04-17
"20080418","NOIRMOUTIER EN",47.004667,-2.257167,9.84583333333333,7.775,87.0416666666667,6.46666666666667,2008-04-18
"20080419","NOIRMOUTIER EN",47.004667,-2.257167,12.3875,8.3625,77.5833333333333,5.72083333333333,2008-04-19
"20080420","NOIRMOUTIER EN",47.004667,-2.257167,12.2125,9.34166666666667,82.9583333333333,4.74166666666667,2008-04-20
"20080421","NOIRMOUTIER EN",47.004667,-2.257167,10.5125,9.00416666666667,90.4166666666667,7.22916666666667,2008-04-21
"20080422","NOIRMOUTIER EN",47.004667,-2.257167,11.6875,9.80833333333333,88.4166666666667,6.25,2008-04-22
"20080423","NOIRMOUTIER EN",47.004667,-2.257167,11.8583333333333,9.65416666666667,86.5,4.47083333333333,2008-04-23
"20080424","NOIRMOUTIER EN",47.004667,-2.257167,12.3291666666667,10.6625,89.5833333333333,4.5,2008-04-24
"20080425","NOIRMOUTIER EN",47.004667,-2.257167,12.1625,9.87916666666667,86.3333333333333,1.9,2008-04-25
"20080426","NOIRMOUTIER EN",47.004667,-2.257167,14.7125,9.90833333333333,74.125,2.19583333333333,2008-04-26
"20080427","NOIRMOUTIER EN",47.004667,-2.257167,13.1541666666667,10.6166666666667,84.75,3.6375,2008-04-27
"20080428","NOIRMOUTIER EN",47.004667,-2.257167,12.0125,8.05416666666667,76.9166666666667,6.92083333333333,2008-04-28
"20080429","NOIRMOUTIER EN",47.004667,-2.257167,11.2583333333333,8.09583333333333,80.875,9.67916666666667,2008-04-29
"20080430","NOIRMOUTIER EN",47.004667,-2.257167,11.6166666666667,7.1125,74.0416666666667,10.425,2008-04-30
"20080501","NOIRMOUTIER EN",47.004667,-2.257167,11.7291666666667,8.18333333333333,79,5.64166666666667,2008-05-01
"20080502","NOIRMOUTIER EN",47.004667,-2.257167,13.8375,9.63333333333333,76.6666666666667,2.325,2008-05-02
"20080503","NOIRMOUTIER EN",47.004667,-2.257167,18.4166666666667,11.875,66.5833333333333,2.8375,2008-05-03
"20080504","NOIRMOUTIER EN",47.004667,-2.257167,17.6375,13.025,75.125,3.58333333333333,2008-05-04
"20080505","NOIRMOUTIER EN",47.004667,-2.257167,16.9208333333333,13.3541666666667,80.7916666666667,3.47083333333333,2008-05-05
"20080506","NOIRMOUTIER EN",47.004667,-2.257167,15.6958333333333,12.6041666666667,82.5833333333333,2.4625,2008-05-06
"20080507","NOIRMOUTIER EN",47.004667,-2.257167,17.7291666666667,11.8416666666667,70.7083333333333,2.78333333333333,2008-05-07
"20080508","NOIRMOUTIER EN",47.004667,-2.257167,15.4583333333333,12.825,84.6666666666667,3.575,2008-05-08
"20080509","NOIRMOUTIER EN",47.004667,-2.257167,14.975,13.3625,90.1666666666667,2.26666666666667,2008-05-09
"20080510","NOIRMOUTIER EN",47.004667,-2.257167,17.425,12.2875,73.0833333333333,3.3,2008-05-10
"20080511","NOIRMOUTIER EN",47.004667,-2.257167,18.6083333333333,13.5083333333333,72.7916666666667,2.85416666666667,2008-05-11
"20080512","NOIRMOUTIER EN",47.004667,-2.257167,19.2083333333333,11.975,64.4583333333333,2.79166666666667,2008-05-12
"20080513","NOIRMOUTIER EN",47.004667,-2.257167,17.4291666666667,13.4916666666667,78.2916666666667,2.17916666666667,2008-05-13
"20080514","NOIRMOUTIER EN",47.004667,-2.257167,15.6708333333333,12.8125,83.1666666666667,3.15416666666667,2008-05-14
"20080515","NOIRMOUTIER EN",47.004667,-2.257167,14.925,11.1416666666667,78.75,1.90416666666667,2008-05-15
"20080516","NOIRMOUTIER EN",47.004667,-2.257167,15.675,11.7625,78.0833333333333,2.57083333333333,2008-05-16
"20080517","NOIRMOUTIER EN",47.004667,-2.257167,15.1625,10.9666666666667,76.375,4.43333333333333,2008-05-17
"20080518","NOIRMOUTIER EN",47.004667,-2.257167,14.7291666666667,10.5458333333333,76.75,2.44583333333333,2008-05-18
"20080519","NOIRMOUTIER EN",47.004667,-2.257167,15.1166666666667,9.11666666666667,68.25,4.85833333333333,2008-05-19
"20080520","NOIRMOUTIER EN",47.004667,-2.257167,14.9041666666667,7.87083333333333,63.625,3.49583333333333,2008-05-20
"20080521","NOIRMOUTIER EN",47.004667,-2.257167,15.7666666666667,8.625,64.0833333333333,2.50416666666667,2008-05-21
"20080522","NOIRMOUTIER EN",47.004667,-2.257167,15.7941176470588,12.3235294117647,80,3.28235294117647,2008-05-22
"20080527","NOIRMOUTIER EN",47.004667,-2.257167,16.45,12.7166666666667,79.5,2.83333333333333,2008-05-27
"20080528","NOIRMOUTIER EN",47.004667,-2.257167,16.6291666666667,12.9541666666667,79.3333333333333,3.99166666666667,2008-05-28
"20080529","NOIRMOUTIER EN",47.004667,-2.257167,14.8,12.6,87,1.7,2008-05-29
"20080531","NOIRMOUTIER EN",47.004667,-2.257167,17.1875,14.4916666666667,84.4583333333333,2.43333333333333,2008-05-31
"20080601","NOIRMOUTIER EN",47.004667,-2.257167,16.9875,14.6958333333333,86.5416666666667,3.2,2008-06-01
"20080602","NOIRMOUTIER EN",47.004667,-2.257167,16.85,14.95,88.7083333333333,3.41666666666667,2008-06-02
"20080603","NOIRMOUTIER EN",47.004667,-2.257167,16.3791666666667,12.1208333333333,76.25,6.18333333333333,2008-06-03
"20080604","NOIRMOUTIER EN",47.004667,-2.257167,15.45,9.59166666666667,68.5833333333333,2.63333333333333,2008-06-04
"20080605","NOIRMOUTIER EN",47.004667,-2.257167,16.0208333333333,11.0791666666667,72.9583333333333,2.9625,2008-06-05
"20080606","NOIRMOUTIER EN",47.004667,-2.257167,14.825,8.60833333333333,66.7916666666667,5.7125,2008-06-06
"20080607","NOIRMOUTIER EN",47.004667,-2.257167,14.65,9.09583333333333,69.7083333333333,4.62916666666667,2008-06-07
"20080608","NOIRMOUTIER EN",47.004667,-2.257167,16.5458333333333,10.75,69.0833333333333,4.45416666666667,2008-06-08
"20080609","NOIRMOUTIER EN",47.004667,-2.257167,19.7291666666667,14.3583333333333,72.1666666666667,3.94166666666667,2008-06-09
"20080610","NOIRMOUTIER EN",47.004667,-2.257167,21.0541666666667,12.5625,59.875,4.5625,2008-06-10
"20080611","NOIRMOUTIER EN",47.004667,-2.257167,19.9458333333333,13.2291666666667,66.7916666666667,5.025,2008-06-11
"20080612","NOIRMOUTIER EN",47.004667,-2.257167,16.5125,11.8958333333333,74.5,4.85,2008-06-12
"20080613","NOIRMOUTIER EN",47.004667,-2.257167,14.7416666666667,8.67083333333333,68,3.09583333333333,2008-06-13
"20080614","NOIRMOUTIER EN",47.004667,-2.257167,15.2166666666667,8.85416666666667,66.7916666666667,4.09166666666667,2008-06-14
"20080615","NOIRMOUTIER EN",47.004667,-2.257167,14.1666666666667,9.94166666666667,76.0833333333333,1.375,2008-06-15
"20080616","NOIRMOUTIER EN",47.004667,-2.257167,15.6333333333333,11.1208333333333,75,3.3,2008-06-16
"20080617","NOIRMOUTIER EN",47.004667,-2.257167,15.9666666666667,11.0958333333333,73.3333333333333,4.34583333333333,2008-06-17
"20080618","NOIRMOUTIER EN",47.004667,-2.257167,15.95,10.0166666666667,68.625,3.4375,2008-06-18
"20080619","NOIRMOUTIER EN",47.004667,-2.257167,17.9666666666667,15.2041666666667,84.125,5.8625,2008-06-19
"20080620","NOIRMOUTIER EN",47.004667,-2.257167,18.8916666666667,15.5,81.0833333333333,3.48333333333333,2008-06-20
"20080621","NOIRMOUTIER EN",47.004667,-2.257167,20.5916666666667,15.8,75.0416666666667,2.66666666666667,2008-06-21
"20080622","NOIRMOUTIER EN",47.004667,-2.257167,19.1,15.5791666666667,80.3333333333333,3.85,2008-06-22
"20080623","NOIRMOUTIER EN",47.004667,-2.257167,17.7666666666667,11.2625,66.5416666666667,4.04583333333333,2008-06-23
"20080624","NOIRMOUTIER EN",47.004667,-2.257167,18.525,14.0416666666667,75.7083333333333,4.1375,2008-06-24
"20080625","NOIRMOUTIER EN",47.004667,-2.257167,18.1875,13.65,75.375,4.65,2008-06-25
"20080626","NOIRMOUTIER EN",47.004667,-2.257167,16.975,10.95,68.1666666666667,4.56666666666667,2008-06-26
"20080627","NOIRMOUTIER EN",47.004667,-2.257167,18.0333333333333,13.425,74.875,4.04166666666667,2008-06-27
"20080628","NOIRMOUTIER EN",47.004667,-2.257167,18.9666666666667,15.375,80.2916666666667,3.39166666666667,2008-06-28
"20080629","NOIRMOUTIER EN",47.004667,-2.257167,18.6041666666667,14.6,78.125,3.2,2008-06-29
"20080630","NOIRMOUTIER EN",47.004667,-2.257167,18.9125,13.3,70.9166666666667,3.38333333333333,2008-06-30
"20080701","NOIRMOUTIER EN",47.004667,-2.257167,20.0958333333333,15.6083333333333,75.875,3.31666666666667,2008-07-01
"20080702","NOIRMOUTIER EN",47.004667,-2.257167,16.8291666666667,14.0708333333333,83.9166666666667,4.10833333333333,2008-07-02
"20080703","NOIRMOUTIER EN",47.004667,-2.257167,16.7791666666667,11.3458333333333,70.9166666666667,4.05416666666667,2008-07-03
"20080704","NOIRMOUTIER EN",47.004667,-2.257167,17.3583333333333,12.6458333333333,74.5,5.12916666666667,2008-07-04
"20080705","NOIRMOUTIER EN",47.004667,-2.257167,18.2625,12.1083333333333,68.25,6.74583333333333,2008-07-05
"20080706","NOIRMOUTIER EN",47.004667,-2.257167,16.8416666666667,11.6291666666667,71.8333333333333,7.84583333333333,2008-07-06
"20080707","NOIRMOUTIER EN",47.004667,-2.257167,16.1583333333333,12.5875,79.4166666666667,9.79166666666667,2008-07-07
"20080708","NOIRMOUTIER EN",47.004667,-2.257167,16.8416666666667,12.75,77.0416666666667,5.3875,2008-07-08
"20080709","NOIRMOUTIER EN",47.004667,-2.257167,17.9958333333333,14.1041666666667,78.2083333333333,4.56666666666667,2008-07-09
"20080710","NOIRMOUTIER EN",47.004667,-2.257167,17.8375,15.6208333333333,87,5.8625,2008-07-10
"20080711","NOIRMOUTIER EN",47.004667,-2.257167,17.8166666666667,14.1416666666667,79.375,6.57083333333333,2008-07-11
"20080712","NOIRMOUTIER EN",47.004667,-2.257167,16.6375,11.6166666666667,72.75,4.725,2008-07-12
"20080713","NOIRMOUTIER EN",47.004667,-2.257167,16.1625,10.25,68.25,2.91666666666667,2008-07-13
"20080714","NOIRMOUTIER EN",47.004667,-2.257167,17.4041666666667,13.0416666666667,76.2916666666667,2.60416666666667,2008-07-14
"20080715","NOIRMOUTIER EN",47.004667,-2.257167,18.625,15.7166666666667,83.4166666666667,3.33333333333333,2008-07-15
"20080716","NOIRMOUTIER EN",47.004667,-2.257167,18.5458333333333,15.875,84.7916666666667,3.54166666666667,2008-07-16
"20080717","NOIRMOUTIER EN",47.004667,-2.257167,17.1958333333333,12.2375,72.9583333333333,4.32083333333333,2008-07-17
"20080718","NOIRMOUTIER EN",47.004667,-2.257167,17.7458333333333,14.4041666666667,80.875,4.3375,2008-07-18
"20080719","NOIRMOUTIER EN",47.004667,-2.257167,18.125,14.4083333333333,79.2916666666667,4.67083333333333,2008-07-19
"20080720","NOIRMOUTIER EN",47.004667,-2.257167,17.3625,11.9125,70.8333333333333,4.59583333333333,2008-07-20
"20080721","NOIRMOUTIER EN",47.004667,-2.257167,16.8583333333333,11.3333333333333,70.3333333333333,4.64583333333333,2008-07-21
"20080722","NOIRMOUTIER EN",47.004667,-2.257167,17.2333333333333,11.1833333333333,69.0833333333333,3.03333333333333,2008-07-22
"20080723","NOIRMOUTIER EN",47.004667,-2.257167,22.7791666666667,10.1166666666667,48,3.98333333333333,2008-07-23
"20080724","NOIRMOUTIER EN",47.004667,-2.257167,20.7333333333333,13.1,63.5,4.66666666666667,2008-07-24
"20080725","NOIRMOUTIER EN",47.004667,-2.257167,17.6583333333333,16.0375,90.25,2.29583333333333,2008-07-25
"20080726","NOIRMOUTIER EN",47.004667,-2.257167,19.0583333333333,16.3583333333333,84.8333333333333,2.38333333333333,2008-07-26
"20080727","NOIRMOUTIER EN",47.004667,-2.257167,19.3583333333333,16.1916666666667,82.4583333333333,2.52083333333333,2008-07-27
"20080728","NOIRMOUTIER EN",47.004667,-2.257167,17.8541666666667,15.1791666666667,85,1.975,2008-07-28
"20080729","NOIRMOUTIER EN",47.004667,-2.257167,19.4041666666667,14.8375,75.375,4.28333333333333,2008-07-29
"20080730","NOIRMOUTIER EN",47.004667,-2.257167,20.4791666666667,14.4875,70.25,1.94166666666667,2008-07-30
"20080731","NOIRMOUTIER EN",47.004667,-2.257167,20.2833333333333,15.5708333333333,74.7083333333333,4.2875,2008-07-31
"20080801","NOIRMOUTIER EN",47.004667,-2.257167,18.9625,14.2583333333333,74.2916666666667,5.6125,2008-08-01
"20080802","NOIRMOUTIER EN",47.004667,-2.257167,18.9291666666667,16.6958333333333,87.0416666666667,6.7875,2008-08-02
"20080803","NOIRMOUTIER EN",47.004667,-2.257167,19.6291666666667,18.1166666666667,91,6.1875,2008-08-03
"20080804","NOIRMOUTIER EN",47.004667,-2.257167,18.7666666666667,15.775,83.3333333333333,4.6875,2008-08-04
"20080805","NOIRMOUTIER EN",47.004667,-2.257167,18.7666666666667,15.2458333333333,80.625,2.28333333333333,2008-08-05
"20080806","NOIRMOUTIER EN",47.004667,-2.257167,18.9458333333333,16.0625,83.6666666666667,2.5125,2008-08-06
"20080807","NOIRMOUTIER EN",47.004667,-2.257167,19.4333333333333,15.925,80.5833333333333,7.825,2008-08-07
"20080808","NOIRMOUTIER EN",47.004667,-2.257167,18.325,14.3,77.6666666666667,7.15416666666667,2008-08-08
"20080809","NOIRMOUTIER EN",47.004667,-2.257167,18.0541666666667,13.475,75.0833333333333,3.85,2008-08-09
"20080810","NOIRMOUTIER EN",47.004667,-2.257167,18.4291666666667,14.8166666666667,79.7916666666667,5.65833333333333,2008-08-10
"20080811","NOIRMOUTIER EN",47.004667,-2.257167,17.75,13.7333333333333,77.75,4.12083333333333,2008-08-11
"20080812","NOIRMOUTIER EN",47.004667,-2.257167,18.4541666666667,14.1958333333333,76.7083333333333,10.3916666666667,2008-08-12
"20080813","NOIRMOUTIER EN",47.004667,-2.257167,17.2208333333333,12.4083333333333,73.75,8.23333333333333,2008-08-13
"20080814","NOIRMOUTIER EN",47.004667,-2.257167,16.7958333333333,12.1083333333333,74.4583333333333,3.04166666666667,2008-08-14
"20080815","NOIRMOUTIER EN",47.004667,-2.257167,16.1125,11.8041666666667,76.2916666666667,2.80416666666667,2008-08-15
"20080816","NOIRMOUTIER EN",47.004667,-2.257167,16.7541666666667,13.9083333333333,83.4166666666667,4.88333333333333,2008-08-16
"20080817","NOIRMOUTIER EN",47.004667,-2.257167,18.0791666666667,13.8958333333333,76.9583333333333,4.97083333333333,2008-08-17
"20080818","NOIRMOUTIER EN",47.004667,-2.257167,19.2791666666667,15.1958333333333,77.5416666666667,8.575,2008-08-18
"20080819","NOIRMOUTIER EN",47.004667,-2.257167,18.1833333333333,14.05,77,8.30416666666667,2008-08-19
"20080820","NOIRMOUTIER EN",47.004667,-2.257167,18.4958333333333,13.8166666666667,74.5,5.60416666666667,2008-08-20
"20080821","NOIRMOUTIER EN",47.004667,-2.257167,18.3458333333333,15.7833333333333,85.2083333333333,4.525,2008-08-21
"20080822","NOIRMOUTIER EN",47.004667,-2.257167,17.2125,14.0666666666667,81.9583333333333,5.72083333333333,2008-08-22
"20080823","NOIRMOUTIER EN",47.004667,-2.257167,16.0708333333333,10.9458333333333,72.0833333333333,3.19583333333333,2008-08-23
"20080824","NOIRMOUTIER EN",47.004667,-2.257167,16.8791666666667,13.6333333333333,81.4583333333333,5.34583333333333,2008-08-24
"20080825","NOIRMOUTIER EN",47.004667,-2.257167,17.5208333333333,13.9083333333333,79.625,3.87083333333333,2008-08-25
"20080826","NOIRMOUTIER EN",47.004667,-2.257167,17.7916666666667,14.3791666666667,80.4166666666667,2.075,2008-08-26
"20080827","NOIRMOUTIER EN",47.004667,-2.257167,18.1708333333333,14.6541666666667,80.4583333333333,3.65833333333333,2008-08-27
"20080828","NOIRMOUTIER EN",47.004667,-2.257167,17.5208333333333,13.7375,79,3.77916666666667,2008-08-28
"20080829","NOIRMOUTIER EN",47.004667,-2.257167,20.4,14.4541666666667,70,3.55,2008-08-29
"20080830","NOIRMOUTIER EN",47.004667,-2.257167,22.5875,16.6083333333333,70.875,3.60416666666667,2008-08-30
"20080831","NOIRMOUTIER EN",47.004667,-2.257167,18.4125,15.2833333333333,82.0833333333333,5.25,2008-08-31
"20080901","NOIRMOUTIER EN",47.004667,-2.257167,18.2625,13.6625,74.7083333333333,5.12083333333333,2008-09-01
"20080902","NOIRMOUTIER EN",47.004667,-2.257167,18.0291666666667,13.9208333333333,77.0416666666667,7.5375,2008-09-02
"20080903","NOIRMOUTIER EN",47.004667,-2.257167,15.7166666666667,11.4791666666667,76.5,4.67083333333333,2008-09-03
"20080904","NOIRMOUTIER EN",47.004667,-2.257167,16.5291666666667,11.8875,74.2083333333333,5.9125,2008-09-04
"20080905","NOIRMOUTIER EN",47.004667,-2.257167,17.7,14.6125,82.25,10.6625,2008-09-05
"20080906","NOIRMOUTIER EN",47.004667,-2.257167,16.9166666666667,12.1583333333333,73.9166666666667,10.5791666666667,2008-09-06
"20080907","NOIRMOUTIER EN",47.004667,-2.257167,16.6083333333333,12.5083333333333,77.0416666666667,6.1875,2008-09-07
"20080908","NOIRMOUTIER EN",47.004667,-2.257167,17.2875,12.0416666666667,72.8333333333333,2.53333333333333,2008-09-08
"20080909","NOIRMOUTIER EN",47.004667,-2.257167,18.8708333333333,15.5208333333333,81.0833333333333,3.64583333333333,2008-09-09
"20080910","NOIRMOUTIER EN",47.004667,-2.257167,18.9958333333333,16.2416666666667,84.4583333333333,2.9375,2008-09-10
"20080911","NOIRMOUTIER EN",47.004667,-2.257167,17.0666666666667,13.4666666666667,79.7083333333333,5.44583333333333,2008-09-11
"20080912","NOIRMOUTIER EN",47.004667,-2.257167,15.6958333333333,11.3291666666667,75.6666666666667,4.49166666666667,2008-09-12
"20080913","NOIRMOUTIER EN",47.004667,-2.257167,15.8958333333333,12.0166666666667,78.1666666666667,4.72916666666667,2008-09-13
"20080914","NOIRMOUTIER EN",47.004667,-2.257167,16.1458333333333,12.7625,80.5833333333333,3.24583333333333,2008-09-14
"20080915","NOIRMOUTIER EN",47.004667,-2.257167,16.1458333333333,10.0833333333333,68.2916666666667,2.46666666666667,2008-09-15
"20080916","NOIRMOUTIER EN",47.004667,-2.257167,14.6583333333333,7.60833333333333,63.5416666666667,3.65,2008-09-16
"20080917","NOIRMOUTIER EN",47.004667,-2.257167,14.8416666666667,7.02916666666667,60.7083333333333,4.89583333333333,2008-09-17
"20080918","NOIRMOUTIER EN",47.004667,-2.257167,14.3958333333333,7.68333333333333,64.375,3.775,2008-09-18
"20080919","NOIRMOUTIER EN",47.004667,-2.257167,14.9958333333333,8.21666666666667,65,3.525,2008-09-19
"20080920","NOIRMOUTIER EN",47.004667,-2.257167,15.5791666666667,8.16666666666667,62.2916666666667,4.06666666666667,2008-09-20
"20080921","NOIRMOUTIER EN",47.004667,-2.257167,14.7416666666667,6.34583333333333,57.8333333333333,5.24166666666667,2008-09-21
"20080922","NOIRMOUTIER EN",47.004667,-2.257167,14.9458333333333,7.45833333333333,61.8333333333333,6.075,2008-09-22
"20080923","NOIRMOUTIER EN",47.004667,-2.257167,15.0833333333333,9.17916666666667,69.5,5.52916666666667,2008-09-23
"20080924","NOIRMOUTIER EN",47.004667,-2.257167,14.5166666666667,12.1083333333333,85.5,3.81666666666667,2008-09-24
"20080925","NOIRMOUTIER EN",47.004667,-2.257167,15.4333333333333,10.975,75.5416666666667,3.5625,2008-09-25
"20080926","NOIRMOUTIER EN",47.004667,-2.257167,15.1708333333333,8.7625,66.875,4.98333333333333,2008-09-26
"20080927","NOIRMOUTIER EN",47.004667,-2.257167,14.9625,7.2875,60.7916666666667,4.44166666666667,2008-09-27
"20080928","NOIRMOUTIER EN",47.004667,-2.257167,14.625,8.40833333333333,67.875,2.44166666666667,2008-09-28
"20080929","NOIRMOUTIER EN",47.004667,-2.257167,14.15,10.0916666666667,77.0833333333333,3.57916666666667,2008-09-29
"20080930","NOIRMOUTIER EN",47.004667,-2.257167,14.2375,10.1583333333333,76.5416666666667,6.3875,2008-09-30
"20081001","NOIRMOUTIER EN",47.004667,-2.257167,15.6375,11.0791666666667,74.5833333333333,7.875,2008-10-01
"20081002","NOIRMOUTIER EN",47.004667,-2.257167,13.0791666666667,7.65416666666667,70,6.49583333333333,2008-10-02
"20081003","NOIRMOUTIER EN",47.004667,-2.257167,12.675,4.0125,56.125,7.08333333333333,2008-10-03
"20081004","NOIRMOUTIER EN",47.004667,-2.257167,12.4375,7.025,69.8333333333333,4.925,2008-10-04
"20081005","NOIRMOUTIER EN",47.004667,-2.257167,15.9541666666667,13.3583333333333,84.7916666666667,8.92083333333333,2008-10-05
"20081006","NOIRMOUTIER EN",47.004667,-2.257167,16.2541666666667,14.2625,88.0416666666667,5.35,2008-10-06
"20081007","NOIRMOUTIER EN",47.004667,-2.257167,15.9791666666667,13.7375,86.625,6.49583333333333,2008-10-07
"20081008","NOIRMOUTIER EN",47.004667,-2.257167,14.3833333333333,10.4791666666667,77.75,3.12916666666667,2008-10-08
"20081009","NOIRMOUTIER EN",47.004667,-2.257167,13.2291666666667,9.76666666666667,80.2083333333333,2.13333333333333,2008-10-09
"20081010","NOIRMOUTIER EN",47.004667,-2.257167,13.3,10.0541666666667,81.25,1.73333333333333,2008-10-10
"20081011","NOIRMOUTIER EN",47.004667,-2.257167,16.5708333333333,11.8333333333333,75.125,2.89583333333333,2008-10-11
"20081012","NOIRMOUTIER EN",47.004667,-2.257167,18.3166666666667,13.3583333333333,73.3333333333333,3.17916666666667,2008-10-12
"20081013","NOIRMOUTIER EN",47.004667,-2.257167,15.775,13.6625,87.2916666666667,3.0625,2008-10-13
"20081014","NOIRMOUTIER EN",47.004667,-2.257167,14.9625,12.5125,85.2916666666667,2.04166666666667,2008-10-14
"20081015","NOIRMOUTIER EN",47.004667,-2.257167,15.4541666666667,14.0875,91.5416666666667,4.525,2008-10-15
"20081016","NOIRMOUTIER EN",47.004667,-2.257167,14.0833333333333,11.1416666666667,82.75,2.54166666666667,2008-10-16
"20081017","NOIRMOUTIER EN",47.004667,-2.257167,12.8875,7.85833333333333,72,2.36666666666667,2008-10-17
"20081018","NOIRMOUTIER EN",47.004667,-2.257167,11.275,6.3875,73.625,1.40833333333333,2008-10-18
"20081019","NOIRMOUTIER EN",47.004667,-2.257167,11.5208333333333,6.80833333333333,74.4583333333333,1.65416666666667,2008-10-19
"20081020","NOIRMOUTIER EN",47.004667,-2.257167,14.4458333333333,12.2916666666667,87.0416666666667,4.77083333333333,2008-10-20
"20081021","NOIRMOUTIER EN",47.004667,-2.257167,11.7083333333333,9.04583333333333,84.1666666666667,2.35416666666667,2008-10-21
"20081022","NOIRMOUTIER EN",47.004667,-2.257167,11.1416666666667,5.99583333333333,71.4583333333333,2.4,2008-10-22
"20081023","NOIRMOUTIER EN",47.004667,-2.257167,11.1833333333333,7.40833333333333,78.25,2.79166666666667,2008-10-23
"20081024","NOIRMOUTIER EN",47.004667,-2.257167,12.9041666666667,9.21666666666667,78.7916666666667,1.95,2008-10-24
"20081025","NOIRMOUTIER EN",47.004667,-2.257167,12.0833333333333,10.3375,89.4583333333333,1.55,2008-10-25
"20081026","NOIRMOUTIER EN",47.004667,-2.257167,14.775,12.9291666666667,88.8333333333333,5.52916666666667,2008-10-26
"20081027","NOIRMOUTIER EN",47.004667,-2.257167,12.1125,8.15,77.375,4.29583333333333,2008-10-27
"20081028","NOIRMOUTIER EN",47.004667,-2.257167,9.6125,3.90833333333333,67.7916666666667,3.85833333333333,2008-10-28
"20081029","NOIRMOUTIER EN",47.004667,-2.257167,7.88333333333333,2.09166666666667,67.5833333333333,5.06666666666667,2008-10-29
"20081030","NOIRMOUTIER EN",47.004667,-2.257167,8.69583333333333,6.09583333333333,84.0416666666667,4.78333333333333,2008-10-30
"20081031","NOIRMOUTIER EN",47.004667,-2.257167,6.54166666666667,4.225,85.2916666666667,7.2375,2008-10-31
"20081101","NOIRMOUTIER EN",47.004667,-2.257167,8.32083333333333,5.35833333333333,81.9166666666667,6.80833333333333,2008-11-01
"20081102","NOIRMOUTIER EN",47.004667,-2.257167,9.5875,6.80416666666667,82.9166666666667,4.74583333333333,2008-11-02
"20081103","NOIRMOUTIER EN",47.004667,-2.257167,10.1708333333333,8.3625,88.625,5.16666666666667,2008-11-03
"20081104","NOIRMOUTIER EN",47.004667,-2.257167,11.6833333333333,8.4,80.9583333333333,3.7125,2008-11-04
"20081105","NOIRMOUTIER EN",47.004667,-2.257167,12.0791666666667,8.90416666666667,80.9583333333333,5.1375,2008-11-05
"20081106","NOIRMOUTIER EN",47.004667,-2.257167,12.2708333333333,8.9375,80.2083333333333,4.4375,2008-11-06
"20081107","NOIRMOUTIER EN",47.004667,-2.257167,12.3291666666667,8.2625,76.7083333333333,4.7,2008-11-07
"20081108","NOIRMOUTIER EN",47.004667,-2.257167,13.3166666666667,10.9833333333333,85.875,7.49583333333333,2008-11-08
"20081109","NOIRMOUTIER EN",47.004667,-2.257167,13.3958333333333,10.8958333333333,85,7.04166666666667,2008-11-09
"20081110","NOIRMOUTIER EN",47.004667,-2.257167,14.5541666666667,12.9875,90.375,10.0833333333333,2008-11-10
"20081111","NOIRMOUTIER EN",47.004667,-2.257167,12.2,8.23333333333333,76.7916666666667,6.99583333333333,2008-11-11
"20081112","NOIRMOUTIER EN",47.004667,-2.257167,10.6041666666667,7.69166666666667,82.3333333333333,2.8625,2008-11-12
"20081113","NOIRMOUTIER EN",47.004667,-2.257167,9.95833333333333,7.10416666666667,82.75,2.05833333333333,2008-11-13
"20081114","NOIRMOUTIER EN",47.004667,-2.257167,11.8625,11,94.6666666666667,2.17916666666667,2008-11-14
"20081115","NOIRMOUTIER EN",47.004667,-2.257167,11.6458333333333,10.0041666666667,89.8333333333333,1.75,2008-11-15
"20081116","NOIRMOUTIER EN",47.004667,-2.257167,12.15,9.4375,83.4583333333333,2.28333333333333,2008-11-16
"20081117","NOIRMOUTIER EN",47.004667,-2.257167,11.7333333333333,10.2541666666667,90.75,3.3875,2008-11-17
"20081118","NOIRMOUTIER EN",47.004667,-2.257167,11.7666666666667,9.43333333333333,85.75,5.7875,2008-11-18
"20081119","NOIRMOUTIER EN",47.004667,-2.257167,10.8291666666667,8.72083333333333,86.8333333333333,3,2008-11-19
"20081120","NOIRMOUTIER EN",47.004667,-2.257167,11.2333333333333,9.96666666666667,91.8333333333333,3.95416666666667,2008-11-20
"20081121","NOIRMOUTIER EN",47.004667,-2.257167,12.6291666666667,10.3375,86.0833333333333,6.33333333333333,2008-11-21
"20081122","NOIRMOUTIER EN",47.004667,-2.257167,10.7791666666667,7.1875,78.7083333333333,6.35833333333333,2008-11-22
"20081123","NOIRMOUTIER EN",47.004667,-2.257167,10.5416666666667,7.34166666666667,81.0833333333333,7.49583333333333,2008-11-23
"20081124","NOIRMOUTIER EN",47.004667,-2.257167,7.75416666666667,3.50833333333333,74.75,6.6375,2008-11-24
"20081125","NOIRMOUTIER EN",47.004667,-2.257167,6.8,2.025,71.7916666666667,6.44166666666667,2008-11-25
"20081126","NOIRMOUTIER EN",47.004667,-2.257167,5.8,2.94166666666667,82.3333333333333,2.74583333333333,2008-11-26
"20081127","NOIRMOUTIER EN",47.004667,-2.257167,8.125,4.65833333333333,79.5,2.975,2008-11-27
"20081128","NOIRMOUTIER EN",47.004667,-2.257167,9.425,6.59583333333333,83.1666666666667,4.3375,2008-11-28
"20081129","NOIRMOUTIER EN",47.004667,-2.257167,6.02916666666667,4.51666666666667,90.25,4.6625,2008-11-29
"20081130","NOIRMOUTIER EN",47.004667,-2.257167,5.99166666666667,3.41666666666667,83.625,5.775,2008-11-30
"20081201","NOIRMOUTIER EN",47.004667,-2.257167,7.2375,2.93333333333333,74.375,5.32083333333333,2008-12-01
"20081202","NOIRMOUTIER EN",47.004667,-2.257167,8.12083333333333,3.67916666666667,74,5.81666666666667,2008-12-02
"20081203","NOIRMOUTIER EN",47.004667,-2.257167,8.9,6.19166666666667,83.4583333333333,5.3,2008-12-03
"20081204","NOIRMOUTIER EN",47.004667,-2.257167,10.125,7.84583333333333,86,8.94166666666667,2008-12-04
"20081205","NOIRMOUTIER EN",47.004667,-2.257167,10.1916666666667,6.35833333333333,77.375,11.2791666666667,2008-12-05
"20081206","NOIRMOUTIER EN",47.004667,-2.257167,9.5375,6.125,79.5416666666667,4.11666666666667,2008-12-06
"20081207","NOIRMOUTIER EN",47.004667,-2.257167,5.88333333333333,3.14583333333333,82.7916666666667,4.975,2008-12-07
"20081208","NOIRMOUTIER EN",47.004667,-2.257167,3.17916666666667,1.35,87.7083333333333,3.1375,2008-12-08
"20081209","NOIRMOUTIER EN",47.004667,-2.257167,5.16666666666667,2.7375,84.6666666666667,3.65,2008-12-09
"20081210","NOIRMOUTIER EN",47.004667,-2.257167,4.775,1.69583333333333,80.5833333333333,2.88333333333333,2008-12-10
"20081211","NOIRMOUTIER EN",47.004667,-2.257167,4.89166666666667,2.83333333333333,87.125,1.02916666666667,2008-12-11
"20081212","NOIRMOUTIER EN",47.004667,-2.257167,5.61666666666667,5.02916666666667,96,3.82916666666667,2008-12-12
"20081213","NOIRMOUTIER EN",47.004667,-2.257167,8.32083333333333,6.71666666666667,89.8333333333333,6.325,2008-12-13
"20081214","NOIRMOUTIER EN",47.004667,-2.257167,5.09583333333333,2.89166666666667,86,2.60416666666667,2008-12-14
"20081215","NOIRMOUTIER EN",47.004667,-2.257167,6.54583333333333,4.3625,86.1666666666667,5.18333333333333,2008-12-15
"20081216","NOIRMOUTIER EN",47.004667,-2.257167,5.1375,3.59166666666667,89.875,2.45,2008-12-16
"20081217","NOIRMOUTIER EN",47.004667,-2.257167,7.6625,6.2875,91.3333333333333,2.55833333333333,2008-12-17
"20081218","NOIRMOUTIER EN",47.004667,-2.257167,8.2875,7.64583333333333,95.9166666666667,2.24583333333333,2008-12-18
"20081219","NOIRMOUTIER EN",47.004667,-2.257167,9.83333333333333,9.25416666666667,96.2083333333333,2.8625,2008-12-19
"20081220","NOIRMOUTIER EN",47.004667,-2.257167,10.0708333333333,9.05416666666667,93.5,3.25,2008-12-20
"20081221","NOIRMOUTIER EN",47.004667,-2.257167,8.50833333333333,6.85,89.8333333333333,0.7625,2008-12-21
"20081222","NOIRMOUTIER EN",47.004667,-2.257167,7.725,4.92916666666667,82.8333333333333,3.28333333333333,2008-12-22
"20081223","NOIRMOUTIER EN",47.004667,-2.257167,8.55416666666667,6.275,86.0416666666667,5.24583333333333,2008-12-23
"20081224","NOIRMOUTIER EN",47.004667,-2.257167,6.5,4.2875,86.0833333333333,5.04166666666667,2008-12-24
"20081225","NOIRMOUTIER EN",47.004667,-2.257167,6.01666666666667,2.30416666666667,77.5,5.77916666666667,2008-12-25
"20081226","NOIRMOUTIER EN",47.004667,-2.257167,3.65833333333333,-1.75,68.125,7.59583333333333,2008-12-26
"20081227","NOIRMOUTIER EN",47.004667,-2.257167,1.29583333333333,-3.3625,71.2083333333333,7.25,2008-12-27
"20081228","NOIRMOUTIER EN",47.004667,-2.257167,0.3,-3.38333333333333,76.4583333333333,6.57083333333333,2008-12-28
"20081229","NOIRMOUTIER EN",47.004667,-2.257167,2.72916666666667,-0.595833333333333,78.7916666666667,4.5125,2008-12-29
"20081230","NOIRMOUTIER EN",47.004667,-2.257167,1.4875,-0.125,89.0416666666667,2.8,2008-12-30
"20081231","NOIRMOUTIER EN",47.004667,-2.257167,1.50833333333333,-0.0833333333333333,89.25,5.36666666666667,2008-12-31
"20090101","NOIRMOUTIER EN",47.004667,-2.257167,2.0625,0.141666666666667,87.2083333333333,5.79583333333333,2009-01-01
"20090102","NOIRMOUTIER EN",47.004667,-2.257167,0.291666666666667,-1.19166666666667,89.9166666666667,5.84166666666667,2009-01-02
"20090103","NOIRMOUTIER EN",47.004667,-2.257167,1.02916666666667,-3.15416666666667,73.875,6.5,2009-01-03
"20090104","NOIRMOUTIER EN",47.004667,-2.257167,-0.916666666666667,-3.675,82.0833333333333,3.11666666666667,2009-01-04
"20090105","NOIRMOUTIER EN",47.004667,-2.257167,0.725,-0.9125,88.9583333333333,2.73333333333333,2009-01-05
"20090106","NOIRMOUTIER EN",47.004667,-2.257167,0.229166666666667,-4.50416666666667,71.25,5.99166666666667,2009-01-06
"20090107","NOIRMOUTIER EN",47.004667,-2.257167,-1.3125,-6.92083333333333,66.5833333333333,3.93333333333333,2009-01-07
"20090108","NOIRMOUTIER EN",47.004667,-2.257167,2.3,-2.29166666666667,72.7916666666667,5.14583333333333,2009-01-08
"20090109","NOIRMOUTIER EN",47.004667,-2.257167,-0.383333333333333,-4.00833333333333,77.0416666666667,3.34583333333333,2009-01-09
"20090110","NOIRMOUTIER EN",47.004667,-2.257167,0.683333333333333,-3.21666666666667,75.625,3.13333333333333,2009-01-10
"20090111","NOIRMOUTIER EN",47.004667,-2.257167,3.32916666666667,1.675,88.9583333333333,3.42916666666667,2009-01-11
"20090112","NOIRMOUTIER EN",47.004667,-2.257167,7.52083333333333,6.14166666666667,91.3333333333333,6.00833333333333,2009-01-12
"20090113","NOIRMOUTIER EN",47.004667,-2.257167,7.90416666666667,7.22916666666667,95.5833333333333,5.1125,2009-01-13
"20090114","NOIRMOUTIER EN",47.004667,-2.257167,7.31666666666667,6.2625,93.2083333333333,2.6,2009-01-14
"20090115","NOIRMOUTIER EN",47.004667,-2.257167,5.8375,4.13333333333333,89.0833333333333,4.03333333333333,2009-01-15
"20090116","NOIRMOUTIER EN",47.004667,-2.257167,8.44166666666667,7.61666666666667,94.75,3.87083333333333,2009-01-16
"20090117","NOIRMOUTIER EN",47.004667,-2.257167,9.3375,8.51666666666667,94.7083333333333,6.875,2009-01-17
"20090118","NOIRMOUTIER EN",47.004667,-2.257167,9.06666666666667,7.03333333333333,87.1666666666667,8.50416666666667,2009-01-18
"20090119","NOIRMOUTIER EN",47.004667,-2.257167,8.34166666666667,5.93333333333333,85.2916666666667,10.3208333333333,2009-01-19
"20090120","NOIRMOUTIER EN",47.004667,-2.257167,5.24583333333333,3.22083333333333,86.9583333333333,3.08333333333333,2009-01-20
"20090121","NOIRMOUTIER EN",47.004667,-2.257167,6.125,4.4,88.9583333333333,4.2375,2009-01-21
"20090122","NOIRMOUTIER EN",47.004667,-2.257167,9.5875,9.2875,97.9166666666667,7.94166666666667,2009-01-22
"20090123","NOIRMOUTIER EN",47.004667,-2.257167,9.57916666666667,7.55833333333333,87.5416666666667,9.49583333333333,2009-01-23
"20090124","NOIRMOUTIER EN",47.004667,-2.257167,6.84583333333333,5.1875,89.4166666666667,7.275,2009-01-24
"20090125","NOIRMOUTIER EN",47.004667,-2.257167,7.9625,6.02083333333333,87.5416666666667,6.52083333333333,2009-01-25
"20090126","NOIRMOUTIER EN",47.004667,-2.257167,7.17083333333333,5.25833333333333,87.7916666666667,4.8875,2009-01-26
"20090127","NOIRMOUTIER EN",47.004667,-2.257167,6.90416666666667,5.86666666666667,93.2083333333333,3.46666666666667,2009-01-27
"20090128","NOIRMOUTIER EN",47.004667,-2.257167,6.74583333333333,6.575,98.875,4.26666666666667,2009-01-28
"20090129","NOIRMOUTIER EN",47.004667,-2.257167,7.79166666666667,6.74166666666667,93.375,3.32083333333333,2009-01-29
"20090130","NOIRMOUTIER EN",47.004667,-2.257167,7.76666666666667,4.78333333333333,81.7916666666667,4.35416666666667,2009-01-30
"20090131","NOIRMOUTIER EN",47.004667,-2.257167,7.57083333333333,5.09583333333333,84.3333333333333,3.65416666666667,2009-01-31
"20090201","NOIRMOUTIER EN",47.004667,-2.257167,3.66666666666667,0.141666666666667,77.875,6.89166666666667,2009-02-01
"20090202","NOIRMOUTIER EN",47.004667,-2.257167,0.991666666666667,-3.65833333333333,71.7916666666667,5.21666666666667,2009-02-02
"20090203","NOIRMOUTIER EN",47.004667,-2.257167,2.90416666666667,-0.0208333333333333,81.625,3.50833333333333,2009-02-03
"20090204","NOIRMOUTIER EN",47.004667,-2.257167,6.4375,4.2625,86.1666666666667,5.16666666666667,2009-02-04
"20090205","NOIRMOUTIER EN",47.004667,-2.257167,8.55,6.4375,86.8333333333333,6.025,2009-02-05
"20090206","NOIRMOUTIER EN",47.004667,-2.257167,6.97083333333333,4.13333333333333,82.25,6.97916666666667,2009-02-06
"20090207","NOIRMOUTIER EN",47.004667,-2.257167,4.98333333333333,0.295833333333333,71.75,7.1125,2009-02-07
"20090208","NOIRMOUTIER EN",47.004667,-2.257167,5.52083333333333,3.44166666666667,86.8333333333333,4.2625,2009-02-08
"20090209","NOIRMOUTIER EN",47.004667,-2.257167,9.4875,7.9625,90.625,10.0458333333333,2009-02-09
"20090210","NOIRMOUTIER EN",47.004667,-2.257167,7.92916666666667,4.2375,77.875,10.1208333333333,2009-02-10
"20090211","NOIRMOUTIER EN",47.004667,-2.257167,6.60833333333333,4.77083333333333,88.2083333333333,3.15,2009-02-11
"20090212","NOIRMOUTIER EN",47.004667,-2.257167,5.07916666666667,2.00833333333333,81.9166666666667,2.55,2009-02-12
"20090213","NOIRMOUTIER EN",47.004667,-2.257167,6.875,5.09583333333333,88.4583333333333,4.30416666666667,2009-02-13
"20090214","NOIRMOUTIER EN",47.004667,-2.257167,4.59583333333333,-0.2,71.8333333333333,3.4625,2009-02-14
"20090215","NOIRMOUTIER EN",47.004667,-2.257167,3.36666666666667,-1.725,69.9583333333333,3.075,2009-02-15
"20090216","NOIRMOUTIER EN",47.004667,-2.257167,4.62083333333333,1.85,82.75,1.83333333333333,2009-02-16
"20090217","NOIRMOUTIER EN",47.004667,-2.257167,6.15833333333333,4.675,90.5416666666667,2.3375,2009-02-17
"20090218","NOIRMOUTIER EN",47.004667,-2.257167,7.59166666666667,6.2,91.0833333333333,2.3875,2009-02-18
"20090219","NOIRMOUTIER EN",47.004667,-2.257167,7.09166666666667,4.3125,83.3333333333333,2.24166666666667,2009-02-19
"20090220","NOIRMOUTIER EN",47.004667,-2.257167,7.225,3.07083333333333,75.7916666666667,2.2,2009-02-20
"20090221","NOIRMOUTIER EN",47.004667,-2.257167,6,4.9,92.8333333333333,2.3,2009-02-21
"20090222","NOIRMOUTIER EN",47.004667,-2.257167,7.575,6.25416666666667,91.4583333333333,3.5875,2009-02-22
"20090223","NOIRMOUTIER EN",47.004667,-2.257167,8.97083333333333,5.78333333333333,80.8333333333333,2.85,2009-02-23
"20090224","NOIRMOUTIER EN",47.004667,-2.257167,9.32083333333333,5.99166666666667,80.2083333333333,2.7625,2009-02-24
"20090225","NOIRMOUTIER EN",47.004667,-2.257167,7.47916666666667,3.56666666666667,76.875,2.5875,2009-02-25
"20090226","NOIRMOUTIER EN",47.004667,-2.257167,7.25416666666667,4.29166666666667,82.1666666666667,2.2375,2009-02-26
"20090227","NOIRMOUTIER EN",47.004667,-2.257167,8.03333333333333,4.61666666666667,79.5833333333333,1.50833333333333,2009-02-27
"20090228","NOIRMOUTIER EN",47.004667,-2.257167,8.02916666666667,5.14583333333333,83.0416666666667,2.55,2009-02-28
"20090301","NOIRMOUTIER EN",47.004667,-2.257167,8.12083333333333,6.65,90.5,3.84166666666667,2009-03-01
"20090302","NOIRMOUTIER EN",47.004667,-2.257167,7.74583333333333,5.66666666666667,86.9583333333333,3.42916666666667,2009-03-02
"20090303","NOIRMOUTIER EN",47.004667,-2.257167,7.96666666666667,6.15,88.7916666666667,6.45,2009-03-03
"20090304","NOIRMOUTIER EN",47.004667,-2.257167,6.775,3.7875,81.7916666666667,6.44166666666667,2009-03-04
"20090305","NOIRMOUTIER EN",47.004667,-2.257167,5.95833333333333,2.6625,79.5416666666667,6.975,2009-03-05
"20090306","NOIRMOUTIER EN",47.004667,-2.257167,7.25416666666667,3.5875,77.9166666666667,3.75833333333333,2009-03-06
"20090307","NOIRMOUTIER EN",47.004667,-2.257167,9.69583333333333,8.73333333333333,93.875,4.81666666666667,2009-03-07
"20090308","NOIRMOUTIER EN",47.004667,-2.257167,9.95,7.73333333333333,86.4166666666667,7.25,2009-03-08
"20090309","NOIRMOUTIER EN",47.004667,-2.257167,9.13333333333333,5.84583333333333,80.1666666666667,6.07083333333333,2009-03-09
"20090310","NOIRMOUTIER EN",47.004667,-2.257167,9.8,8.375,91.0833333333333,7.98333333333333,2009-03-10
"20090311","NOIRMOUTIER EN",47.004667,-2.257167,9.075,7.99583333333333,93.25,1.7875,2009-03-11
"20090312","NOIRMOUTIER EN",47.004667,-2.257167,9.25416666666667,8.43333333333333,95.125,1.4,2009-03-12
"20090313","NOIRMOUTIER EN",47.004667,-2.257167,10.4416666666667,7.95,85.875,2.74166666666667,2009-03-13
"20090314","NOIRMOUTIER EN",47.004667,-2.257167,10.5583333333333,8.825,89.3333333333333,4.54583333333333,2009-03-14
"20090315","NOIRMOUTIER EN",47.004667,-2.257167,9.675,5.9,78.25,2.42916666666667,2009-03-15
"20090316","NOIRMOUTIER EN",47.004667,-2.257167,11.5,6.35416666666667,72.2083333333333,3.70833333333333,2009-03-16
"20090317","NOIRMOUTIER EN",47.004667,-2.257167,12.3583333333333,6.33333333333333,68.2083333333333,4.81666666666667,2009-03-17
"20090318","NOIRMOUTIER EN",47.004667,-2.257167,13.0416666666667,6.79583333333333,66.75,4.50833333333333,2009-03-18
"20090319","NOIRMOUTIER EN",47.004667,-2.257167,12.6625,2.4875,52,4.86666666666667,2009-03-19
"20090320","NOIRMOUTIER EN",47.004667,-2.257167,10.6708333333333,0.8125,52.2083333333333,4.97916666666667,2009-03-20
"20090321","NOIRMOUTIER EN",47.004667,-2.257167,9.0125,-0.95,50.4583333333333,4.34166666666667,2009-03-21
"20090322","NOIRMOUTIER EN",47.004667,-2.257167,8.40416666666667,5.06666666666667,79.6666666666667,3.41666666666667,2009-03-22
"20090323","NOIRMOUTIER EN",47.004667,-2.257167,8.3125,6.6625,89.625,4.325,2009-03-23
"20090324","NOIRMOUTIER EN",47.004667,-2.257167,9.51666666666667,4.35,71,5.77916666666667,2009-03-24
"20090325","NOIRMOUTIER EN",47.004667,-2.257167,9.85416666666667,6.82083333333333,81.625,7.1125,2009-03-25
"20090326","NOIRMOUTIER EN",47.004667,-2.257167,10.0916666666667,7.59166666666667,84.875,6.35416666666667,2009-03-26
"20090327","NOIRMOUTIER EN",47.004667,-2.257167,9.80416666666667,7.00833333333333,83,6.7125,2009-03-27
"20090328","NOIRMOUTIER EN",47.004667,-2.257167,8.99166666666667,4.55833333333333,74,5.75833333333333,2009-03-28
"20090329","NOIRMOUTIER EN",47.004667,-2.257167,8.39166666666667,4.4875,76.9583333333333,3.35416666666667,2009-03-29
"20090330","NOIRMOUTIER EN",47.004667,-2.257167,9.275,3.17083333333333,66.75,2.70416666666667,2009-03-30
"20090331","NOIRMOUTIER EN",47.004667,-2.257167,10.1208333333333,3.07083333333333,63.125,3.62083333333333,2009-03-31
"20090401","NOIRMOUTIER EN",47.004667,-2.257167,10.825,4.5,66.0416666666667,4.29166666666667,2009-04-01
"20090402","NOIRMOUTIER EN",47.004667,-2.257167,10.7708333333333,7.69583333333333,81.7916666666667,4.09166666666667,2009-04-02
"20090403","NOIRMOUTIER EN",47.004667,-2.257167,9.01666666666667,7.63333333333333,91.375,2.125,2009-04-03
"20090404","NOIRMOUTIER EN",47.004667,-2.257167,10.2666666666667,9.02083333333333,92.2083333333333,2.65416666666667,2009-04-04
"20090405","NOIRMOUTIER EN",47.004667,-2.257167,10.2416666666667,7.40416666666667,83.3333333333333,2.12916666666667,2009-04-05
"20090406","NOIRMOUTIER EN",47.004667,-2.257167,10.275,8.87916666666667,91.4166666666667,3.94583333333333,2009-04-06
"20090407","NOIRMOUTIER EN",47.004667,-2.257167,11.0125,7.2875,78.2083333333333,5.56666666666667,2009-04-07
"20090408","NOIRMOUTIER EN",47.004667,-2.257167,11.8041666666667,11.2375,96.4166666666667,7.57083333333333,2009-04-08
"20090409","NOIRMOUTIER EN",47.004667,-2.257167,12.5291666666667,10.2791666666667,87.375,5.1375,2009-04-09
"20090410","NOIRMOUTIER EN",47.004667,-2.257167,10.7333333333333,9.43333333333333,91.8333333333333,3.5,2009-04-10
"20090411","NOIRMOUTIER EN",47.004667,-2.257167,10.0083333333333,6.21666666666667,77.625,5.01666666666667,2009-04-11
"20090412","NOIRMOUTIER EN",47.004667,-2.257167,10.0541666666667,6.3625,78,4.59583333333333,2009-04-12
"20090413","NOIRMOUTIER EN",47.004667,-2.257167,10.8458333333333,7.64166666666667,81.1666666666667,3.92083333333333,2009-04-13
"20090414","NOIRMOUTIER EN",47.004667,-2.257167,11.3333333333333,9.80416666666667,90.4583333333333,2.325,2009-04-14
"20090415","NOIRMOUTIER EN",47.004667,-2.257167,10.475,9.62083333333333,94.5,2.575,2009-04-15
"20090416","NOIRMOUTIER EN",47.004667,-2.257167,10.9166666666667,8.55416666666667,85.6666666666667,3.81666666666667,2009-04-16
"20090417","NOIRMOUTIER EN",47.004667,-2.257167,11.0083333333333,9.15416666666667,88.9583333333333,2.9875,2009-04-17
"20090418","NOIRMOUTIER EN",47.004667,-2.257167,11.4833333333333,9.32916666666667,87.25,2.50833333333333,2009-04-18
"20090419","NOIRMOUTIER EN",47.004667,-2.257167,10.7708333333333,8.87916666666667,88.125,3.50416666666667,2009-04-19
"20090420","NOIRMOUTIER EN",47.004667,-2.257167,11.4,9.96666666666667,91.0833333333333,3.50416666666667,2009-04-20
"20090421","NOIRMOUTIER EN",47.004667,-2.257167,12.75,9.5375,81.4583333333333,4.0375,2009-04-21
"20090422","NOIRMOUTIER EN",47.004667,-2.257167,11.5625,9.025,84.9583333333333,2.85,2009-04-22
"20090423","NOIRMOUTIER EN",47.004667,-2.257167,13.7041666666667,9.69166666666667,79.1666666666667,1.52916666666667,2009-04-23
"20090424","NOIRMOUTIER EN",47.004667,-2.257167,14.6666666666667,8.54166666666667,68.7916666666667,4.65833333333333,2009-04-24
"20090425","NOIRMOUTIER EN",47.004667,-2.257167,11.4666666666667,6.54166666666667,72.1666666666667,4.67916666666667,2009-04-25
"20090426","NOIRMOUTIER EN",47.004667,-2.257167,11.7166666666667,7.56666666666667,75.9166666666667,6.27083333333333,2009-04-26
"20090427","NOIRMOUTIER EN",47.004667,-2.257167,10.975,8.55833333333333,85.2083333333333,7.07083333333333,2009-04-27
"20090428","NOIRMOUTIER EN",47.004667,-2.257167,10.4958333333333,7.36666666666667,81.0833333333333,7.64166666666667,2009-04-28
"20090429","NOIRMOUTIER EN",47.004667,-2.257167,11.6041666666667,9.24166666666667,85.625,3.9375,2009-04-29
"20090430","NOIRMOUTIER EN",47.004667,-2.257167,12.25,11.25,93.7083333333333,5.22083333333333,2009-04-30
"20090501","NOIRMOUTIER EN",47.004667,-2.257167,11.8291666666667,9.1,83.625,4.87083333333333,2009-05-01
"20090502","NOIRMOUTIER EN",47.004667,-2.257167,12.9333333333333,11.1666666666667,89.375,3,2009-05-02
"20090503","NOIRMOUTIER EN",47.004667,-2.257167,13.475,11.325,87.4583333333333,3.5,2009-05-03
"20090504","NOIRMOUTIER EN",47.004667,-2.257167,12.0041666666667,7.87083333333333,76.2916666666667,4.7375,2009-05-04
"20090505","NOIRMOUTIER EN",47.004667,-2.257167,11.9333333333333,9.57083333333333,85.5833333333333,3.04166666666667,2009-05-05
"20090506","NOIRMOUTIER EN",47.004667,-2.257167,13.4291666666667,10.3958333333333,82.5416666666667,2.7125,2009-05-06
"20090507","NOIRMOUTIER EN",47.004667,-2.257167,12.3458333333333,10.2458333333333,87.5416666666667,4.625,2009-05-07
"20090508","NOIRMOUTIER EN",47.004667,-2.257167,13.35,10.5958333333333,83.75,3.8125,2009-05-08
"20090509","NOIRMOUTIER EN",47.004667,-2.257167,12.4375,8.92083333333333,79.7083333333333,2.3125,2009-05-09
"20090510","NOIRMOUTIER EN",47.004667,-2.257167,14.8375,13.1625,89.7916666666667,3.39583333333333,2009-05-10
"20090511","NOIRMOUTIER EN",47.004667,-2.257167,15.7208333333333,14.1541666666667,90.7916666666667,5.30416666666667,2009-05-11
"20090512","NOIRMOUTIER EN",47.004667,-2.257167,15.8291666666667,14.6333333333333,92.8333333333333,3.07083333333333,2009-05-12
"20090513","NOIRMOUTIER EN",47.004667,-2.257167,14.7083333333333,13.4916666666667,92.5833333333333,2.50833333333333,2009-05-13
"20090514","NOIRMOUTIER EN",47.004667,-2.257167,14.575,12.5666666666667,88,4.4375,2009-05-14
"20090515","NOIRMOUTIER EN",47.004667,-2.257167,12.3583333333333,8.12083333333333,76.2083333333333,8.71666666666667,2009-05-15
"20090516","NOIRMOUTIER EN",47.004667,-2.257167,13.4416666666667,9.725,78.9583333333333,6.53333333333333,2009-05-16
"20090517","NOIRMOUTIER EN",47.004667,-2.257167,13.575,9.89583333333333,78.9166666666667,8.39583333333333,2009-05-17
"20090518","NOIRMOUTIER EN",47.004667,-2.257167,13.825,10.4916666666667,80.5,6.2875,2009-05-18
"20090519","NOIRMOUTIER EN",47.004667,-2.257167,14.1083333333333,10.9083333333333,81.4583333333333,3.77083333333333,2009-05-19
"20090520","NOIRMOUTIER EN",47.004667,-2.257167,14.6291666666667,10.7958333333333,79.0416666666667,2.79583333333333,2009-05-20
"20090521","NOIRMOUTIER EN",47.004667,-2.257167,14.7583333333333,11.325,80.1666666666667,4.07916666666667,2009-05-21
"20090522","NOIRMOUTIER EN",47.004667,-2.257167,15.6291666666667,8.61666666666667,65,4.125,2009-05-22
"20090523","NOIRMOUTIER EN",47.004667,-2.257167,16.825,13.4083333333333,80.7916666666667,3.9375,2009-05-23
"20090524","NOIRMOUTIER EN",47.004667,-2.257167,16.9416666666667,15.5208333333333,91.6666666666667,3.225,2009-05-24
"20090525","NOIRMOUTIER EN",47.004667,-2.257167,15.5958333333333,15.2583333333333,97.9166666666667,3.59166666666667,2009-05-25
"20090526","NOIRMOUTIER EN",47.004667,-2.257167,14.3083333333333,11.2541666666667,82.5416666666667,7.125,2009-05-26
"20090527","NOIRMOUTIER EN",47.004667,-2.257167,13.725,9.94583333333333,78.4166666666667,4.22916666666667,2009-05-27
"20090528","NOIRMOUTIER EN",47.004667,-2.257167,16.6041666666667,13.3208333333333,81.5,3.35833333333333,2009-05-28
"20090529","NOIRMOUTIER EN",47.004667,-2.257167,19.6166666666667,13.6666666666667,69.875,5.9,2009-05-29
"20090530","NOIRMOUTIER EN",47.004667,-2.257167,19.2,9.46666666666667,53.8333333333333,5.3625,2009-05-30
"20090531","NOIRMOUTIER EN",47.004667,-2.257167,19.575,11.325,60.3333333333333,4.62916666666667,2009-05-31
"20090601","NOIRMOUTIER EN",47.004667,-2.257167,20.1875,13.8541666666667,68.7916666666667,3.65833333333333,2009-06-01
"20090602","NOIRMOUTIER EN",47.004667,-2.257167,20.7416666666667,13.6625,66.4583333333333,4.16666666666667,2009-06-02
"20090603","NOIRMOUTIER EN",47.004667,-2.257167,20.25,12.9958333333333,64.7083333333333,3.64166666666667,2009-06-03
"20090604","NOIRMOUTIER EN",47.004667,-2.257167,19.6208333333333,13.1416666666667,67.2083333333333,3.76666666666667,2009-06-04
"20090605","NOIRMOUTIER EN",47.004667,-2.257167,16.8583333333333,9.7875,63.7083333333333,3.3625,2009-06-05
"20090606","NOIRMOUTIER EN",47.004667,-2.257167,14.9375,12.1166666666667,83.5833333333333,3.34166666666667,2009-06-06
"20090607","NOIRMOUTIER EN",47.004667,-2.257167,14.2583333333333,8.7625,69.9166666666667,7.48333333333333,2009-06-07
"20090608","NOIRMOUTIER EN",47.004667,-2.257167,14.6166666666667,12.3875,86.75,4.84583333333333,2009-06-08
"20090609","NOIRMOUTIER EN",47.004667,-2.257167,16.1208333333333,12.8208333333333,81,8.37916666666667,2009-06-09
"20090610","NOIRMOUTIER EN",47.004667,-2.257167,15.5583333333333,14.0333333333333,90.7916666666667,7.55416666666667,2009-06-10
"20090611","NOIRMOUTIER EN",47.004667,-2.257167,15.8041666666667,12.8083333333333,82.6666666666667,3.6,2009-06-11
"20090612","NOIRMOUTIER EN",47.004667,-2.257167,16.9416666666667,14.4083333333333,85.7083333333333,2.5375,2009-06-12
"20090613","NOIRMOUTIER EN",47.004667,-2.257167,19.2166666666667,15.6,81,3.07916666666667,2009-06-13
"20090614","NOIRMOUTIER EN",47.004667,-2.257167,18.65,16.325,86.75,3.2625,2009-06-14
"20090615","NOIRMOUTIER EN",47.004667,-2.257167,17.1458333333333,13.9125,81.9166666666667,4.89583333333333,2009-06-15
"20090616","NOIRMOUTIER EN",47.004667,-2.257167,17.3083333333333,12.8166666666667,75.4583333333333,3.02916666666667,2009-06-16
"20090617","NOIRMOUTIER EN",47.004667,-2.257167,18.8125,14.3458333333333,76.25,3.2625,2009-06-17
"20090618","NOIRMOUTIER EN",47.004667,-2.257167,17.9916666666667,15.6416666666667,86.2083333333333,4.175,2009-06-18
"20090619","NOIRMOUTIER EN",47.004667,-2.257167,16.5916666666667,10.8541666666667,69.2916666666667,4.98333333333333,2009-06-19
"20090620","NOIRMOUTIER EN",47.004667,-2.257167,16.075,11.2625,73.5,4.975,2009-06-20
"20090621","NOIRMOUTIER EN",47.004667,-2.257167,16.4875,12.3125,77.0416666666667,4.15416666666667,2009-06-21
"20090622","NOIRMOUTIER EN",47.004667,-2.257167,18.9375,11.7958333333333,64.7916666666667,4.19583333333333,2009-06-22
"20090623","NOIRMOUTIER EN",47.004667,-2.257167,19.4708333333333,9.9375,55.5,4.57916666666667,2009-06-23
"20090624","NOIRMOUTIER EN",47.004667,-2.257167,21.1958333333333,12.4791666666667,59,3.9875,2009-06-24
"20090625","NOIRMOUTIER EN",47.004667,-2.257167,19.7625,16.0625,79.7916666666667,3.97916666666667,2009-06-25
"20090626","NOIRMOUTIER EN",47.004667,-2.257167,18.675,16.0416666666667,85.4166666666667,3.2125,2009-06-26
"20090627","NOIRMOUTIER EN",47.004667,-2.257167,19.0041666666667,14.9833333333333,78.5416666666667,1.72916666666667,2009-06-27
"20090628","NOIRMOUTIER EN",47.004667,-2.257167,22.6041666666667,16.2708333333333,69.875,3.22916666666667,2009-06-28
"20090629","NOIRMOUTIER EN",47.004667,-2.257167,21.6833333333333,16.225,73.75,3.35,2009-06-29
"20090630","NOIRMOUTIER EN",47.004667,-2.257167,21.8708333333333,18.025,79.5833333333333,2.87083333333333,2009-06-30
"20090701","NOIRMOUTIER EN",47.004667,-2.257167,24.2916666666667,19.0541666666667,74.4166666666667,2.425,2009-07-01
"20090702","NOIRMOUTIER EN",47.004667,-2.257167,20.3333333333333,18.5041666666667,89.375,3.50416666666667,2009-07-02
"20090703","NOIRMOUTIER EN",47.004667,-2.257167,19.7708333333333,15.7625,78.375,2.525,2009-07-03
"20090704","NOIRMOUTIER EN",47.004667,-2.257167,20.1583333333333,16.1333333333333,78.0416666666667,3.41666666666667,2009-07-04
"20090705","NOIRMOUTIER EN",47.004667,-2.257167,19.5125,15.2666666666667,76.875,4.32083333333333,2009-07-05
"20090706","NOIRMOUTIER EN",47.004667,-2.257167,18.8125,13.8375,73.0416666666667,6.50833333333333,2009-07-06
"20090707","NOIRMOUTIER EN",47.004667,-2.257167,17.9958333333333,13.7083333333333,76.3333333333333,7.71666666666667,2009-07-07
"20090708","NOIRMOUTIER EN",47.004667,-2.257167,17.8125,13.8833333333333,78.25,5.72083333333333,2009-07-08
"20090709","NOIRMOUTIER EN",47.004667,-2.257167,17.4958333333333,13.375,77.0416666666667,5.12916666666667,2009-07-09
"20090710","NOIRMOUTIER EN",47.004667,-2.257167,17.5041666666667,13.8625,79.625,2.75833333333333,2009-07-10
"20090711","NOIRMOUTIER EN",47.004667,-2.257167,18.275,14.725,80.75,2.65416666666667,2009-07-11
"20090712","NOIRMOUTIER EN",47.004667,-2.257167,18.8208333333333,16.0375,84.5833333333333,4.2375,2009-07-12
"20090713","NOIRMOUTIER EN",47.004667,-2.257167,18.7833333333333,15.9375,84.2083333333333,3.50416666666667,2009-07-13
"20090714","NOIRMOUTIER EN",47.004667,-2.257167,19.5375,15.2041666666667,76.5833333333333,6.1125,2009-07-14
"20090715","NOIRMOUTIER EN",47.004667,-2.257167,19.3583333333333,14.5583333333333,74.4166666666667,4.84166666666667,2009-07-15
"20090716","NOIRMOUTIER EN",47.004667,-2.257167,19.9583333333333,15.2416666666667,76.7916666666667,4.39583333333333,2009-07-16
"20090717","NOIRMOUTIER EN",47.004667,-2.257167,16.8166666666667,12.6541666666667,76.7916666666667,9.67916666666667,2009-07-17
"20090718","NOIRMOUTIER EN",47.004667,-2.257167,16.95,13.6166666666667,81.0833333333333,7.67916666666667,2009-07-18
"20090719","NOIRMOUTIER EN",47.004667,-2.257167,18.0875,13.9375,77.0833333333333,5.25,2009-07-19
"20090720","NOIRMOUTIER EN",47.004667,-2.257167,18.55,15.0875,81.4166666666667,2.81666666666667,2009-07-20
"20090721","NOIRMOUTIER EN",47.004667,-2.257167,19.4916666666667,17.0125,85.9166666666667,3.68333333333333,2009-07-21
"20090722","NOIRMOUTIER EN",47.004667,-2.257167,17.4083333333333,15.7583333333333,90.125,2.27916666666667,2009-07-22
"20090723","NOIRMOUTIER EN",47.004667,-2.257167,17.8666666666667,15.4791666666667,86.2916666666667,4.02083333333333,2009-07-23
"20090724","NOIRMOUTIER EN",47.004667,-2.257167,17.7625,14.625,82.0833333333333,6.35833333333333,2009-07-24
"20090725","NOIRMOUTIER EN",47.004667,-2.257167,17.4333333333333,13.8291666666667,80.25,2.40833333333333,2009-07-25
"20090726","NOIRMOUTIER EN",47.004667,-2.257167,17.6875,12.7125,75.4583333333333,1.52916666666667,2009-07-26
"20090727","NOIRMOUTIER EN",47.004667,-2.257167,17.475,14.4541666666667,83.2083333333333,4.65,2009-07-27
"20090728","NOIRMOUTIER EN",47.004667,-2.257167,17.8916666666667,13.2416666666667,75.375,2.52916666666667,2009-07-28
"20090729","NOIRMOUTIER EN",47.004667,-2.257167,18.1,15.0041666666667,82.75,5.6,2009-07-29
"20090730","NOIRMOUTIER EN",47.004667,-2.257167,17.6875,12.075,70.125,3.78333333333333,2009-07-30
"20090731","NOIRMOUTIER EN",47.004667,-2.257167,17.575,12.8916666666667,75,2.4125,2009-07-31
"20090801","NOIRMOUTIER EN",47.004667,-2.257167,18.2416666666667,16.5083333333333,89.75,4.99583333333333,2009-08-01
"20090802","NOIRMOUTIER EN",47.004667,-2.257167,16.9541666666667,12.1291666666667,73.625,3.37083333333333,2009-08-02
"20090803","NOIRMOUTIER EN",47.004667,-2.257167,18.4083333333333,14.9041666666667,80.5416666666667,4.33333333333333,2009-08-03
"20090804","NOIRMOUTIER EN",47.004667,-2.257167,20.7083333333333,16.25,76.75,4.17083333333333,2009-08-04
"20090805","NOIRMOUTIER EN",47.004667,-2.257167,21.0166666666667,17.2791666666667,80.5,2.94166666666667,2009-08-05
"20090806","NOIRMOUTIER EN",47.004667,-2.257167,18.6208333333333,16.9833333333333,90.3333333333333,4.1625,2009-08-06
"20090807","NOIRMOUTIER EN",47.004667,-2.257167,17.7166666666667,13.5291666666667,77.2083333333333,5.12916666666667,2009-08-07
"20090808","NOIRMOUTIER EN",47.004667,-2.257167,17.7458333333333,13.1791666666667,75.375,4.45,2009-08-08
"20090809","NOIRMOUTIER EN",47.004667,-2.257167,17.7583333333333,13.4208333333333,76.3333333333333,4.57916666666667,2009-08-09
"20090810","NOIRMOUTIER EN",47.004667,-2.257167,17.9083333333333,14.1791666666667,79.4166666666667,3.63333333333333,2009-08-10
"20090811","NOIRMOUTIER EN",47.004667,-2.257167,18.975,16.3666666666667,85.375,3.59166666666667,2009-08-11
"20090812","NOIRMOUTIER EN",47.004667,-2.257167,19.35,15.5125,79.7083333333333,3.125,2009-08-12
"20090813","NOIRMOUTIER EN",47.004667,-2.257167,18.1916666666667,16.5458333333333,90.5833333333333,3.1625,2009-08-13
"20090814","NOIRMOUTIER EN",47.004667,-2.257167,19.3916666666667,16.4291666666667,83.7083333333333,3.07083333333333,2009-08-14
"20090815","NOIRMOUTIER EN",47.004667,-2.257167,21.4083333333333,17.4083333333333,79.9583333333333,2.10416666666667,2009-08-15
"20090816","NOIRMOUTIER EN",47.004667,-2.257167,20.7041666666667,17.3791666666667,81.8333333333333,3.46666666666667,2009-08-16
"20090817","NOIRMOUTIER EN",47.004667,-2.257167,18.8291666666667,14.9416666666667,78.6666666666667,4.07083333333333,2009-08-17
"20090818","NOIRMOUTIER EN",47.004667,-2.257167,19.3791666666667,15.1125,77.625,2.675,2009-08-18
"20090819","NOIRMOUTIER EN",47.004667,-2.257167,19.7416666666667,16.7333333333333,83.9166666666667,3.07916666666667,2009-08-19
"20090820","NOIRMOUTIER EN",47.004667,-2.257167,19.4125,16.2541666666667,82.6666666666667,4.2625,2009-08-20
"20090821","NOIRMOUTIER EN",47.004667,-2.257167,18.2791666666667,13.175,73.125,2.34583333333333,2009-08-21
"20090822","NOIRMOUTIER EN",47.004667,-2.257167,19.4708333333333,14.5166666666667,74.2083333333333,2.22083333333333,2009-08-22
"20090823","NOIRMOUTIER EN",47.004667,-2.257167,19.6333333333333,15.8416666666667,81,2.57083333333333,2009-08-23
"20090824","NOIRMOUTIER EN",47.004667,-2.257167,18.6958333333333,16.1,85.2083333333333,3.70416666666667,2009-08-24
"20090825","NOIRMOUTIER EN",47.004667,-2.257167,17.6083333333333,13.6708333333333,78.8333333333333,2.64166666666667,2009-08-25
"20090826","NOIRMOUTIER EN",47.004667,-2.257167,19.9291666666667,16.6958333333333,82.1666666666667,5.22916666666667,2009-08-26
"20090827","NOIRMOUTIER EN",47.004667,-2.257167,19.2291666666667,16.5458333333333,84.9166666666667,4.10833333333333,2009-08-27
"20090828","NOIRMOUTIER EN",47.004667,-2.257167,17.9166666666667,12.275,70.3333333333333,6.57083333333333,2009-08-28
"20090829","NOIRMOUTIER EN",47.004667,-2.257167,16.375,10.4375,68.5833333333333,4.05416666666667,2009-08-29
"20090830","NOIRMOUTIER EN",47.004667,-2.257167,16.3708333333333,11.8125,75.375,2.19166666666667,2009-08-30
"20090831","NOIRMOUTIER EN",47.004667,-2.257167,20.5583333333333,13.1916666666667,68.1666666666667,4.56666666666667,2009-08-31
"20090901","NOIRMOUTIER EN",47.004667,-2.257167,19.0041666666667,14.6708333333333,76.875,5.70833333333333,2009-09-01
"20090902","NOIRMOUTIER EN",47.004667,-2.257167,18.2,14.9041666666667,81.5,6.65416666666667,2009-09-02
"20090903","NOIRMOUTIER EN",47.004667,-2.257167,17.2958333333333,13.6541666666667,79.75,6.91666666666667,2009-09-03
"20090904","NOIRMOUTIER EN",47.004667,-2.257167,16.5333333333333,12.0083333333333,75.5833333333333,7.41666666666667,2009-09-04
"20090905","NOIRMOUTIER EN",47.004667,-2.257167,15.9875,10.8291666666667,72.125,3.05833333333333,2009-09-05
"20090906","NOIRMOUTIER EN",47.004667,-2.257167,17.1708333333333,12.2625,74.5,2.6375,2009-09-06
"20090907","NOIRMOUTIER EN",47.004667,-2.257167,17.7208333333333,13.3166666666667,77.5416666666667,1.88333333333333,2009-09-07
"20090908","NOIRMOUTIER EN",47.004667,-2.257167,19.8375,13.5083333333333,70.875,1.76666666666667,2009-09-08
"20090909","NOIRMOUTIER EN",47.004667,-2.257167,20.6041666666667,15.55,74.375,4.82916666666667,2009-09-09
"20090910","NOIRMOUTIER EN",47.004667,-2.257167,20.4916666666667,15.0833333333333,72.625,6.24166666666667,2009-09-10
"20090911","NOIRMOUTIER EN",47.004667,-2.257167,18.2083333333333,11.8333333333333,67.2083333333333,6.79583333333333,2009-09-11
"20090912","NOIRMOUTIER EN",47.004667,-2.257167,18.1833333333333,9.8875,59.7083333333333,6.42083333333333,2009-09-12
"20090913","NOIRMOUTIER EN",47.004667,-2.257167,18.1958333333333,10.4083333333333,62.0833333333333,6.40416666666667,2009-09-13
"20090914","NOIRMOUTIER EN",47.004667,-2.257167,16.6333333333333,10.8291666666667,70.0416666666667,5.89166666666667,2009-09-14
"20090915","NOIRMOUTIER EN",47.004667,-2.257167,15.4625,12.0375,80.5,4.80833333333333,2009-09-15
"20090916","NOIRMOUTIER EN",47.004667,-2.257167,14.9708333333333,12.4875,85.3333333333333,4.67083333333333,2009-09-16
"20090917","NOIRMOUTIER EN",47.004667,-2.257167,15.75,15.0916666666667,95.875,4.63333333333333,2009-09-17
"20090918","NOIRMOUTIER EN",47.004667,-2.257167,17.1166666666667,15.1083333333333,88.5416666666667,3.76666666666667,2009-09-18
"20090919","NOIRMOUTIER EN",47.004667,-2.257167,16.8041666666667,15.9541666666667,94.7916666666667,3.29166666666667,2009-09-19
"20090920","NOIRMOUTIER EN",47.004667,-2.257167,16.1125,14.05,87.7083333333333,4.125,2009-09-20
"20090921","NOIRMOUTIER EN",47.004667,-2.257167,15.0625,13.7208333333333,92.0416666666667,2.85833333333333,2009-09-21
"20090922","NOIRMOUTIER EN",47.004667,-2.257167,16.6166666666667,13.9958333333333,85.4166666666667,2.35833333333333,2009-09-22
"20090923","NOIRMOUTIER EN",47.004667,-2.257167,17.9916666666667,13.7041666666667,77.3333333333333,2.6875,2009-09-23
"20090924","NOIRMOUTIER EN",47.004667,-2.257167,17.2875,13.975,81.875,3.775,2009-09-24
"20090925","NOIRMOUTIER EN",47.004667,-2.257167,16.5958333333333,12.6416666666667,78.8333333333333,4.15416666666667,2009-09-25
"20090926","NOIRMOUTIER EN",47.004667,-2.257167,16.2958333333333,11.4041666666667,74.3333333333333,4.1375,2009-09-26
"20090927","NOIRMOUTIER EN",47.004667,-2.257167,17.2291666666667,11.8875,72.9166666666667,3.65,2009-09-27
"20090928","NOIRMOUTIER EN",47.004667,-2.257167,17.2541666666667,12.6916666666667,75.875,4.07916666666667,2009-09-28
"20090929","NOIRMOUTIER EN",47.004667,-2.257167,16.5416666666667,13.0083333333333,80.4583333333333,4.05,2009-09-29
"20090930","NOIRMOUTIER EN",47.004667,-2.257167,16.3,12.8583333333333,81.0416666666667,3.55416666666667,2009-09-30
"20091001","NOIRMOUTIER EN",47.004667,-2.257167,16.1333333333333,12.5125,80.5416666666667,3.1625,2009-10-01
"20091002","NOIRMOUTIER EN",47.004667,-2.257167,14.4375,10.425,77.625,3.38333333333333,2009-10-02
"20091003","NOIRMOUTIER EN",47.004667,-2.257167,13.525,10.1708333333333,81.2083333333333,2.14166666666667,2009-10-03
"20091004","NOIRMOUTIER EN",47.004667,-2.257167,15.6333333333333,13.7291666666667,88.7916666666667,2.6125,2009-10-04
"20091005","NOIRMOUTIER EN",47.004667,-2.257167,17.7666666666667,17.3666666666667,97.5833333333333,4.9625,2009-10-05
"20091006","NOIRMOUTIER EN",47.004667,-2.257167,18.9625,17.7041666666667,92.625,4.02916666666667,2009-10-06
"20091007","NOIRMOUTIER EN",47.004667,-2.257167,18.3833333333333,17.3291666666667,93.7083333333333,3.50416666666667,2009-10-07
"20091008","NOIRMOUTIER EN",47.004667,-2.257167,17.7833333333333,16.7625,94.0833333333333,1.6875,2009-10-08
"20091009","NOIRMOUTIER EN",47.004667,-2.257167,16.8958333333333,15.925,94.1666666666667,3.375,2009-10-09
"20091010","NOIRMOUTIER EN",47.004667,-2.257167,16.5625,15.5583333333333,93.875,3.8125,2009-10-10
"20091011","NOIRMOUTIER EN",47.004667,-2.257167,16.4708333333333,15.675,95.2083333333333,2.7875,2009-10-11
"20091012","NOIRMOUTIER EN",47.004667,-2.257167,15.0541666666667,10.1541666666667,73.8333333333333,4.3625,2009-10-12
"20091013","NOIRMOUTIER EN",47.004667,-2.257167,13.35,9.3125,77.4583333333333,2.64166666666667,2009-10-13
"20091014","NOIRMOUTIER EN",47.004667,-2.257167,13.4833333333333,8.45,72.5,3.8875,2009-10-14
"20091015","NOIRMOUTIER EN",47.004667,-2.257167,9.62083333333333,0.591666666666667,54.9166666666667,5.01666666666667,2009-10-15
"20091016","NOIRMOUTIER EN",47.004667,-2.257167,11.775,7.07083333333333,73.4583333333333,3.34583333333333,2009-10-16
"20091017","NOIRMOUTIER EN",47.004667,-2.257167,12.0208333333333,6.3375,69.2083333333333,3.8125,2009-10-17
"20091018","NOIRMOUTIER EN",47.004667,-2.257167,10.5833333333333,5.80833333333333,73.3333333333333,2.5875,2009-10-18
"20091019","NOIRMOUTIER EN",47.004667,-2.257167,10.7916666666667,2.25416666666667,57.0416666666667,3.4,2009-10-19
"20091020","NOIRMOUTIER EN",47.004667,-2.257167,14.0541666666667,12.3583333333333,89.625,4.85416666666667,2009-10-20
"20091021","NOIRMOUTIER EN",47.004667,-2.257167,12.8666666666667,11.1083333333333,89.3333333333333,4.1125,2009-10-21
"20091022","NOIRMOUTIER EN",47.004667,-2.257167,13.2333333333333,11.7875,91.1666666666667,3.9875,2009-10-22
"20091023","NOIRMOUTIER EN",47.004667,-2.257167,14.5166666666667,13.8666666666667,96,3.9,2009-10-23
"20091024","NOIRMOUTIER EN",47.004667,-2.257167,15.8833333333333,15.8083333333333,99.5416666666667,5.2625,2009-10-24
"20091025","NOIRMOUTIER EN",47.004667,-2.257167,13.4333333333333,12.3125,93.375,1.86666666666667,2009-10-25
"20091026","NOIRMOUTIER EN",47.004667,-2.257167,12.0375,11.5458333333333,96.9583333333333,2.06666666666667,2009-10-26
"20091027","NOIRMOUTIER EN",47.004667,-2.257167,13.1333333333333,10.3583333333333,84.375,2.2375,2009-10-27
"20091028","NOIRMOUTIER EN",47.004667,-2.257167,13.3958333333333,12.5875,95.1666666666667,1.62083333333333,2009-10-28
"20091029","NOIRMOUTIER EN",47.004667,-2.257167,15.1541666666667,12.7791666666667,86.2083333333333,2.37083333333333,2009-10-29
"20091030","NOIRMOUTIER EN",47.004667,-2.257167,14.225,12.3916666666667,89.125,1.625,2009-10-30
"20091031","NOIRMOUTIER EN",47.004667,-2.257167,16.1833333333333,16.1833333333333,100,2.59583333333333,2009-10-31
"20091101","NOIRMOUTIER EN",47.004667,-2.257167,15.2041666666667,14.275,94.4166666666667,7.3125,2009-11-01
"20091102","NOIRMOUTIER EN",47.004667,-2.257167,11.8083333333333,9.39583333333333,85.5416666666667,7.925,2009-11-02
"20091103","NOIRMOUTIER EN",47.004667,-2.257167,14.1958333333333,12.8625,91.875,10.6333333333333,2009-11-03
"20091104","NOIRMOUTIER EN",47.004667,-2.257167,11.7333333333333,7.64166666666667,76.2916666666667,9.55,2009-11-04
"20091105","NOIRMOUTIER EN",47.004667,-2.257167,11.6958333333333,7.35833333333333,74.8333333333333,6.27083333333333,2009-11-05
"20091106","NOIRMOUTIER EN",47.004667,-2.257167,11.9166666666667,9.04166666666667,82.875,5.15416666666667,2009-11-06
"20091107","NOIRMOUTIER EN",47.004667,-2.257167,11.1625,7.0875,76.3333333333333,8.49583333333333,2009-11-07
"20091108","NOIRMOUTIER EN",47.004667,-2.257167,11.1333333333333,7.56666666666667,78.8333333333333,8.99583333333333,2009-11-08
"20091109","NOIRMOUTIER EN",47.004667,-2.257167,9.50833333333333,6.85833333333333,83.9166666666667,3.39166666666667,2009-11-09
"20091110","NOIRMOUTIER EN",47.004667,-2.257167,9.69583333333333,8.39166666666667,91.7916666666667,5.25,2009-11-10
"20091111","NOIRMOUTIER EN",47.004667,-2.257167,10.8666666666667,10.6416666666667,98.5833333333333,3.85416666666667,2009-11-11
"20091112","NOIRMOUTIER EN",47.004667,-2.257167,13.7291666666667,13.1208333333333,96,5.82916666666667,2009-11-12
"20091113","NOIRMOUTIER EN",47.004667,-2.257167,15.2875,12.2958333333333,82.5833333333333,8.54583333333333,2009-11-13
"20091114","NOIRMOUTIER EN",47.004667,-2.257167,13.575,10.4708333333333,81.6666666666667,10.4333333333333,2009-11-14
"20091115","NOIRMOUTIER EN",47.004667,-2.257167,12.7,11.4208333333333,92.0833333333333,5.55833333333333,2009-11-15
"20091116","NOIRMOUTIER EN",47.004667,-2.257167,13.9208333333333,12.7625,92.75,4.57916666666667,2009-11-16
"20091117","NOIRMOUTIER EN",47.004667,-2.257167,12.05,11.1583333333333,94.4583333333333,3.29583333333333,2009-11-17
"20091118","NOIRMOUTIER EN",47.004667,-2.257167,13.0416666666667,11.3625,89.7083333333333,5.4125,2009-11-18
"20091119","NOIRMOUTIER EN",47.004667,-2.257167,12.0708333333333,11.6083333333333,97.0416666666667,4.175,2009-11-19
"20091120","NOIRMOUTIER EN",47.004667,-2.257167,13.6,12.5208333333333,93.5,4.625,2009-11-20
"20091121","NOIRMOUTIER EN",47.004667,-2.257167,13.75,12.5166666666667,92.375,6.65833333333333,2009-11-21
"20091122","NOIRMOUTIER EN",47.004667,-2.257167,12.5833333333333,9.3375,80.8333333333333,11.0166666666667,2009-11-22
"20091123","NOIRMOUTIER EN",47.004667,-2.257167,13.7458333333333,11.4166666666667,85.875,12.1791666666667,2009-11-23
"20091124","NOIRMOUTIER EN",47.004667,-2.257167,13.8375,11.9333333333333,88.4166666666667,8.575,2009-11-24
"20091125","NOIRMOUTIER EN",47.004667,-2.257167,12.425,8.9875,79.875,9.32083333333333,2009-11-25
"20091126","NOIRMOUTIER EN",47.004667,-2.257167,11.6333333333333,8.9375,83.7083333333333,9.2375,2009-11-26
"20091127","NOIRMOUTIER EN",47.004667,-2.257167,10.7583333333333,6.85,77,9.0125,2009-11-27
"20091128","NOIRMOUTIER EN",47.004667,-2.257167,11.775,9.66666666666667,87.0833333333333,12.3291666666667,2009-11-28
"20091129","NOIRMOUTIER EN",47.004667,-2.257167,9.61666666666667,5.91666666666667,77.9583333333333,8.38333333333333,2009-11-29
"20091130","NOIRMOUTIER EN",47.004667,-2.257167,8.72083333333333,4.74166666666667,76.2083333333333,7.57916666666667,2009-11-30
"20091201","NOIRMOUTIER EN",47.004667,-2.257167,8.26666666666667,4.69583333333333,78.6666666666667,4.8625,2009-12-01
"20091202","NOIRMOUTIER EN",47.004667,-2.257167,11.4875,10.175,91.625,7.24166666666667,2009-12-02
"20091203","NOIRMOUTIER EN",47.004667,-2.257167,10.5625,7.68333333333333,82.6666666666667,7.75833333333333,2009-12-03
"20091204","NOIRMOUTIER EN",47.004667,-2.257167,10.0125,7.675,86.2083333333333,4.58333333333333,2009-12-04
"20091205","NOIRMOUTIER EN",47.004667,-2.257167,13.0583333333333,11.6416666666667,91.25,NA,2009-12-05
"20091206","NOIRMOUTIER EN",47.004667,-2.257167,12.4375,9.95,85.0416666666667,7.25,2009-12-06
"20091207","NOIRMOUTIER EN",47.004667,-2.257167,10.8041666666667,7.72083333333333,81.4583333333333,7.50833333333333,2009-12-07
"20091208","NOIRMOUTIER EN",47.004667,-2.257167,11.1333333333333,9.02916666666667,87.25,5.46666666666667,2009-12-08
"20091209","NOIRMOUTIER EN",47.004667,-2.257167,13.1,12.3166666666667,95.0833333333333,6.05833333333333,2009-12-09
"20091210","NOIRMOUTIER EN",47.004667,-2.257167,9.22916666666667,9.0625,98.875,NA,2009-12-10
"20091226","NOIRMOUTIER EN",47.004667,-2.257167,6.17083333333333,5.36666666666667,94.7083333333333,3.18333333333333,2009-12-26
"20091227","NOIRMOUTIER EN",47.004667,-2.257167,8.25833333333333,6.13333333333333,86.7083333333333,4.97916666666667,2009-12-27
"20091228","NOIRMOUTIER EN",47.004667,-2.257167,8.55833333333333,8.325,98.5416666666667,NA,2009-12-28
"20091229","NOIRMOUTIER EN",47.004667,-2.257167,11.7708333333333,11.15,96.0833333333333,NA,2009-12-29
"20091230","NOIRMOUTIER EN",47.004667,-2.257167,10.0041666666667,9.14583333333333,94.5416666666667,5.49583333333333,2009-12-30
"20100108","NOIRMOUTIER EN",47.004667,-2.257167,0.85,-2.91666666666667,76.4583333333333,6.38333333333333,2010-01-08
"20100109","NOIRMOUTIER EN",47.004667,-2.257167,-0.391666666666667,-5.1375,70.6666666666667,6.175,2010-01-09
"20100110","NOIRMOUTIER EN",47.004667,-2.257167,0.783333333333333,-2.24583333333333,80.4166666666667,2.17083333333333,2010-01-10
"20100111","NOIRMOUTIER EN",47.004667,-2.257167,0.725,-2.85833333333333,77.0416666666667,2.1375,2010-01-11
"20100112","NOIRMOUTIER EN",47.004667,-2.257167,1.16666666666667,-0.375,89.6666666666667,5.3875,2010-01-12
"20100113","NOIRMOUTIER EN",47.004667,-2.257167,7.0625,5.95833333333333,92.8333333333333,3.67083333333333,2010-01-13
"20100114","NOIRMOUTIER EN",47.004667,-2.257167,5.6875,5.15,96.4583333333333,3.09166666666667,2010-01-14
"20100115","NOIRMOUTIER EN",47.004667,-2.257167,3.5875,3.39583333333333,98.7083333333333,3.70416666666667,2010-01-15
"20100116","NOIRMOUTIER EN",47.004667,-2.257167,7.92916666666667,7.27916666666667,95.7916666666667,7.79166666666667,2010-01-16
"20100117","NOIRMOUTIER EN",47.004667,-2.257167,7.45416666666667,6.275,92.5,2.64583333333333,2010-01-17
"20100118","NOIRMOUTIER EN",47.004667,-2.257167,4.34583333333333,4.3125,99.9166666666667,3.06666666666667,2010-01-18
"20100119","NOIRMOUTIER EN",47.004667,-2.257167,5.40416666666667,4.12916666666667,91.6666666666667,4.65416666666667,2010-01-19
"20100120","NOIRMOUTIER EN",47.004667,-2.257167,7.72083333333333,6.83333333333333,94.25,3.65416666666667,2010-01-20
"20100121","NOIRMOUTIER EN",47.004667,-2.257167,6.775,6.6,98.875,3.65833333333333,2010-01-21
"20100122","NOIRMOUTIER EN",47.004667,-2.257167,7.5,6.94583333333333,96.5,5.77083333333333,2010-01-22
"20100123","NOIRMOUTIER EN",47.004667,-2.257167,7.03333333333333,6.9,99.2083333333333,1.8625,2010-01-23
"20100124","NOIRMOUTIER EN",47.004667,-2.257167,5.60833333333333,4.01666666666667,90,2.32916666666667,2010-01-24
"20100125","NOIRMOUTIER EN",47.004667,-2.257167,3.3125,2.80833333333333,96.375,2.15833333333333,2010-01-25
"20100126","NOIRMOUTIER EN",47.004667,-2.257167,2.94583333333333,0.683333333333333,85.2083333333333,5.09583333333333,2010-01-26
"20100127","NOIRMOUTIER EN",47.004667,-2.257167,0.266666666666667,-3.36666666666667,77.25,4.81666666666667,2010-01-27
"20100128","NOIRMOUTIER EN",47.004667,-2.257167,6.90416666666667,5.36666666666667,90.2083333333333,4.48333333333333,2010-01-28
"20100129","NOIRMOUTIER EN",47.004667,-2.257167,7.24583333333333,5,86,7.00833333333333,2010-01-29
"20100130","NOIRMOUTIER EN",47.004667,-2.257167,4.8875,0.7375,74.8333333333333,4.33333333333333,2010-01-30
"20100131","NOIRMOUTIER EN",47.004667,-2.257167,2.30833333333333,-0.7125,81.5,2.52916666666667,2010-01-31
"20100201","NOIRMOUTIER EN",47.004667,-2.257167,3.70833333333333,2.225,90.5,2.6125,2010-02-01
"20100202","NOIRMOUTIER EN",47.004667,-2.257167,7.225,5.70416666666667,90.375,5.14166666666667,2010-02-02
"20100203","NOIRMOUTIER EN",47.004667,-2.257167,8.64583333333333,7.25416666666667,91.1666666666667,4.5,2010-02-03
"20100204","NOIRMOUTIER EN",47.004667,-2.257167,7.1375,5.24583333333333,88.0416666666667,5.01666666666667,2010-02-04
"20100205","NOIRMOUTIER EN",47.004667,-2.257167,8.40416666666667,6.625,88.6666666666667,6.2,2010-02-05
"20100206","NOIRMOUTIER EN",47.004667,-2.257167,8.84583333333333,6.7875,87.125,7.37916666666667,2010-02-06
"20100207","NOIRMOUTIER EN",47.004667,-2.257167,6.22083333333333,3.6375,83.6666666666667,4.3375,2010-02-07
"20100208","NOIRMOUTIER EN",47.004667,-2.257167,4.04166666666667,0.495833333333333,78.2083333333333,4.5125,2010-02-08
"20100209","NOIRMOUTIER EN",47.004667,-2.257167,2.61666666666667,-1.45416666666667,74.9583333333333,5.72083333333333,2010-02-09
"20100210","NOIRMOUTIER EN",47.004667,-2.257167,2.5875,-2.1875,71.2083333333333,4.92083333333333,2010-02-10
"20100211","NOIRMOUTIER EN",47.004667,-2.257167,1.375,-4.03333333333333,68.1666666666667,6.99166666666667,2010-02-11
"20100212","NOIRMOUTIER EN",47.004667,-2.257167,2.66666666666667,-3.20833333333333,65.7916666666667,5.83333333333333,2010-02-12
"20100213","NOIRMOUTIER EN",47.004667,-2.257167,1.1875,-3.33333333333333,72.3333333333333,3.85,2010-02-13
"20100214","NOIRMOUTIER EN",47.004667,-2.257167,-1.14166666666667,-5.56666666666667,72.0833333333333,2.17083333333333,2010-02-14
"20100215","NOIRMOUTIER EN",47.004667,-2.257167,-0.6125,-4.30416666666667,76.875,1.45833333333333,2010-02-15
"20100216","NOIRMOUTIER EN",47.004667,-2.257167,1.12083333333333,-3.34166666666667,72.8333333333333,2.4,2010-02-16
"20100217","NOIRMOUTIER EN",47.004667,-2.257167,4.69583333333333,2.02083333333333,83.0833333333333,1.8,2010-02-17
"20100218","NOIRMOUTIER EN",47.004667,-2.257167,7.80416666666667,5.65,86.4166666666667,6.20416666666667,2010-02-18
"20100219","NOIRMOUTIER EN",47.004667,-2.257167,6.09166666666667,3.10416666666667,81.7083333333333,3.65416666666667,2010-02-19
"20100220","NOIRMOUTIER EN",47.004667,-2.257167,6.2375,3.98333333333333,85.9166666666667,3.90416666666667,2010-02-20
"20100221","NOIRMOUTIER EN",47.004667,-2.257167,6.625,5.325,91.6666666666667,5.40833333333333,2010-02-21
"20100222","NOIRMOUTIER EN",47.004667,-2.257167,10.4166666666667,8.62083333333333,88.875,8.69583333333333,2010-02-22
"20100223","NOIRMOUTIER EN",47.004667,-2.257167,10.0875,8.87916666666667,92.375,7.44166666666667,2010-02-23
"20100224","NOIRMOUTIER EN",47.004667,-2.257167,9.85833333333333,7.97916666666667,88.25,10.1416666666667,2010-02-24
"20100225","NOIRMOUTIER EN",47.004667,-2.257167,10.1791666666667,9.02916666666667,92.75,8.59583333333333,2010-02-25
"20100226","NOIRMOUTIER EN",47.004667,-2.257167,9.04583333333333,6.42916666666667,83.9166666666667,8.87916666666667,2010-02-26
"20100227","NOIRMOUTIER EN",47.004667,-2.257167,8.95416666666667,7.50416666666667,90.75,6.44166666666667,2010-02-27
"20100228","NOIRMOUTIER EN",47.004667,-2.257167,8.50833333333333,6.27916666666667,86.2083333333333,8.0625,2010-02-28
"20100301","NOIRMOUTIER EN",47.004667,-2.257167,6.35833333333333,5.58333333333333,94.9166666666667,3.10833333333333,2010-03-01
"20100302","NOIRMOUTIER EN",47.004667,-2.257167,7.42916666666667,6.01666666666667,91.0833333333333,4.25,2010-03-02
"20100303","NOIRMOUTIER EN",47.004667,-2.257167,8.03333333333333,4.79166666666667,80.2083333333333,5.04166666666667,2010-03-03
"20100304","NOIRMOUTIER EN",47.004667,-2.257167,6.05,0.0208333333333333,65.875,4.7625,2010-03-04
"20100305","NOIRMOUTIER EN",47.004667,-2.257167,4.325,-2.87916666666667,60.9166666666667,5.26666666666667,2010-03-05
"20100306","NOIRMOUTIER EN",47.004667,-2.257167,5.37083333333333,0.983333333333333,73.7083333333333,4.4,2010-03-06
"20100307","NOIRMOUTIER EN",47.004667,-2.257167,2.09166666666667,-5.53333333333333,57.625,NA,2010-03-07
"20100308","NOIRMOUTIER EN",47.004667,-2.257167,2.74166666666667,-7.1,49.8333333333333,NA,2010-03-08
"20100309","NOIRMOUTIER EN",47.004667,-2.257167,3.29166666666667,-3.64583333333333,61.7916666666667,7.05833333333333,2010-03-09
"20100310","NOIRMOUTIER EN",47.004667,-2.257167,3.675,-4.16666666666667,59.0833333333333,6.1875,2010-03-10
"20100311","NOIRMOUTIER EN",47.004667,-2.257167,4.9,-0.145833333333333,71.0833333333333,5.29583333333333,2010-03-11
"20100312","NOIRMOUTIER EN",47.004667,-2.257167,4.4125,0.3375,75.3333333333333,3.07916666666667,2010-03-12
"20100313","NOIRMOUTIER EN",47.004667,-2.257167,6.37916666666667,3.99583333333333,85,2.175,2010-03-13
"20100314","NOIRMOUTIER EN",47.004667,-2.257167,6.325,3.35416666666667,81.75,2.62083333333333,2010-03-14
"20100315","NOIRMOUTIER EN",47.004667,-2.257167,5.91666666666667,3.05,83.0833333333333,1.71666666666667,2010-03-15
"20100316","NOIRMOUTIER EN",47.004667,-2.257167,7.90416666666667,2.675,71.2916666666667,2.84166666666667,2010-03-16
"20100317","NOIRMOUTIER EN",47.004667,-2.257167,9.70416666666667,4.275,70.0416666666667,2.35416666666667,2010-03-17
"20100318","NOIRMOUTIER EN",47.004667,-2.257167,10.7625,6.82916666666667,77.7916666666667,5.52916666666667,2010-03-18
"20100319","NOIRMOUTIER EN",47.004667,-2.257167,10.6833333333333,9.53333333333333,92.9166666666667,6.08333333333333,2010-03-19
"20100320","NOIRMOUTIER EN",47.004667,-2.257167,11.2541666666667,10.5291666666667,95.375,5.76666666666667,2010-03-20
"20100321","NOIRMOUTIER EN",47.004667,-2.257167,9.1875,6.5875,84.625,3.15416666666667,2010-03-21
"20100322","NOIRMOUTIER EN",47.004667,-2.257167,8.65833333333333,6.4375,86.875,3.16666666666667,2010-03-22
"20100323","NOIRMOUTIER EN",47.004667,-2.257167,10.7583333333333,8.84166666666667,88.5833333333333,3.4125,2010-03-23
"20100324","NOIRMOUTIER EN",47.004667,-2.257167,11.4666666666667,10.1791666666667,91.9583333333333,3.925,2010-03-24
"20100325","NOIRMOUTIER EN",47.004667,-2.257167,11.1208333333333,9.19583333333333,88.25,6.47916666666667,2010-03-25
"20100326","NOIRMOUTIER EN",47.004667,-2.257167,10.325,7.77083333333333,84.2916666666667,8.64583333333333,2010-03-26
"20100327","NOIRMOUTIER EN",47.004667,-2.257167,10.5708333333333,9.22083333333333,91.2916666666667,9.2375,2010-03-27
"20100328","NOIRMOUTIER EN",47.004667,-2.257167,10.8333333333333,10.625,98.625,6.59166666666667,2010-03-28
"20100329","NOIRMOUTIER EN",47.004667,-2.257167,10.3333333333333,9.59166666666667,95.2916666666667,4.35833333333333,2010-03-29
"20100330","NOIRMOUTIER EN",47.004667,-2.257167,9.30416666666667,6.50833333333333,82.9583333333333,9.27916666666667,2010-03-30
"20100331","NOIRMOUTIER EN",47.004667,-2.257167,8.61666666666667,3.95,72.7916666666667,8.925,2010-03-31
"20100401","NOIRMOUTIER EN",47.004667,-2.257167,7.86666666666667,3.5875,75.0833333333333,4.5875,2010-04-01
"20100402","NOIRMOUTIER EN",47.004667,-2.257167,9.44583333333333,7.16666666666667,85.875,7.91666666666667,2010-04-02
"20100403","NOIRMOUTIER EN",47.004667,-2.257167,9.3,6.48333333333333,82.6666666666667,9.7625,2010-04-03
"20100404","NOIRMOUTIER EN",47.004667,-2.257167,8.89583333333333,5.55,79.5833333333333,7.75,2010-04-04
"20100405","NOIRMOUTIER EN",47.004667,-2.257167,7.31666666666667,6.46666666666667,94.3333333333333,2.53333333333333,2010-04-05
"20100409","NOIRMOUTIER EN",47.004667,-2.257167,15.1166666666667,8.75,66.1666666666667,3.98333333333333,2010-04-09
"20100410","NOIRMOUTIER EN",47.004667,-2.257167,13.8125,7.09583333333333,64.875,4.87083333333333,2010-04-10
"20100411","NOIRMOUTIER EN",47.004667,-2.257167,10.9291666666667,5.5,69.7916666666667,6.35416666666667,2010-04-11
"20100412","NOIRMOUTIER EN",47.004667,-2.257167,10.0083333333333,4.53333333333333,69.9166666666667,6.77083333333333,2010-04-12
"20100413","NOIRMOUTIER EN",47.004667,-2.257167,10.3708333333333,6.225,76,5.3125,2010-04-13
"20100414","NOIRMOUTIER EN",47.004667,-2.257167,9.8,5.4,74.125,5.15,2010-04-14
"20100415","NOIRMOUTIER EN",47.004667,-2.257167,11.5166666666667,6.3,72.1666666666667,5.15833333333333,2010-04-15
"20100416","NOIRMOUTIER EN",47.004667,-2.257167,12.3041666666667,6.025,66.5416666666667,5.55416666666667,2010-04-16
"20100417","NOIRMOUTIER EN",47.004667,-2.257167,12.9166666666667,6.58333333333333,66.375,4.16666666666667,2010-04-17
"20100418","NOIRMOUTIER EN",47.004667,-2.257167,14.1166666666667,8.6875,71.9166666666667,2.45,2010-04-18
"20100419","NOIRMOUTIER EN",47.004667,-2.257167,13.8125,9.19166666666667,76,2.175,2010-04-19
"20100420","NOIRMOUTIER EN",47.004667,-2.257167,12.2666666666667,7.11666666666667,71.7916666666667,3.19166666666667,2010-04-20
"20100421","NOIRMOUTIER EN",47.004667,-2.257167,12.1875,4.59166666666667,60.4583333333333,4.50416666666667,2010-04-21
"20100422","NOIRMOUTIER EN",47.004667,-2.257167,12.8833333333333,6.45833333333333,65.4166666666667,5.0625,2010-04-22
"20100423","NOIRMOUTIER EN",47.004667,-2.257167,13.2708333333333,5.69166666666667,61.75,3.4125,2010-04-23
"20100424","NOIRMOUTIER EN",47.004667,-2.257167,12.4666666666667,10.0541666666667,86.125,2.3375,2010-04-24
"20100425","NOIRMOUTIER EN",47.004667,-2.257167,13.65,12.3041666666667,91.875,3.575,2010-04-25
"20100426","NOIRMOUTIER EN",47.004667,-2.257167,13.3708333333333,11.0333333333333,86.875,2.55416666666667,2010-04-26
"20100427","NOIRMOUTIER EN",47.004667,-2.257167,16.0041666666667,9.875,69.0416666666667,2.80833333333333,2010-04-27
"20100428","NOIRMOUTIER EN",47.004667,-2.257167,17.0666666666667,10.425,66.0833333333333,2.55416666666667,2010-04-28
"20100429","NOIRMOUTIER EN",47.004667,-2.257167,15.6333333333333,12.1791666666667,80.4583333333333,4.825,2010-04-29
"20100430","NOIRMOUTIER EN",47.004667,-2.257167,13.2583333333333,9.375,78.0833333333333,3.80833333333333,2010-04-30
"20100501","NOIRMOUTIER EN",47.004667,-2.257167,13.3333333333333,11.0083333333333,86.0416666666667,3.94583333333333,2010-05-01
"20100502","NOIRMOUTIER EN",47.004667,-2.257167,12.2375,8.725,79.25,6.34166666666667,2010-05-02
"20100503","NOIRMOUTIER EN",47.004667,-2.257167,9.64583333333333,3.50416666666667,66.125,6.675,2010-05-03
"20100504","NOIRMOUTIER EN",47.004667,-2.257167,9.42916666666667,2.3125,61.875,8.25,2010-05-04
"20100505","NOIRMOUTIER EN",47.004667,-2.257167,10.5541666666667,4.20416666666667,65.5,7.07916666666667,2010-05-05
"20100506","NOIRMOUTIER EN",47.004667,-2.257167,11.4583333333333,7.97916666666667,79.625,4.48333333333333,2010-05-06
"20100507","NOIRMOUTIER EN",47.004667,-2.257167,11.0791666666667,3.90416666666667,62.4166666666667,3.67083333333333,2010-05-07
"20100508","NOIRMOUTIER EN",47.004667,-2.257167,10.9416666666667,8.15,83.375,3.19583333333333,2010-05-08
"20100509","NOIRMOUTIER EN",47.004667,-2.257167,11.3458333333333,10.1,92.25,4.27083333333333,2010-05-09
"20100510","NOIRMOUTIER EN",47.004667,-2.257167,12.4375,11.0458333333333,91.4166666666667,4.52083333333333,2010-05-10
"20100511","NOIRMOUTIER EN",47.004667,-2.257167,10.0833333333333,7.20416666666667,82.7083333333333,4.81666666666667,2010-05-11
"20100512","NOIRMOUTIER EN",47.004667,-2.257167,9.55833333333333,2.7125,63.5416666666667,4.425,2010-05-12
"20100513","NOIRMOUTIER EN",47.004667,-2.257167,9.675,4.1625,69.25,3.15416666666667,2010-05-13
"20100514","NOIRMOUTIER EN",47.004667,-2.257167,9.675,5.68333333333333,77.3333333333333,2.52916666666667,2010-05-14
"20100515","NOIRMOUTIER EN",47.004667,-2.257167,11.8625,8.64166666666667,81.0833333333333,3.41666666666667,2010-05-15
"20100516","NOIRMOUTIER EN",47.004667,-2.257167,11.8583333333333,9.07083333333333,83.625,4.50416666666667,2010-05-16
"20100517","NOIRMOUTIER EN",47.004667,-2.257167,12.6541666666667,10.1166666666667,85.125,4.9,2010-05-17
"20100518","NOIRMOUTIER EN",47.004667,-2.257167,13.2458333333333,9.7875,80.6666666666667,3.64583333333333,2010-05-18
"20100519","NOIRMOUTIER EN",47.004667,-2.257167,14.4625,10.1833333333333,76.2083333333333,3.67916666666667,2010-05-19
"20100520","NOIRMOUTIER EN",47.004667,-2.257167,16.0875,10.8541666666667,72.8333333333333,3.32916666666667,2010-05-20
"20100521","NOIRMOUTIER EN",47.004667,-2.257167,18.9791666666667,11.8416666666667,65.0833333333333,4.40833333333333,2010-05-21
"20100522","NOIRMOUTIER EN",47.004667,-2.257167,20.1625,12.2708333333333,62.0416666666667,4.52083333333333,2010-05-22
"20100523","NOIRMOUTIER EN",47.004667,-2.257167,21.2916666666667,11.1458333333333,54.7916666666667,4.40833333333333,2010-05-23
"20100524","NOIRMOUTIER EN",47.004667,-2.257167,20.7416666666667,13.2833333333333,63.4166666666667,2.66666666666667,2010-05-24
"20100525","NOIRMOUTIER EN",47.004667,-2.257167,16.275,15.5875,95.8333333333333,3.62083333333333,2010-05-25
"20100526","NOIRMOUTIER EN",47.004667,-2.257167,16.1958333333333,14.625,90.7916666666667,3.84166666666667,2010-05-26
"20100527","NOIRMOUTIER EN",47.004667,-2.257167,15.8375,13.3458333333333,85.375,4.74166666666667,2010-05-27
"20100528","NOIRMOUTIER EN",47.004667,-2.257167,14.7791666666667,7.60416666666667,63.4583333333333,3.8625,2010-05-28
"20100529","NOIRMOUTIER EN",47.004667,-2.257167,15.05,13.8208333333333,92.75,6.875,2010-05-29
"20100530","NOIRMOUTIER EN",47.004667,-2.257167,15.8291666666667,15.2125,96.3333333333333,7.08333333333333,2010-05-30
"20100531","NOIRMOUTIER EN",47.004667,-2.257167,15.4166666666667,14.9458333333333,97.0833333333333,4.82916666666667,2010-05-31
"20100601","NOIRMOUTIER EN",47.004667,-2.257167,15.6833333333333,15.2208333333333,97.1666666666667,4.52083333333333,2010-06-01
"20100602","NOIRMOUTIER EN",47.004667,-2.257167,15.5666666666667,11.9583333333333,79.7916666666667,3.37916666666667,2010-06-02
"20100603","NOIRMOUTIER EN",47.004667,-2.257167,19.3083333333333,12.7291666666667,68,3.82083333333333,2010-06-03
"20100604","NOIRMOUTIER EN",47.004667,-2.257167,20.2541666666667,14.9583333333333,72.5,3.025,2010-06-04
"20100605","NOIRMOUTIER EN",47.004667,-2.257167,17.675,15.3083333333333,86.8333333333333,2.9625,2010-06-05
"20100606","NOIRMOUTIER EN",47.004667,-2.257167,16.6083333333333,14.5,87.6666666666667,5.37916666666667,2010-06-06
"20100607","NOIRMOUTIER EN",47.004667,-2.257167,16.4583333333333,13.4875,83.125,3.62916666666667,2010-06-07
"20100608","NOIRMOUTIER EN",47.004667,-2.257167,16.3833333333333,15.1208333333333,92.25,5.39166666666667,2010-06-08
"20100609","NOIRMOUTIER EN",47.004667,-2.257167,16.8708333333333,15.4541666666667,91.625,2.225,2010-06-09
"20100610","NOIRMOUTIER EN",47.004667,-2.257167,18.7291666666667,15.3291666666667,82.8333333333333,3.8375,2010-06-10
"20100611","NOIRMOUTIER EN",47.004667,-2.257167,17.1666666666667,15.5958333333333,90.8333333333333,3.92083333333333,2010-06-11
"20100612","NOIRMOUTIER EN",47.004667,-2.257167,17.875,15.6125,87.2916666666667,3.49583333333333,2010-06-12
"20100613","NOIRMOUTIER EN",47.004667,-2.257167,15.5416666666667,12.5833333333333,82.75,4.70833333333333,2010-06-13
"20100614","NOIRMOUTIER EN",47.004667,-2.257167,15.0208333333333,11.5916666666667,80.3333333333333,4.725,2010-06-14
"20100615","NOIRMOUTIER EN",47.004667,-2.257167,15.5458333333333,13.125,85.8333333333333,6.4125,2010-06-15
"20100616","NOIRMOUTIER EN",47.004667,-2.257167,15.8166666666667,10.3041666666667,70.7083333333333,8.075,2010-06-16
"20100617","NOIRMOUTIER EN",47.004667,-2.257167,17.3,13.0875,77.125,4.4875,2010-06-17
"20100618","NOIRMOUTIER EN",47.004667,-2.257167,17.6083333333333,12.7708333333333,73.8333333333333,4.05416666666667,2010-06-18
"20100619","NOIRMOUTIER EN",47.004667,-2.257167,15.1875,10.9375,76.9583333333333,4.08333333333333,2010-06-19
"20100620","NOIRMOUTIER EN",47.004667,-2.257167,14.9208333333333,8.35,66.7916666666667,4.94583333333333,2010-06-20
"20100621","NOIRMOUTIER EN",47.004667,-2.257167,15.325,9.58333333333333,69.4583333333333,3.4625,2010-06-21
"20100622","NOIRMOUTIER EN",47.004667,-2.257167,17.95,13.2916666666667,75.25,3.275,2010-06-22
"20100623","NOIRMOUTIER EN",47.004667,-2.257167,20.0958333333333,14.2541666666667,70.3333333333333,3.12083333333333,2010-06-23
"20100624","NOIRMOUTIER EN",47.004667,-2.257167,21.2666666666667,13.9833333333333,64.7916666666667,3.57083333333333,2010-06-24
"20100625","NOIRMOUTIER EN",47.004667,-2.257167,20.7916666666667,14.0208333333333,66.375,3.86666666666667,2010-06-25
"20100626","NOIRMOUTIER EN",47.004667,-2.257167,21.7541666666667,14.9791666666667,67.625,3.5,2010-06-26
"20100627","NOIRMOUTIER EN",47.004667,-2.257167,20.9958333333333,16.6333333333333,76.7083333333333,3.50416666666667,2010-06-27
"20100628","NOIRMOUTIER EN",47.004667,-2.257167,20.0125,16.0416666666667,78.9583333333333,3.90833333333333,2010-06-28
"20100629","NOIRMOUTIER EN",47.004667,-2.257167,20.5041666666667,13.525,65.375,3.83333333333333,2010-06-29
"20100630","NOIRMOUTIER EN",47.004667,-2.257167,19.9541666666667,15.1041666666667,74.75,3.65,2010-06-30
"20100701","NOIRMOUTIER EN",47.004667,-2.257167,21.2458333333333,15.9458333333333,74.75,1.70416666666667,2010-07-01
"20100702","NOIRMOUTIER EN",47.004667,-2.257167,20.2291666666667,18.5708333333333,90.6666666666667,2.8875,2010-07-02
"20100703","NOIRMOUTIER EN",47.004667,-2.257167,19.1833333333333,15.5666666666667,80.0833333333333,4.09583333333333,2010-07-03
"20100704","NOIRMOUTIER EN",47.004667,-2.257167,18.7291666666667,14.3083333333333,76.2916666666667,5.00416666666667,2010-07-04
"20100705","NOIRMOUTIER EN",47.004667,-2.257167,19.2375,15.975,82.2916666666667,4.79583333333333,2010-07-05
"20100706","NOIRMOUTIER EN",47.004667,-2.257167,17.7625,12.8625,73.9166666666667,3.99166666666667,2010-07-06
"20100707","NOIRMOUTIER EN",47.004667,-2.257167,20.3291666666667,13.6166666666667,68.25,2.74583333333333,2010-07-07
"20100708","NOIRMOUTIER EN",47.004667,-2.257167,21.9666666666667,14.7541666666667,65.2916666666667,2.6875,2010-07-08
"20100709","NOIRMOUTIER EN",47.004667,-2.257167,21.2833333333333,17.6833333333333,80.5,4.19583333333333,2010-07-09
"20100710","NOIRMOUTIER EN",47.004667,-2.257167,20.25,17.0291666666667,82.4166666666667,3.44583333333333,2010-07-10
"20100711","NOIRMOUTIER EN",47.004667,-2.257167,20.7333333333333,18.0708333333333,85.1666666666667,3.2875,2010-07-11
"20100712","NOIRMOUTIER EN",47.004667,-2.257167,20.0583333333333,17.7208333333333,86.875,4.18333333333333,2010-07-12
"20100713","NOIRMOUTIER EN",47.004667,-2.257167,20.4458333333333,16.4541666666667,78.6666666666667,5.17916666666667,2010-07-13
"20100714","NOIRMOUTIER EN",47.004667,-2.257167,19.2291666666667,16.0666666666667,82.2083333333333,7.64583333333333,2010-07-14
"20100715","NOIRMOUTIER EN",47.004667,-2.257167,18.9416666666667,14.2291666666667,74.4166666666667,7.6,2010-07-15
"20100716","NOIRMOUTIER EN",47.004667,-2.257167,18.675,15.6875,83.4166666666667,6.20833333333333,2010-07-16
"20100717","NOIRMOUTIER EN",47.004667,-2.257167,17.5833333333333,13.375,76.875,4.29583333333333,2010-07-17
"20100718","NOIRMOUTIER EN",47.004667,-2.257167,19.2291666666667,12.7208333333333,68,3,2010-07-18
"20100719","NOIRMOUTIER EN",47.004667,-2.257167,21.3833333333333,13.35,63.9166666666667,3.1875,2010-07-19
"20100720","NOIRMOUTIER EN",47.004667,-2.257167,19.6375,16.8791666666667,84.4583333333333,3.75,2010-07-20
"20100721","NOIRMOUTIER EN",47.004667,-2.257167,19.1833333333333,15.5791666666667,80.625,4.92916666666667,2010-07-21
"20100722","NOIRMOUTIER EN",47.004667,-2.257167,18.7916666666667,13.8708333333333,73.3333333333333,5.62083333333333,2010-07-22
"20100723","NOIRMOUTIER EN",47.004667,-2.257167,18.2375,15.3291666666667,83.4583333333333,6.06666666666667,2010-07-23
"20100724","NOIRMOUTIER EN",47.004667,-2.257167,17.8416666666667,14.2875,80.0833333333333,2.9125,2010-07-24
"20100725","NOIRMOUTIER EN",47.004667,-2.257167,18.8541666666667,17.1375,90,4.24166666666667,2010-07-25
"20100726","NOIRMOUTIER EN",47.004667,-2.257167,18.8541666666667,16.7958333333333,88,4.19166666666667,2010-07-26
"20100727","NOIRMOUTIER EN",47.004667,-2.257167,18.9541666666667,17.1833333333333,89.7083333333333,3.2875,2010-07-27
"20100728","NOIRMOUTIER EN",47.004667,-2.257167,19.1583333333333,16.9,87.0416666666667,3.62916666666667,2010-07-28
"20100729","NOIRMOUTIER EN",47.004667,-2.257167,19.2041666666667,16.5291666666667,84.75,4.575,2010-07-29
"20100730","NOIRMOUTIER EN",47.004667,-2.257167,18.1583333333333,14.6375,80.25,4.00416666666667,2010-07-30
"20100731","NOIRMOUTIER EN",47.004667,-2.257167,19.1333333333333,17.1375,88.625,3.2,2010-07-31
"20100801","NOIRMOUTIER EN",47.004667,-2.257167,18.6291666666667,15.275,81.3333333333333,3.53333333333333,2010-08-01
"20100802","NOIRMOUTIER EN",47.004667,-2.257167,18.9791666666667,16.625,86.7083333333333,3.6125,2010-08-02
"20100803","NOIRMOUTIER EN",47.004667,-2.257167,18.525,14.6041666666667,78.4583333333333,3.20416666666667,2010-08-03
"20100804","NOIRMOUTIER EN",47.004667,-2.257167,18.2625,15.9041666666667,86.375,6.08333333333333,2010-08-04
"20100805","NOIRMOUTIER EN",47.004667,-2.257167,17.5666666666667,13.8291666666667,79.1666666666667,5.8125,2010-08-05
"20100806","NOIRMOUTIER EN",47.004667,-2.257167,17.4875,13.425,78.25,2.40833333333333,2010-08-06
"20100807","NOIRMOUTIER EN",47.004667,-2.257167,17.9625,15.9458333333333,88.375,3.73333333333333,2010-08-07
"20100808","NOIRMOUTIER EN",47.004667,-2.257167,17.9416666666667,14.6083333333333,81.5,3.82916666666667,2010-08-08
"20100809","NOIRMOUTIER EN",47.004667,-2.257167,17.8208333333333,15.0625,84.6666666666667,4.65,2010-08-09
"20100810","NOIRMOUTIER EN",47.004667,-2.257167,18.9416666666667,17.4208333333333,90.9583333333333,4.21666666666667,2010-08-10
"20100811","NOIRMOUTIER EN",47.004667,-2.257167,18.2416666666667,16.6791666666667,90.9583333333333,5.4625,2010-08-11
"20100812","NOIRMOUTIER EN",47.004667,-2.257167,17.5833333333333,14.2583333333333,81.2083333333333,4.34583333333333,2010-08-12
"20100813","NOIRMOUTIER EN",47.004667,-2.257167,16.5333333333333,12.9541666666667,79.5833333333333,4.24166666666667,2010-08-13
"20100814","NOIRMOUTIER EN",47.004667,-2.257167,15.1916666666667,13.1166666666667,87.75,3.1625,2010-08-14
"20100815","NOIRMOUTIER EN",47.004667,-2.257167,16.05,14.3958333333333,90.125,3.33333333333333,2010-08-15
"20100816","NOIRMOUTIER EN",47.004667,-2.257167,17.2208333333333,15.275,88.8333333333333,4.67916666666667,2010-08-16
"20100817","NOIRMOUTIER EN",47.004667,-2.257167,17.4916666666667,15.85,90.7083333333333,4.41666666666667,2010-08-17
"20100818","NOIRMOUTIER EN",47.004667,-2.257167,16.7916666666667,13.5458333333333,82.0833333333333,3.9375,2010-08-18
"20100819","NOIRMOUTIER EN",47.004667,-2.257167,18.2958333333333,15.5291666666667,84.9166666666667,3.09166666666667,2010-08-19
"20100820","NOIRMOUTIER EN",47.004667,-2.257167,19.5416666666667,17.3958333333333,88.2916666666667,2.94583333333333,2010-08-20
"20100821","NOIRMOUTIER EN",47.004667,-2.257167,20.4583333333333,18.6708333333333,89.875,2.79166666666667,2010-08-21
"20100822","NOIRMOUTIER EN",47.004667,-2.257167,19.9708333333333,18.2666666666667,90.5,2.825,2010-08-22
"20100823","NOIRMOUTIER EN",47.004667,-2.257167,18.6583333333333,18.3958333333333,98.375,5.23333333333333,2010-08-23
"20100824","NOIRMOUTIER EN",47.004667,-2.257167,17.2833333333333,13.4,78.3333333333333,3.175,2010-08-24
"20100825","NOIRMOUTIER EN",47.004667,-2.257167,18.5833333333333,17.5375,93.7916666666667,5.22083333333333,2010-08-25
"20100826","NOIRMOUTIER EN",47.004667,-2.257167,20.2833333333333,19.9166666666667,97.7916666666667,4.95833333333333,2010-08-26
"20100827","NOIRMOUTIER EN",47.004667,-2.257167,19,17.1666666666667,89.4166666666667,6.19166666666667,2010-08-27
"20100828","NOIRMOUTIER EN",47.004667,-2.257167,16.7833333333333,13.3,80.625,4.12916666666667,2010-08-28
"20100829","NOIRMOUTIER EN",47.004667,-2.257167,16.1333333333333,12.7791666666667,80.875,4.4125,2010-08-29
"20100830","NOIRMOUTIER EN",47.004667,-2.257167,17.1333333333333,10,65.2083333333333,3.9875,2010-08-30
"20100831","NOIRMOUTIER EN",47.004667,-2.257167,17.9958333333333,9.55,60.125,5.18333333333333,2010-08-31
"20100901","NOIRMOUTIER EN",47.004667,-2.257167,19.3375,8.825,52.625,5.63333333333333,2010-09-01
"20100902","NOIRMOUTIER EN",47.004667,-2.257167,19.2708333333333,11.9375,64.25,4.2125,2010-09-02
"20100903","NOIRMOUTIER EN",47.004667,-2.257167,20.6708333333333,13.4291666666667,65.0833333333333,3.44166666666667,2010-09-03
"20100904","NOIRMOUTIER EN",47.004667,-2.257167,18.7,16.2125,86.25,1.79166666666667,2010-09-04
"20100905","NOIRMOUTIER EN",47.004667,-2.257167,19.8166666666667,15.6916666666667,79.5416666666667,2.18333333333333,2010-09-05
"20100906","NOIRMOUTIER EN",47.004667,-2.257167,18.0791666666667,17.05,93.7916666666667,3.94583333333333,2010-09-06
"20100907","NOIRMOUTIER EN",47.004667,-2.257167,16.5666666666667,14.6,88.9166666666667,4,2010-09-07
"20100908","NOIRMOUTIER EN",47.004667,-2.257167,16.6208333333333,14.3208333333333,86.5833333333333,4.35833333333333,2010-09-08
"20100909","NOIRMOUTIER EN",47.004667,-2.257167,17.3458333333333,15.5666666666667,89.5416666666667,4.44583333333333,2010-09-09
"20100910","NOIRMOUTIER EN",47.004667,-2.257167,17.2583333333333,15.2875,88.8333333333333,2.70416666666667,2010-09-10
"20100911","NOIRMOUTIER EN",47.004667,-2.257167,17.7666666666667,15.8291666666667,89.1666666666667,2.4875,2010-09-11
"20100912","NOIRMOUTIER EN",47.004667,-2.257167,17.4291666666667,13.5166666666667,78.4166666666667,4.82083333333333,2010-09-12
"20100913","NOIRMOUTIER EN",47.004667,-2.257167,15.6791666666667,12.2916666666667,81,2.775,2010-09-13
"20100914","NOIRMOUTIER EN",47.004667,-2.257167,16.8708333333333,14.9583333333333,88.9583333333333,2.8875,2010-09-14
"20100915","NOIRMOUTIER EN",47.004667,-2.257167,16.9416666666667,15.0625,88.9583333333333,4.67916666666667,2010-09-15
"20100916","NOIRMOUTIER EN",47.004667,-2.257167,15.8041666666667,11.0291666666667,73.8333333333333,2.95416666666667,2010-09-16
"20100917","NOIRMOUTIER EN",47.004667,-2.257167,15.8041666666667,10.6875,72.5833333333333,3.31666666666667,2010-09-17
"20100918","NOIRMOUTIER EN",47.004667,-2.257167,14.8875,8.79583333333333,68,3.68333333333333,2010-09-18
"20100919","NOIRMOUTIER EN",47.004667,-2.257167,14.8875,9.9,73.875,1.91666666666667,2010-09-19
"20100920","NOIRMOUTIER EN",47.004667,-2.257167,15.0208333333333,10.1958333333333,75.7083333333333,1.9625,2010-09-20
"20100921","NOIRMOUTIER EN",47.004667,-2.257167,17.9541666666667,10.7333333333333,64.75,2.22916666666667,2010-09-21
"20100922","NOIRMOUTIER EN",47.004667,-2.257167,17.3833333333333,15.7458333333333,90.5833333333333,1.30416666666667,2010-09-22
"20100923","NOIRMOUTIER EN",47.004667,-2.257167,18.175,17.2291666666667,94.4583333333333,4.40833333333333,2010-09-23
"20100924","NOIRMOUTIER EN",47.004667,-2.257167,16.1416666666667,13.1041666666667,82.375,5.95833333333333,2010-09-24
"20100925","NOIRMOUTIER EN",47.004667,-2.257167,13.3458333333333,7.55,68.9166666666667,4.87916666666667,2010-09-25
"20100926","NOIRMOUTIER EN",47.004667,-2.257167,12.3333333333333,6.1625,66.5,3.45416666666667,2010-09-26
"20100927","NOIRMOUTIER EN",47.004667,-2.257167,12.5541666666667,7.3,70.8333333333333,3.375,2010-09-27
"20100928","NOIRMOUTIER EN",47.004667,-2.257167,13.3291666666667,9.87083333333333,81.0416666666667,1.59166666666667,2010-09-28
"20100929","NOIRMOUTIER EN",47.004667,-2.257167,14.8166666666667,13.1541666666667,90.125,4.10416666666667,2010-09-29
"20100930","NOIRMOUTIER EN",47.004667,-2.257167,14.6333333333333,12.6125,87.9583333333333,2.6625,2010-09-30
"20101001","NOIRMOUTIER EN",47.004667,-2.257167,16.25,15.4083333333333,94.9166666666667,8.5,2010-10-01
"20101002","NOIRMOUTIER EN",47.004667,-2.257167,17.7875,16.5833333333333,92.75,6.4375,2010-10-02
"20101003","NOIRMOUTIER EN",47.004667,-2.257167,16.7875,15.5833333333333,92.7916666666667,4.8125,2010-10-03
"20101004","NOIRMOUTIER EN",47.004667,-2.257167,15.7875,14.7333333333333,93.7083333333333,6.41666666666667,2010-10-04
"20101005","NOIRMOUTIER EN",47.004667,-2.257167,16.425,16.2458333333333,98.875,6.72083333333333,2010-10-05
"20101006","NOIRMOUTIER EN",47.004667,-2.257167,15.5125,14.2375,92.3333333333333,2.67916666666667,2010-10-06
"20101007","NOIRMOUTIER EN",47.004667,-2.257167,17.6083333333333,15.5416666666667,88,3.12083333333333,2010-10-07
"20101008","NOIRMOUTIER EN",47.004667,-2.257167,19.9833333333333,16.2583333333333,79.7916666666667,3.6125,2010-10-08
"20101009","NOIRMOUTIER EN",47.004667,-2.257167,19.6416666666667,16.3458333333333,81.8333333333333,3.07083333333333,2010-10-09
"20101010","NOIRMOUTIER EN",47.004667,-2.257167,18.3875,16.2916666666667,87.7916666666667,3.3875,2010-10-10
"20101011","NOIRMOUTIER EN",47.004667,-2.257167,14.4,8.54166666666667,68.25,6.02916666666667,2010-10-11
"20101012","NOIRMOUTIER EN",47.004667,-2.257167,14.5083333333333,8.82083333333333,69.1666666666667,5.60833333333333,2010-10-12
"20101013","NOIRMOUTIER EN",47.004667,-2.257167,12.4833333333333,7.26666666666667,71.6666666666667,5.89166666666667,2010-10-13
"20101014","NOIRMOUTIER EN",47.004667,-2.257167,12.4416666666667,9.35416666666667,81.5833333333333,4.22916666666667,2010-10-14
"20101015","NOIRMOUTIER EN",47.004667,-2.257167,12.6083333333333,9.10833333333333,79.4166666666667,3.79166666666667,2010-10-15
"20101016","NOIRMOUTIER EN",47.004667,-2.257167,13.2541666666667,8.34166666666667,72.7083333333333,4.79166666666667,2010-10-16
"20101017","NOIRMOUTIER EN",47.004667,-2.257167,10.8708333333333,4.88333333333333,67.5416666666667,4.3375,2010-10-17
"20101018","NOIRMOUTIER EN",47.004667,-2.257167,11.4083333333333,7.6,77.875,2.94166666666667,2010-10-18
"20101019","NOIRMOUTIER EN",47.004667,-2.257167,13.8333333333333,10.5708333333333,80.9583333333333,6.375,2010-10-19
"20101020","NOIRMOUTIER EN",47.004667,-2.257167,11.8041666666667,6.49583333333333,70.4583333333333,3.58333333333333,2010-10-20
"20101021","NOIRMOUTIER EN",47.004667,-2.257167,9.34166666666667,3.15416666666667,65.75,2.975,2010-10-21
"20101022","NOIRMOUTIER EN",47.004667,-2.257167,8.50416666666667,2.87083333333333,68.75,1.78333333333333,2010-10-22
"20101023","NOIRMOUTIER EN",47.004667,-2.257167,12.8916666666667,9.5375,80.2916666666667,6.64166666666667,2010-10-23
"20101024","NOIRMOUTIER EN",47.004667,-2.257167,11.7541666666667,8.24583333333333,79.5416666666667,2.89166666666667,2010-10-24
"20101025","NOIRMOUTIER EN",47.004667,-2.257167,9.14583333333333,3.93333333333333,71.125,3.67083333333333,2010-10-25
"20101026","NOIRMOUTIER EN",47.004667,-2.257167,8.91666666666667,5.62083333333333,80.5416666666667,2.90833333333333,2010-10-26
"20101027","NOIRMOUTIER EN",47.004667,-2.257167,13.1416666666667,10.525,84.5833333333333,4.40833333333333,2010-10-27
"20101028","NOIRMOUTIER EN",47.004667,-2.257167,11.7625,11.6625,99.4166666666667,2.85416666666667,2010-10-28
"20101029","NOIRMOUTIER EN",47.004667,-2.257167,13.45,12.05,91.4166666666667,5.48333333333333,2010-10-29
"20101030","NOIRMOUTIER EN",47.004667,-2.257167,13.25,10.9041666666667,86.0416666666667,5.48333333333333,2010-10-30
"20101031","NOIRMOUTIER EN",47.004667,-2.257167,13.275,11.8958333333333,91.5,3.81666666666667,2010-10-31
"20101101","NOIRMOUTIER EN",47.004667,-2.257167,13.2333333333333,11.9916666666667,92.3333333333333,3.60833333333333,2010-11-01
"20101102","NOIRMOUTIER EN",47.004667,-2.257167,14.0541666666667,13.55,96.75,4.53333333333333,2010-11-02
"20101103","NOIRMOUTIER EN",47.004667,-2.257167,14.9625,14.6166666666667,97.8333333333333,4.62916666666667,2010-11-03
"20101104","NOIRMOUTIER EN",47.004667,-2.257167,15.0875,14.7875,98.1666666666667,4.0625,2010-11-04
"20101105","NOIRMOUTIER EN",47.004667,-2.257167,14.7875,13.7583333333333,93.7083333333333,3.18333333333333,2010-11-05
"20101106","NOIRMOUTIER EN",47.004667,-2.257167,13.825,12.7666666666667,93.4583333333333,4.79166666666667,2010-11-06
"20101107","NOIRMOUTIER EN",47.004667,-2.257167,9.90416666666667,5.3625,73.5833333333333,5.14166666666667,2010-11-07
"20101108","NOIRMOUTIER EN",47.004667,-2.257167,11.2625,8.19166666666667,81.875,10.0041666666667,2010-11-08
"20101109","NOIRMOUTIER EN",47.004667,-2.257167,10.8541666666667,8.5,85.4583333333333,7.85,2010-11-09
"20101110","NOIRMOUTIER EN",47.004667,-2.257167,9.2875,5.63333333333333,78.375,4.95416666666667,2010-11-10
"20101111","NOIRMOUTIER EN",47.004667,-2.257167,13.4416666666667,12.3083333333333,93.2083333333333,11.0125,2010-11-11
"20101112","NOIRMOUTIER EN",47.004667,-2.257167,14.6791666666667,14.1833333333333,97,10.5333333333333,2010-11-12
"20101113","NOIRMOUTIER EN",47.004667,-2.257167,14.9541666666667,13.8416666666667,93.0833333333333,11.4041666666667,2010-11-13
"20101114","NOIRMOUTIER EN",47.004667,-2.257167,11.6208333333333,9.22083333333333,85.7083333333333,5.75,2010-11-14
"20101115","NOIRMOUTIER EN",47.004667,-2.257167,9.99166666666667,8.02916666666667,87.7083333333333,2.54583333333333,2010-11-15
"20101116","NOIRMOUTIER EN",47.004667,-2.257167,8.64166666666667,7.54583333333333,93.0833333333333,2.82916666666667,2010-11-16
"20101117","NOIRMOUTIER EN",47.004667,-2.257167,8.9875,7.63333333333333,91.3333333333333,4.40833333333333,2010-11-17
"20101118","NOIRMOUTIER EN",47.004667,-2.257167,10.2916666666667,7.89583333333333,85.2916666666667,3.12916666666667,2010-11-18
"20101119","NOIRMOUTIER EN",47.004667,-2.257167,10.1125,9.60416666666667,96.7083333333333,3.12916666666667,2010-11-19
"20101120","NOIRMOUTIER EN",47.004667,-2.257167,9.29583333333333,8.275,93.375,5.64166666666667,2010-11-20
"20101121","NOIRMOUTIER EN",47.004667,-2.257167,7.99166666666667,6.375,89.8333333333333,5.27916666666667,2010-11-21
"20101122","NOIRMOUTIER EN",47.004667,-2.257167,8.4,5.6375,82.875,3.375,2010-11-22
"20101123","NOIRMOUTIER EN",47.004667,-2.257167,6.27916666666667,4.55,89.125,1.325,2010-11-23
"20101124","NOIRMOUTIER EN",47.004667,-2.257167,6.04166666666667,4.30416666666667,89.0416666666667,1.7375,2010-11-24
"20101125","NOIRMOUTIER EN",47.004667,-2.257167,5.74583333333333,2.725,81.375,4.75416666666667,2010-11-25
"20101126","NOIRMOUTIER EN",47.004667,-2.257167,4.67083333333333,1.45,80.4583333333333,3.19583333333333,2010-11-26
"20101127","NOIRMOUTIER EN",47.004667,-2.257167,4.23333333333333,2.44166666666667,88.375,1.80833333333333,2010-11-27
"20101128","NOIRMOUTIER EN",47.004667,-2.257167,2.54166666666667,1.55416666666667,93.125,3.6,2010-11-28
"20101129","NOIRMOUTIER EN",47.004667,-2.257167,0.679166666666667,-1.29583333333333,87.1666666666667,4.45416666666667,2010-11-29
"20101130","NOIRMOUTIER EN",47.004667,-2.257167,0.0208333333333333,-4.55,71.7916666666667,7.38333333333333,2010-11-30
"20101201","NOIRMOUTIER EN",47.004667,-2.257167,-0.7,-4.03333333333333,78.7916666666667,4.475,2010-12-01
"20101202","NOIRMOUTIER EN",47.004667,-2.257167,2.775,-0.995833333333333,76.5833333333333,3.74583333333333,2010-12-02
"20101203","NOIRMOUTIER EN",47.004667,-2.257167,2.775,-0.741666666666667,78,3.90833333333333,2010-12-03
"20101204","NOIRMOUTIER EN",47.004667,-2.257167,8.6125,5.22083333333333,79.375,6.89166666666667,2010-12-04
"20101205","NOIRMOUTIER EN",47.004667,-2.257167,6.12916666666667,5.10833333333333,93.3333333333333,3.725,2010-12-05
"20101206","NOIRMOUTIER EN",47.004667,-2.257167,4.55,3.47083333333333,92.875,6.1125,2010-12-06
"20101207","NOIRMOUTIER EN",47.004667,-2.257167,3.54166666666667,3.00833333333333,96.375,5.35416666666667,2010-12-07
"20101208","NOIRMOUTIER EN",47.004667,-2.257167,3.8875,2.57916666666667,91.25,7.40833333333333,2010-12-08
"20101209","NOIRMOUTIER EN",47.004667,-2.257167,3.19583333333333,-0.35,78.0416666666667,3.875,2010-12-09
"20101210","NOIRMOUTIER EN",47.004667,-2.257167,1.7875,0.075,89.375,0.7875,2010-12-10
"20101211","NOIRMOUTIER EN",47.004667,-2.257167,3.2625,1.875,91.125,2.08333333333333,2010-12-11
"20101212","NOIRMOUTIER EN",47.004667,-2.257167,5.20833333333333,2.725,84.1666666666667,4.04166666666667,2010-12-12
"20101213","NOIRMOUTIER EN",47.004667,-2.257167,2.33333333333333,-0.3875,82.625,4.7125,2010-12-13
"20101214","NOIRMOUTIER EN",47.004667,-2.257167,2.475,-1.3875,76.1666666666667,4.00416666666667,2010-12-14
"20101215","NOIRMOUTIER EN",47.004667,-2.257167,2.32916666666667,-2.57083333333333,70.375,2.625,2010-12-15
"20101216","NOIRMOUTIER EN",47.004667,-2.257167,6.48333333333333,4.48333333333333,87.2083333333333,5.93333333333333,2010-12-16
"20101217","NOIRMOUTIER EN",47.004667,-2.257167,4.22083333333333,-0.3375,72.5833333333333,4.30833333333333,2010-12-17
"20101218","NOIRMOUTIER EN",47.004667,-2.257167,4.08333333333333,2.82083333333333,91.75,3.49583333333333,2010-12-18
"20101219","NOIRMOUTIER EN",47.004667,-2.257167,8.30416666666667,6.24166666666667,87.375,7.5125,2010-12-19
"20101220","NOIRMOUTIER EN",47.004667,-2.257167,8.30416666666667,7.39166666666667,94,4.05416666666667,2010-12-20
"20101221","NOIRMOUTIER EN",47.004667,-2.257167,5.93333333333333,5.74583333333333,98.875,2.79166666666667,2010-12-21
"20101222","NOIRMOUTIER EN",47.004667,-2.257167,3.80833333333333,2.84583333333333,93.375,7.25,2010-12-22
"20101223","NOIRMOUTIER EN",47.004667,-2.257167,3.9875,1.2375,82.4166666666667,8.00416666666667,2010-12-23
"20101224","NOIRMOUTIER EN",47.004667,-2.257167,3.9875,0.0166666666666667,75.5833333333333,6.58333333333333,2010-12-24
"20101225","NOIRMOUTIER EN",47.004667,-2.257167,2.72916666666667,-1.17916666666667,75.5,4.29583333333333,2010-12-25
"20101226","NOIRMOUTIER EN",47.004667,-2.257167,1.04166666666667,-2.51666666666667,77.5,3.02083333333333,2010-12-26
"20101227","NOIRMOUTIER EN",47.004667,-2.257167,2.1625,-2.525,71.7916666666667,4.0125,2010-12-27
"20101228","NOIRMOUTIER EN",47.004667,-2.257167,8.375,8.35416666666667,99.875,3.81666666666667,2010-12-28
"20101229","NOIRMOUTIER EN",47.004667,-2.257167,7.2875,6.68333333333333,95.9166666666667,3.92083333333333,2010-12-29
"20101230","NOIRMOUTIER EN",47.004667,-2.257167,6.38333333333333,5.81666666666667,96.125,4.775,2010-12-30
"20101231","NOIRMOUTIER EN",47.004667,-2.257167,4.6375,4.28333333333333,97.5833333333333,5.52916666666667,2010-12-31
"20110101","NOIRMOUTIER EN",47.004667,-2.257167,1.26666666666667,1.20416666666667,99.625,4.16666666666667,2011-01-01
"20110102","NOIRMOUTIER EN",47.004667,-2.257167,4.34166666666667,2.75833333333333,89.625,2.33333333333333,2011-01-02
"20110103","NOIRMOUTIER EN",47.004667,-2.257167,2.35833333333333,-1.05416666666667,78.4166666666667,1.5625,2011-01-03
"20110104","NOIRMOUTIER EN",47.004667,-2.257167,2.7625,-0.0583333333333333,81.7916666666667,3.15833333333333,2011-01-04
"20110105","NOIRMOUTIER EN",47.004667,-2.257167,6.6125,5.30833333333333,91.625,6.05,2011-01-05
"20110106","NOIRMOUTIER EN",47.004667,-2.257167,10.9625,10.9583333333333,100,7.52083333333333,2011-01-06
"20110107","NOIRMOUTIER EN",47.004667,-2.257167,10.6,9.5875,93.625,5.375,2011-01-07
"20110108","NOIRMOUTIER EN",47.004667,-2.257167,10.1041666666667,9,93.4166666666667,6.29166666666667,2011-01-08
"20110109","NOIRMOUTIER EN",47.004667,-2.257167,6.70833333333333,5.1625,90.2916666666667,2.05833333333333,2011-01-09
"20110110","NOIRMOUTIER EN",47.004667,-2.257167,7.6125,7.00833333333333,96,5.63333333333333,2011-01-10
"20110111","NOIRMOUTIER EN",47.004667,-2.257167,9.37916666666667,8.07083333333333,91.75,6.6125,2011-01-11
"20110112","NOIRMOUTIER EN",47.004667,-2.257167,10.5,10.4,99.5,5.69583333333333,2011-01-12
"20110113","NOIRMOUTIER EN",47.004667,-2.257167,11.3541666666667,10.7083333333333,96,6.25833333333333,2011-01-13
"20110114","NOIRMOUTIER EN",47.004667,-2.257167,10.85,9.92083333333333,94.0833333333333,6.1,2011-01-14
"20110115","NOIRMOUTIER EN",47.004667,-2.257167,10.1916666666667,10.0166666666667,98.9166666666667,4.8375,2011-01-15
"20110116","NOIRMOUTIER EN",47.004667,-2.257167,8.625,8.61666666666667,100,4.175,2011-01-16
"20110117","NOIRMOUTIER EN",47.004667,-2.257167,10.3416666666667,10.1125,98.5833333333333,4.95416666666667,2011-01-17
"20110118","NOIRMOUTIER EN",47.004667,-2.257167,8.2375,5.6625,83.875,5.15833333333333,2011-01-18
"20110119","NOIRMOUTIER EN",47.004667,-2.257167,4.7875,1.9625,82.2916666666667,4.72916666666667,2011-01-19
"20110120","NOIRMOUTIER EN",47.004667,-2.257167,4.73333333333333,2.5375,86,4.24166666666667,2011-01-20
"20110121","NOIRMOUTIER EN",47.004667,-2.257167,3.975,0.0666666666666667,76.4583333333333,4.9375,2011-01-21
"20110122","NOIRMOUTIER EN",47.004667,-2.257167,3.9625,1.05833333333333,81.5416666666667,5.54166666666667,2011-01-22
"20110123","NOIRMOUTIER EN",47.004667,-2.257167,5.72916666666667,2.55416666666667,80.125,5.24583333333333,2011-01-23
"20110124","NOIRMOUTIER EN",47.004667,-2.257167,6.6625,4.22916666666667,84.75,4.03333333333333,2011-01-24
"20110125","NOIRMOUTIER EN",47.004667,-2.257167,6.05416666666667,4.15833333333333,87.75,2.90833333333333,2011-01-25
"20110126","NOIRMOUTIER EN",47.004667,-2.257167,7.2125,6.96666666666667,98.5,3.6875,2011-01-26
"20110127","NOIRMOUTIER EN",47.004667,-2.257167,4.66666666666667,2.7625,87.6666666666667,6.95833333333333,2011-01-27
"20110128","NOIRMOUTIER EN",47.004667,-2.257167,2.47083333333333,-1.05416666666667,77.6666666666667,7.28333333333333,2011-01-28
"20110129","NOIRMOUTIER EN",47.004667,-2.257167,2.55,-0.3625,81.375,6.22083333333333,2011-01-29
"20110130","NOIRMOUTIER EN",47.004667,-2.257167,0.0625,-3.375,77.875,4.13333333333333,2011-01-30
"20110131","NOIRMOUTIER EN",47.004667,-2.257167,-0.808333333333333,-2.70833333333333,87.2083333333333,2.61666666666667,2011-01-31
"20110201","NOIRMOUTIER EN",47.004667,-2.257167,2.12916666666667,0.216666666666667,87.4583333333333,2.04166666666667,2011-02-01
"20110202","NOIRMOUTIER EN",47.004667,-2.257167,6.77916666666667,6.74583333333333,99.875,3.65416666666667,2011-02-02
"20110203","NOIRMOUTIER EN",47.004667,-2.257167,8.74166666666667,8.62916666666667,99.3333333333333,3.71666666666667,2011-02-03
"20110204","NOIRMOUTIER EN",47.004667,-2.257167,9.60416666666667,8.19583333333333,91.0416666666667,5.3625,2011-02-04
"20110205","NOIRMOUTIER EN",47.004667,-2.257167,9.79166666666667,7.8125,87.5416666666667,4.91666666666667,2011-02-05
"20110206","NOIRMOUTIER EN",47.004667,-2.257167,8.76666666666667,6.65833333333333,86.9166666666667,3.34166666666667,2011-02-06
"20110207","NOIRMOUTIER EN",47.004667,-2.257167,8.60416666666667,8.09166666666667,96.7083333333333,2.94583333333333,2011-02-07
"20110208","NOIRMOUTIER EN",47.004667,-2.257167,9.42916666666667,8.84583333333333,96.25,3.13333333333333,2011-02-08
"20110209","NOIRMOUTIER EN",47.004667,-2.257167,7.1375,6.425,95.2916666666667,3.16666666666667,2011-02-09
"20110210","NOIRMOUTIER EN",47.004667,-2.257167,10.1625,9.53333333333333,96,4.14166666666667,2011-02-10
"20110211","NOIRMOUTIER EN",47.004667,-2.257167,9.30833333333333,8.14583333333333,92.5833333333333,4.10833333333333,2011-02-11
"20110212","NOIRMOUTIER EN",47.004667,-2.257167,9.34166666666667,8.09166666666667,92.2916666666667,3.9375,2011-02-12
"20110213","NOIRMOUTIER EN",47.004667,-2.257167,8.47916666666667,7.9625,96.5833333333333,5.325,2011-02-13
"20110214","NOIRMOUTIER EN",47.004667,-2.257167,6.9,5.22916666666667,89.3333333333333,3.41666666666667,2011-02-14
"20110215","NOIRMOUTIER EN",47.004667,-2.257167,8.70416666666667,6.72083333333333,87.5833333333333,6.07916666666667,2011-02-15
"20110216","NOIRMOUTIER EN",47.004667,-2.257167,7.93333333333333,6.125,88.6666666666667,5.5,2011-02-16
"20110217","NOIRMOUTIER EN",47.004667,-2.257167,8.425,6.65,88.7916666666667,2.89583333333333,2011-02-17
"20110218","NOIRMOUTIER EN",47.004667,-2.257167,8.35,7.68333333333333,95.9166666666667,3.475,2011-02-18
"20110219","NOIRMOUTIER EN",47.004667,-2.257167,9.66666666666667,9.50833333333333,99,4.85416666666667,2011-02-19
"20110220","NOIRMOUTIER EN",47.004667,-2.257167,8.12916666666667,8.12083333333333,100,2.59583333333333,2011-02-20
"20110221","NOIRMOUTIER EN",47.004667,-2.257167,9.17916666666667,9.0875,99.4583333333333,4.76666666666667,2011-02-21
"20110227","NOIRMOUTIER EN",47.004667,-2.257167,8.22083333333333,5.55,83.375,6.0875,2011-02-27
"20110228","NOIRMOUTIER EN",47.004667,-2.257167,6.825,3.25416666666667,78.5416666666667,5.79583333333333,2011-02-28
"20110301","NOIRMOUTIER EN",47.004667,-2.257167,6.07083333333333,1.95,75.375,5.68333333333333,2011-03-01
"20110302","NOIRMOUTIER EN",47.004667,-2.257167,5.95416666666667,1.66666666666667,74.2916666666667,6.41666666666667,2011-03-02
"20110303","NOIRMOUTIER EN",47.004667,-2.257167,6.175,0.183333333333333,67.2083333333333,6.48333333333333,2011-03-03
"20110304","NOIRMOUTIER EN",47.004667,-2.257167,6.34166666666667,1.18333333333333,70.0416666666667,4.8875,2011-03-04
"20110305","NOIRMOUTIER EN",47.004667,-2.257167,6.90416666666667,2.675,74.875,3.69166666666667,2011-03-05
"20110306","NOIRMOUTIER EN",47.004667,-2.257167,6.19583333333333,1.525,72.7916666666667,5.2125,2011-03-06
"20110307","NOIRMOUTIER EN",47.004667,-2.257167,6.33333333333333,0.833333333333333,68.2916666666667,4.22083333333333,2011-03-07
"20110308","NOIRMOUTIER EN",47.004667,-2.257167,8.46666666666667,5.51666666666667,82,4.075,2011-03-08
"20110309","NOIRMOUTIER EN",47.004667,-2.257167,8.98333333333333,7.35416666666667,90,3.2375,2011-03-09
"20110310","NOIRMOUTIER EN",47.004667,-2.257167,8.64583333333333,6.82083333333333,88.75,3.03333333333333,2011-03-10
"20110311","NOIRMOUTIER EN",47.004667,-2.257167,9.20416666666667,6.32083333333333,83.625,2.09166666666667,2011-03-11
"20110312","NOIRMOUTIER EN",47.004667,-2.257167,9.975,7.6,85.3333333333333,5.94583333333333,2011-03-12
"20110313","NOIRMOUTIER EN",47.004667,-2.257167,10.2125,9.1,93.0416666666667,2.5375,2011-03-13
"20110314","NOIRMOUTIER EN",47.004667,-2.257167,11.5625,8.70833333333333,83.5416666666667,4.35833333333333,2011-03-14
"20110315","NOIRMOUTIER EN",47.004667,-2.257167,14.0625,9.33333333333333,73.75,3.6,2011-03-15
"20110316","NOIRMOUTIER EN",47.004667,-2.257167,12.275,8.53333333333333,78.3333333333333,4.79166666666667,2011-03-16
"20110317","NOIRMOUTIER EN",47.004667,-2.257167,9.93333333333333,7.37916666666667,84.4166666666667,5.84166666666667,2011-03-17
"20110318","NOIRMOUTIER EN",47.004667,-2.257167,11.2708333333333,10.5291666666667,95.4166666666667,5.40833333333333,2011-03-18
"20110319","NOIRMOUTIER EN",47.004667,-2.257167,9.02916666666667,4.09583333333333,71.7916666666667,4.45833333333333,2011-03-19
"20110320","NOIRMOUTIER EN",47.004667,-2.257167,9.27083333333333,3.30416666666667,67,3.51666666666667,2011-03-20
"20110321","NOIRMOUTIER EN",47.004667,-2.257167,10.225,1.79166666666667,57.4166666666667,4.1375,2011-03-21
"20110322","NOIRMOUTIER EN",47.004667,-2.257167,10.8041666666667,2.52916666666667,57.5833333333333,4.5875,2011-03-22
"20110323","NOIRMOUTIER EN",47.004667,-2.257167,12.4333333333333,3.55833333333333,56.0833333333333,3.99166666666667,2011-03-23
"20110324","NOIRMOUTIER EN",47.004667,-2.257167,12.4833333333333,3.55833333333333,57.25,3.10416666666667,2011-03-24
"20110325","NOIRMOUTIER EN",47.004667,-2.257167,12.2,7.65833333333333,74.5,3.1125,2011-03-25
"20110326","NOIRMOUTIER EN",47.004667,-2.257167,12.125,10,87.1666666666667,2.1375,2011-03-26
"20110327","NOIRMOUTIER EN",47.004667,-2.257167,12.2333333333333,11.3375,94.5416666666667,3.4,2011-03-27
"20110328","NOIRMOUTIER EN",47.004667,-2.257167,12.1583333333333,10.9666666666667,92.875,2.49583333333333,2011-03-28
"20110329","NOIRMOUTIER EN",47.004667,-2.257167,11.8541666666667,11.2125,95.9166666666667,4.77916666666667,2011-03-29
"20110330","NOIRMOUTIER EN",47.004667,-2.257167,11.4166666666667,10.9625,97.0833333333333,5.6125,2011-03-30
"20110331","NOIRMOUTIER EN",47.004667,-2.257167,12.5458333333333,12.25,98.125,6.46666666666667,2011-03-31
"20110401","NOIRMOUTIER EN",47.004667,-2.257167,15.6708333333333,12.35,81.7083333333333,4.4625,2011-04-01
"20110402","NOIRMOUTIER EN",47.004667,-2.257167,13.5666666666667,11.2416666666667,86.5416666666667,5.075,2011-04-02
"20110403","NOIRMOUTIER EN",47.004667,-2.257167,11.8583333333333,9.69583333333333,86.7916666666667,2.85416666666667,2011-04-03
"20110404","NOIRMOUTIER EN",47.004667,-2.257167,10.9791666666667,8.56666666666667,85.6666666666667,2.11666666666667,2011-04-04
"20110405","NOIRMOUTIER EN",47.004667,-2.257167,11.2458333333333,8.33333333333333,83.3333333333333,2.46666666666667,2011-04-05
"20110406","NOIRMOUTIER EN",47.004667,-2.257167,15.025,9.68333333333333,71.75,2.19583333333333,2011-04-06
"20110407","NOIRMOUTIER EN",47.004667,-2.257167,17.0916666666667,10.7791666666667,67.9583333333333,2.55833333333333,2011-04-07
"20110408","NOIRMOUTIER EN",47.004667,-2.257167,17.2291666666667,10.5166666666667,66.0833333333333,2.9375,2011-04-08
"20110409","NOIRMOUTIER EN",47.004667,-2.257167,16.775,11.8208333333333,74.0416666666667,3.59166666666667,2011-04-09
"20110410","NOIRMOUTIER EN",47.004667,-2.257167,13.6916666666667,12.3625,91.7083333333333,4.30416666666667,2011-04-10
"20110411","NOIRMOUTIER EN",47.004667,-2.257167,12.9458333333333,11.3541666666667,90.625,2.8,2011-04-11
"20110412","NOIRMOUTIER EN",47.004667,-2.257167,11.4625,5.18333333333333,66.5,4.84166666666667,2011-04-12
"20110413","NOIRMOUTIER EN",47.004667,-2.257167,10.7791666666667,4.00416666666667,63.5416666666667,2.8875,2011-04-13
"20110414","NOIRMOUTIER EN",47.004667,-2.257167,11.0666666666667,5.32083333333333,69.5,2.49583333333333,2011-04-14
"20110415","NOIRMOUTIER EN",47.004667,-2.257167,12.5041666666667,6.89583333333333,69.8333333333333,2.33333333333333,2011-04-15
"20110416","NOIRMOUTIER EN",47.004667,-2.257167,12.825,7.44166666666667,71.125,2.54583333333333,2011-04-16
"20110417","NOIRMOUTIER EN",47.004667,-2.257167,14.4583333333333,5.81666666666667,58.125,4.25833333333333,2011-04-17
"20110418","NOIRMOUTIER EN",47.004667,-2.257167,14.3708333333333,9.2625,72.2916666666667,4.3625,2011-04-18
"20110419","NOIRMOUTIER EN",47.004667,-2.257167,16.25,9.2125,65.5416666666667,2.66666666666667,2011-04-19
"20110420","NOIRMOUTIER EN",47.004667,-2.257167,16.1541666666667,8.80833333333333,63.3333333333333,2.20833333333333,2011-04-20
"20110421","NOIRMOUTIER EN",47.004667,-2.257167,16.5333333333333,10.8041666666667,69.6666666666667,2.85,2011-04-21
"20110422","NOIRMOUTIER EN",47.004667,-2.257167,16.2958333333333,9.53333333333333,65.5416666666667,2.975,2011-04-22
"20110423","NOIRMOUTIER EN",47.004667,-2.257167,15.9,11.6875,77.25,2.84166666666667,2011-04-23
"20110424","NOIRMOUTIER EN",47.004667,-2.257167,16.1,12.8708333333333,81.3333333333333,3.525,2011-04-24
"20110425","NOIRMOUTIER EN",47.004667,-2.257167,17.0625,12.4666666666667,75.5,3.47083333333333,2011-04-25
"20110426","NOIRMOUTIER EN",47.004667,-2.257167,17.1583333333333,11.25,69.625,4.09166666666667,2011-04-26
"20110427","NOIRMOUTIER EN",47.004667,-2.257167,15.5791666666667,10.1458333333333,70.75,4.93333333333333,2011-04-27
"20110428","NOIRMOUTIER EN",47.004667,-2.257167,13.0541666666667,6.39583333333333,64.4166666666667,4.775,2011-04-28
"20110429","NOIRMOUTIER EN",47.004667,-2.257167,13.075,8.6375,74.9583333333333,3.525,2011-04-29
"20110430","NOIRMOUTIER EN",47.004667,-2.257167,15.1041666666667,11.1125,77.7083333333333,3.1125,2011-04-30
"20110501","NOIRMOUTIER EN",47.004667,-2.257167,15.2125,13.4041666666667,89.2083333333333,2.69583333333333,2011-05-01
"20110502","NOIRMOUTIER EN",47.004667,-2.257167,16.5458333333333,14.2583333333333,86.7916666666667,2.66666666666667,2011-05-02
"20110503","NOIRMOUTIER EN",47.004667,-2.257167,14.4666666666667,12.7208333333333,89.6666666666667,2.925,2011-05-03
"20110504","NOIRMOUTIER EN",47.004667,-2.257167,15.0375,12.2583333333333,84.2916666666667,2.02083333333333,2011-05-04
"20110505","NOIRMOUTIER EN",47.004667,-2.257167,15.4916666666667,10.6291666666667,76.3333333333333,2.05,2011-05-05
"20110506","NOIRMOUTIER EN",47.004667,-2.257167,17.2208333333333,12.9791666666667,77.25,3.3375,2011-05-06
"20110507","NOIRMOUTIER EN",47.004667,-2.257167,17.35,14.0958333333333,81.5833333333333,6.42916666666667,2011-05-07
"20110508","NOIRMOUTIER EN",47.004667,-2.257167,15.0208333333333,11.3916666666667,79.4166666666667,4.12916666666667,2011-05-08
"20110509","NOIRMOUTIER EN",47.004667,-2.257167,15.9458333333333,10.675,72.0833333333333,3.3125,2011-05-09
"20110510","NOIRMOUTIER EN",47.004667,-2.257167,15.1833333333333,11.0333333333333,77.2083333333333,2.99166666666667,2011-05-10
"20110511","NOIRMOUTIER EN",47.004667,-2.257167,16.1583333333333,10.475,70.0416666666667,4.35833333333333,2011-05-11
"20110512","NOIRMOUTIER EN",47.004667,-2.257167,14.4333333333333,9.00416666666667,70.375,4.875,2011-05-12
"20110513","NOIRMOUTIER EN",47.004667,-2.257167,14.85,9.15833333333333,69.625,4.64166666666667,2011-05-13
"20110514","NOIRMOUTIER EN",47.004667,-2.257167,14.2125,8.475,69,5.6,2011-05-14
"20110515","NOIRMOUTIER EN",47.004667,-2.257167,14.0125,9.11666666666667,73.1666666666667,4.76666666666667,2011-05-15
"20110516","NOIRMOUTIER EN",47.004667,-2.257167,13.65,9.18333333333333,75,3.25833333333333,2011-05-16
"20110517","NOIRMOUTIER EN",47.004667,-2.257167,14.5625,11.8541666666667,84.3333333333333,3.58333333333333,2011-05-17
"20110518","NOIRMOUTIER EN",47.004667,-2.257167,16.35,11.9958333333333,76.7916666666667,3.20416666666667,2011-05-18
"20110519","NOIRMOUTIER EN",47.004667,-2.257167,16.0125,12.5291666666667,80.5416666666667,4.65416666666667,2011-05-19
"20110520","NOIRMOUTIER EN",47.004667,-2.257167,15.2166666666667,10.1625,72.5,4.025,2011-05-20
"20110521","NOIRMOUTIER EN",47.004667,-2.257167,15.75,10.8416666666667,73.0833333333333,3.475,2011-05-21
"20110522","NOIRMOUTIER EN",47.004667,-2.257167,15.2291666666667,11.1041666666667,77.1666666666667,5.26666666666667,2011-05-22
"20110523","NOIRMOUTIER EN",47.004667,-2.257167,14.75,11.0625,79.625,3.14166666666667,2011-05-23
"20110524","NOIRMOUTIER EN",47.004667,-2.257167,15.2916666666667,9.5375,69.875,4.77916666666667,2011-05-24
"20110525","NOIRMOUTIER EN",47.004667,-2.257167,16.6791666666667,9.075,62.625,4.2875,2011-05-25
"20110526","NOIRMOUTIER EN",47.004667,-2.257167,14.5208333333333,9.36666666666667,71.4166666666667,7.4,2011-05-26
"20110527","NOIRMOUTIER EN",47.004667,-2.257167,14.1625,8.59583333333333,69.75,5.25,2011-05-27
"20110528","NOIRMOUTIER EN",47.004667,-2.257167,13.5,7.825,68.9166666666667,3.725,2011-05-28
"20110529","NOIRMOUTIER EN",47.004667,-2.257167,14.6208333333333,10.4958333333333,77.125,2.6625,2011-05-29
"20110530","NOIRMOUTIER EN",47.004667,-2.257167,14.6791666666667,12.7291666666667,88.2083333333333,4.3,2011-05-30
"20110531","NOIRMOUTIER EN",47.004667,-2.257167,14.025,7.09583333333333,63.375,6.12083333333333,2011-05-31
"20110601","NOIRMOUTIER EN",47.004667,-2.257167,14.5875,8.875,69.0833333333333,5.57083333333333,2011-06-01
"20110602","NOIRMOUTIER EN",47.004667,-2.257167,18.1416666666667,8.72083333333333,57.375,5.575,2011-06-02
"20110603","NOIRMOUTIER EN",47.004667,-2.257167,21.6625,10.7833333333333,51.4166666666667,4.67916666666667,2011-06-03
"20110604","NOIRMOUTIER EN",47.004667,-2.257167,21.0708333333333,15.2,70.125,3.84583333333333,2011-06-04
"20110605","NOIRMOUTIER EN",47.004667,-2.257167,17.1125,16.2375,94.6666666666667,2.28333333333333,2011-06-05
"20110606","NOIRMOUTIER EN",47.004667,-2.257167,15.4416666666667,13.4208333333333,87.7916666666667,3.275,2011-06-06
"20110607","NOIRMOUTIER EN",47.004667,-2.257167,14.75,9.40833333333333,70.6666666666667,5.2625,2011-06-07
"20110608","NOIRMOUTIER EN",47.004667,-2.257167,14.2625,8.60833333333333,69.25,4.51666666666667,2011-06-08
"20110609","NOIRMOUTIER EN",47.004667,-2.257167,14.6291666666667,8.22083333333333,65.9583333333333,2.93333333333333,2011-06-09
"20110610","NOIRMOUTIER EN",47.004667,-2.257167,14.4375,9.45,73,3.88333333333333,2011-06-10
"20110611","NOIRMOUTIER EN",47.004667,-2.257167,13.5791666666667,7.21666666666667,65.9583333333333,2.9125,2011-06-11
"20110612","NOIRMOUTIER EN",47.004667,-2.257167,14.8458333333333,12.1625,84.0833333333333,5.2375,2011-06-12
"20110613","NOIRMOUTIER EN",47.004667,-2.257167,17.3375,16.2666666666667,93.5,5.22916666666667,2011-06-13
"20110614","NOIRMOUTIER EN",47.004667,-2.257167,18.0625,16.3958333333333,90.25,3.71666666666667,2011-06-14
"20110615","NOIRMOUTIER EN",47.004667,-2.257167,17.6541666666667,15.8083333333333,89.1666666666667,4.94583333333333,2011-06-15
"20110616","NOIRMOUTIER EN",47.004667,-2.257167,16.3208333333333,12.4208333333333,78.4583333333333,5.4875,2011-06-16
"20110617","NOIRMOUTIER EN",47.004667,-2.257167,15.7458333333333,13.6541666666667,87.625,8.775,2011-06-17
"20110618","NOIRMOUTIER EN",47.004667,-2.257167,15.15,11.2041666666667,77.6666666666667,8.6,2011-06-18
"20110619","NOIRMOUTIER EN",47.004667,-2.257167,15.9125,12.325,79.4166666666667,6.00416666666667,2011-06-19
"20110620","NOIRMOUTIER EN",47.004667,-2.257167,17.1,15.6875,91.625,6.43333333333333,2011-06-20
"20110621","NOIRMOUTIER EN",47.004667,-2.257167,17.025,15.8541666666667,93,5.15833333333333,2011-06-21
"20110622","NOIRMOUTIER EN",47.004667,-2.257167,16.9541666666667,13.3958333333333,80.25,7.4375,2011-06-22
"20110623","NOIRMOUTIER EN",47.004667,-2.257167,15.6916666666667,11.1625,74.75,5.85833333333333,2011-06-23
"20110624","NOIRMOUTIER EN",47.004667,-2.257167,15.5875,10.0625,70.375,3.29166666666667,2011-06-24
"20110625","NOIRMOUTIER EN",47.004667,-2.257167,18.0916666666667,13.4583333333333,75.3333333333333,2.3125,2011-06-25
"20110626","NOIRMOUTIER EN",47.004667,-2.257167,25.1833333333333,15.7625,59,3.47916666666667,2011-06-26
"20110627","NOIRMOUTIER EN",47.004667,-2.257167,21.8916666666667,17.4958333333333,78.3333333333333,2.72083333333333,2011-06-27
"20110628","NOIRMOUTIER EN",47.004667,-2.257167,17.7791666666667,14.8541666666667,83.7916666666667,5.10416666666667,2011-06-28
"20110629","NOIRMOUTIER EN",47.004667,-2.257167,15.8,9.79583333333333,67.7916666666667,6.30833333333333,2011-06-29
"20110630","NOIRMOUTIER EN",47.004667,-2.257167,15.775,10.2166666666667,70,4.84166666666667,2011-06-30
"20110701","NOIRMOUTIER EN",47.004667,-2.257167,16.9291666666667,10.9291666666667,69,4.72916666666667,2011-07-01
"20110702","NOIRMOUTIER EN",47.004667,-2.257167,19.5833333333333,10.2583333333333,56.5416666666667,4.075,2011-07-02
"20110703","NOIRMOUTIER EN",47.004667,-2.257167,21.2041666666667,8.75416666666667,45.9166666666667,4.16666666666667,2011-07-03
"20110704","NOIRMOUTIER EN",47.004667,-2.257167,19.8833333333333,11.2083333333333,59.1666666666667,3.675,2011-07-04
"20110705","NOIRMOUTIER EN",47.004667,-2.257167,17.7958333333333,15.95,89.4583333333333,4.5375,2011-07-05
"20110706","NOIRMOUTIER EN",47.004667,-2.257167,17.3,13.1791666666667,77.1666666666667,6.85416666666667,2011-07-06
"20110707","NOIRMOUTIER EN",47.004667,-2.257167,16.7416666666667,13.4541666666667,81.125,7.725,2011-07-07
"20110708","NOIRMOUTIER EN",47.004667,-2.257167,16.65,14.5083333333333,87.375,7.00833333333333,2011-07-08
"20110709","NOIRMOUTIER EN",47.004667,-2.257167,17.4166666666667,13.775,79.375,4.11666666666667,2011-07-09
"20110710","NOIRMOUTIER EN",47.004667,-2.257167,17.2,13.2291666666667,78.375,3.65,2011-07-10
"20110711","NOIRMOUTIER EN",47.004667,-2.257167,19.8625,12.5458333333333,64.2083333333333,4.44166666666667,2011-07-11
"20110712","NOIRMOUTIER EN",47.004667,-2.257167,17.775,15.3541666666667,86,4.02916666666667,2011-07-12
"20110713","NOIRMOUTIER EN",47.004667,-2.257167,18.05,14.5791666666667,80.5833333333333,5.86666666666667,2011-07-13
"20110714","NOIRMOUTIER EN",47.004667,-2.257167,17.75,12.1916666666667,70.9166666666667,3.45416666666667,2011-07-14
"20110715","NOIRMOUTIER EN",47.004667,-2.257167,17.6916666666667,14.2958333333333,80.8333333333333,4.10833333333333,2011-07-15
"20110716","NOIRMOUTIER EN",47.004667,-2.257167,17.1875,16.3375,94.9166666666667,7.7375,2011-07-16
"20110717","NOIRMOUTIER EN",47.004667,-2.257167,15.75,12.675,82.0833333333333,9.125,2011-07-17
"20110718","NOIRMOUTIER EN",47.004667,-2.257167,15.3333333333333,12.125,81.875,6.08333333333333,2011-07-18
"20110719","NOIRMOUTIER EN",47.004667,-2.257167,15.3958333333333,12.7458333333333,84.3333333333333,8.35,2011-07-19
"20110720","NOIRMOUTIER EN",47.004667,-2.257167,15.5875,14.2958333333333,92.25,5.77916666666667,2011-07-20
"20110721","NOIRMOUTIER EN",47.004667,-2.257167,16.6916666666667,14.0541666666667,84.7083333333333,5.425,2011-07-21
"20110722","NOIRMOUTIER EN",47.004667,-2.257167,16.1166666666667,13.4375,84.2916666666667,4.35416666666667,2011-07-22
"20110723","NOIRMOUTIER EN",47.004667,-2.257167,15.7791666666667,12.2541666666667,79.9583333333333,5.57916666666667,2011-07-23
"20110724","NOIRMOUTIER EN",47.004667,-2.257167,16.0875,14.3583333333333,89.6666666666667,4.49583333333333,2011-07-24
"20110725","NOIRMOUTIER EN",47.004667,-2.257167,17.1125,16.4625,96.0416666666667,4.71666666666667,2011-07-25
"20110726","NOIRMOUTIER EN",47.004667,-2.257167,18.15,16.2083333333333,88.875,3.04583333333333,2011-07-26
"20110727","NOIRMOUTIER EN",47.004667,-2.257167,18.7708333333333,14.2125,75.4583333333333,3.24166666666667,2011-07-27
"20110728","NOIRMOUTIER EN",47.004667,-2.257167,18.8791666666667,14.65,77.0833333333333,3.07083333333333,2011-07-28
"20110729","NOIRMOUTIER EN",47.004667,-2.257167,19.4833333333333,14.9333333333333,75.9583333333333,3.44583333333333,2011-07-29
"20110730","NOIRMOUTIER EN",47.004667,-2.257167,20.05,15.8375,77.875,2.85,2011-07-30
"20110731","NOIRMOUTIER EN",47.004667,-2.257167,18.475,16.3583333333333,88.0833333333333,2.25,2011-07-31
"20110801","NOIRMOUTIER EN",47.004667,-2.257167,19.8083333333333,14.2166666666667,72.9166666666667,2.38333333333333,2011-08-01
"20110802","NOIRMOUTIER EN",47.004667,-2.257167,20.6958333333333,16.1833333333333,76.0833333333333,2.59583333333333,2011-08-02
"20110803","NOIRMOUTIER EN",47.004667,-2.257167,19.5,17.4708333333333,88.5833333333333,4.6375,2011-08-03
"20110804","NOIRMOUTIER EN",47.004667,-2.257167,19.2791666666667,18.9291666666667,97.8333333333333,6.11666666666667,2011-08-04
"20110805","NOIRMOUTIER EN",47.004667,-2.257167,19,17.3916666666667,90.6666666666667,4.55416666666667,2011-08-05
"20110806","NOIRMOUTIER EN",47.004667,-2.257167,16.2791666666667,14.6958333333333,90.5,3.92083333333333,2011-08-06
"20110807","NOIRMOUTIER EN",47.004667,-2.257167,17.3041666666667,13.85,80.2083333333333,7.2375,2011-08-07
"20110808","NOIRMOUTIER EN",47.004667,-2.257167,17.3666666666667,13.2333333333333,76.875,9.525,2011-08-08
"20110809","NOIRMOUTIER EN",47.004667,-2.257167,17.4666666666667,13.9666666666667,80.0416666666667,5.075,2011-08-09
"20110810","NOIRMOUTIER EN",47.004667,-2.257167,17.3791666666667,12.5,74,2.54583333333333,2011-08-10
"20110811","NOIRMOUTIER EN",47.004667,-2.257167,17.4,14.9833333333333,86.1666666666667,3.67916666666667,2011-08-11
"20110812","NOIRMOUTIER EN",47.004667,-2.257167,18.5458333333333,16.8333333333333,90.0416666666667,5.34583333333333,2011-08-12
"20110813","NOIRMOUTIER EN",47.004667,-2.257167,18.5625,17.8916666666667,95.8333333333333,5.4875,2011-08-13
"20110814","NOIRMOUTIER EN",47.004667,-2.257167,17.85,16.9916666666667,95,2.69583333333333,2011-08-14
"20110815","NOIRMOUTIER EN",47.004667,-2.257167,17.2333333333333,13.0958333333333,77.125,3.7375,2011-08-15
"20110816","NOIRMOUTIER EN",47.004667,-2.257167,17.75,14.6833333333333,82.8333333333333,3.06666666666667,2011-08-16
"20110817","NOIRMOUTIER EN",47.004667,-2.257167,19.9916666666667,16.825,82.4166666666667,2.6875,2011-08-17
"20110818","NOIRMOUTIER EN",47.004667,-2.257167,18.9916666666667,16.8333333333333,87.6666666666667,4.02083333333333,2011-08-18
"20110819","NOIRMOUTIER EN",47.004667,-2.257167,18.9875,16.2541666666667,84.5416666666667,2.74166666666667,2011-08-19
"20110820","NOIRMOUTIER EN",47.004667,-2.257167,22.0708333333333,18.0208333333333,78.8333333333333,3.17916666666667,2011-08-20
"20110821","NOIRMOUTIER EN",47.004667,-2.257167,20.0833333333333,17.625,86.25,3.30416666666667,2011-08-21
"20110822","NOIRMOUTIER EN",47.004667,-2.257167,19.9916666666667,17.875,87.7916666666667,3.93333333333333,2011-08-22
"20110823","NOIRMOUTIER EN",47.004667,-2.257167,18.7833333333333,16.4666666666667,86.5416666666667,5.45833333333333,2011-08-23
"20110824","NOIRMOUTIER EN",47.004667,-2.257167,18.225,13.5083333333333,74.0833333333333,3.8625,2011-08-24
"20110825","NOIRMOUTIER EN",47.004667,-2.257167,17.9166666666667,15.1666666666667,84.375,4.19166666666667,2011-08-25
"20110826","NOIRMOUTIER EN",47.004667,-2.257167,16.5583333333333,12.9916666666667,80.0416666666667,5.45,2011-08-26
"20110827","NOIRMOUTIER EN",47.004667,-2.257167,16.9375,12.3208333333333,74.4166666666667,6.05416666666667,2011-08-27
"20110828","NOIRMOUTIER EN",47.004667,-2.257167,16.2708333333333,11.65,74.5,2.5,2011-08-28
"20110829","NOIRMOUTIER EN",47.004667,-2.257167,16.3541666666667,11.2583333333333,72.5416666666667,3.18333333333333,2011-08-29
"20110830","NOIRMOUTIER EN",47.004667,-2.257167,17.375,12.0125,71.8333333333333,3.675,2011-08-30
"20110831","NOIRMOUTIER EN",47.004667,-2.257167,18.8333333333333,13.6708333333333,72.375,4.54583333333333,2011-08-31
"20110901","NOIRMOUTIER EN",47.004667,-2.257167,20.225,17.8708333333333,87.25,1.95833333333333,2011-09-01
"20110902","NOIRMOUTIER EN",47.004667,-2.257167,18.4125,17.5375,94.8333333333333,2.34583333333333,2011-09-02
"20110903","NOIRMOUTIER EN",47.004667,-2.257167,18.325,16.7583333333333,90.9583333333333,4.23333333333333,2011-09-03
"20110904","NOIRMOUTIER EN",47.004667,-2.257167,17.8625,14.5166666666667,81.4583333333333,6.84166666666667,2011-09-04
"20110905","NOIRMOUTIER EN",47.004667,-2.257167,17.6416666666667,12.55,72.2916666666667,6.8125,2011-09-05
"20110906","NOIRMOUTIER EN",47.004667,-2.257167,18.8916666666667,15.7958333333333,82.3333333333333,9.5125,2011-09-06
"20110907","NOIRMOUTIER EN",47.004667,-2.257167,17.4833333333333,14.025,80.5833333333333,5.4,2011-09-07
"20110908","NOIRMOUTIER EN",47.004667,-2.257167,18.6458333333333,17.6166666666667,93.9166666666667,5.37916666666667,2011-09-08
"20110909","NOIRMOUTIER EN",47.004667,-2.257167,20.0666666666667,18.5125,91.3333333333333,3.17916666666667,2011-09-09
"20110910","NOIRMOUTIER EN",47.004667,-2.257167,19.2625,17.9,92.0416666666667,4.87916666666667,2011-09-10
"20110911","NOIRMOUTIER EN",47.004667,-2.257167,18,15.6666666666667,86.4583333333333,6.0125,2011-09-11
"20110912","NOIRMOUTIER EN",47.004667,-2.257167,19.3833333333333,18.4291666666667,94.1666666666667,7.75,2011-09-12
"20110913","NOIRMOUTIER EN",47.004667,-2.257167,17.1,14.6083333333333,85.8333333333333,4.22916666666667,2011-09-13
"20110914","NOIRMOUTIER EN",47.004667,-2.257167,15.6458333333333,9.9375,69.2083333333333,2.6125,2011-09-14
"20110915","NOIRMOUTIER EN",47.004667,-2.257167,17.8291666666667,11.9375,69.4166666666667,4.06666666666667,2011-09-15
"20110916","NOIRMOUTIER EN",47.004667,-2.257167,17.9208333333333,15.1,83.7916666666667,5.00416666666667,2011-09-16
"20110917","NOIRMOUTIER EN",47.004667,-2.257167,16.6916666666667,12.8458333333333,78.125,7.32083333333333,2011-09-17
"20110918","NOIRMOUTIER EN",47.004667,-2.257167,15.4833333333333,11.025,74.9583333333333,8.34583333333333,2011-09-18
"20110919","NOIRMOUTIER EN",47.004667,-2.257167,16.4708333333333,12.8541666666667,79.375,6.0375,2011-09-19
"20110920","NOIRMOUTIER EN",47.004667,-2.257167,17.3375,13.1125,76.375,2.075,2011-09-20
"20110921","NOIRMOUTIER EN",47.004667,-2.257167,16.9666666666667,13.65,81.2916666666667,2.00833333333333,2011-09-21
"20110922","NOIRMOUTIER EN",47.004667,-2.257167,15.9958333333333,11.9875,77.5,3.03333333333333,2011-09-22
"20110923","NOIRMOUTIER EN",47.004667,-2.257167,16.4208333333333,12.4416666666667,78.5,2.74166666666667,2011-09-23
"20110924","NOIRMOUTIER EN",47.004667,-2.257167,16.3,13.7125,85.375,2.14166666666667,2011-09-24
"20110925","NOIRMOUTIER EN",47.004667,-2.257167,17.3291666666667,15.9208333333333,91.9583333333333,3.22083333333333,2011-09-25
"20110926","NOIRMOUTIER EN",47.004667,-2.257167,18.7083333333333,17.3666666666667,92.5,2.19583333333333,2011-09-26
"20110927","NOIRMOUTIER EN",47.004667,-2.257167,21.8041666666667,16.4541666666667,74.1666666666667,2.34583333333333,2011-09-27
"20110928","NOIRMOUTIER EN",47.004667,-2.257167,20.5875,16.4791666666667,78.5416666666667,2.7375,2011-09-28
"20110929","NOIRMOUTIER EN",47.004667,-2.257167,17.9833333333333,16.6083333333333,91.9166666666667,2.48333333333333,2011-09-29
"20110930","NOIRMOUTIER EN",47.004667,-2.257167,20.2458333333333,14.6333333333333,72.4583333333333,3.39166666666667,2011-09-30
"20111001","NOIRMOUTIER EN",47.004667,-2.257167,20.4958333333333,13.0166666666667,64.625,2.65416666666667,2011-10-01
"20111002","NOIRMOUTIER EN",47.004667,-2.257167,19.8,13.8875,70.625,1.8875,2011-10-02
"20111003","NOIRMOUTIER EN",47.004667,-2.257167,17.8208333333333,15.5125,87.5833333333333,3.0625,2011-10-03
"20111004","NOIRMOUTIER EN",47.004667,-2.257167,18.6458333333333,16.8416666666667,89.4166666666667,3.59583333333333,2011-10-04
"20111005","NOIRMOUTIER EN",47.004667,-2.257167,18.9375,16.3166666666667,85.0416666666667,4.5,2011-10-05
"20111006","NOIRMOUTIER EN",47.004667,-2.257167,17.3666666666667,13.1958333333333,77.5,7.7625,2011-10-06
"20111007","NOIRMOUTIER EN",47.004667,-2.257167,14.5,7.55833333333333,63.2916666666667,6.35416666666667,2011-10-07
"20111008","NOIRMOUTIER EN",47.004667,-2.257167,14.875,9.99166666666667,72.875,5.15833333333333,2011-10-08
"20111009","NOIRMOUTIER EN",47.004667,-2.257167,16.5208333333333,14.275,86.6666666666667,5.95416666666667,2011-10-09
"20111010","NOIRMOUTIER EN",47.004667,-2.257167,16.3291666666667,13.8333333333333,85.1666666666667,3.98333333333333,2011-10-10
"20111011","NOIRMOUTIER EN",47.004667,-2.257167,16.125,13.6875,85.4583333333333,2.46666666666667,2011-10-11
"20111012","NOIRMOUTIER EN",47.004667,-2.257167,16.1666666666667,14.4916666666667,90.125,1.95,2011-10-12
"20111013","NOIRMOUTIER EN",47.004667,-2.257167,16.8,14.1208333333333,84.375,2.625,2011-10-13
"20111014","NOIRMOUTIER EN",47.004667,-2.257167,15.0291666666667,12.6916666666667,86.6666666666667,3.60416666666667,2011-10-14
"20111015","NOIRMOUTIER EN",47.004667,-2.257167,12.2291666666667,9.64583333333333,84.8333333333333,2.54583333333333,2011-10-15
"20111016","NOIRMOUTIER EN",47.004667,-2.257167,13.7875,11.025,84.1666666666667,2.40833333333333,2011-10-16
"20111017","NOIRMOUTIER EN",47.004667,-2.257167,15.4,13.2041666666667,87.0833333333333,2.6,2011-10-17
"20111018","NOIRMOUTIER EN",47.004667,-2.257167,14.9041666666667,12.8583333333333,87.8333333333333,4.4625,2011-10-18
"20111019","NOIRMOUTIER EN",47.004667,-2.257167,12.4833333333333,6.39583333333333,66.9583333333333,3.79583333333333,2011-10-19
"20111020","NOIRMOUTIER EN",47.004667,-2.257167,11.3375,5.32916666666667,67,2.46666666666667,2011-10-20
"20111021","NOIRMOUTIER EN",47.004667,-2.257167,10.4791666666667,4.3,66.8333333333333,3.0625,2011-10-21
"20111022","NOIRMOUTIER EN",47.004667,-2.257167,12.1791666666667,9.2875,82.7916666666667,4.62083333333333,2011-10-22
"20111023","NOIRMOUTIER EN",47.004667,-2.257167,16.5333333333333,11.6708333333333,73.7916666666667,7.55833333333333,2011-10-23
"20111024","NOIRMOUTIER EN",47.004667,-2.257167,15.45,12.2208333333333,81.375,8.40416666666667,2011-10-24
"20111025","NOIRMOUTIER EN",47.004667,-2.257167,12.8583333333333,8.42083333333333,74.625,6.15416666666667,2011-10-25
"20111026","NOIRMOUTIER EN",47.004667,-2.257167,14.3875,9.94583333333333,74.8333333333333,6.15416666666667,2011-10-26
"20111027","NOIRMOUTIER EN",47.004667,-2.257167,14.8833333333333,11.4333333333333,80.0833333333333,5.06666666666667,2011-10-27
"20111028","NOIRMOUTIER EN",47.004667,-2.257167,14.5541666666667,13.15,91.25,2.25,2011-10-28
"20111029","NOIRMOUTIER EN",47.004667,-2.257167,12.9166666666667,11.4625,91.4583333333333,1.67916666666667,2011-10-29
"20111030","NOIRMOUTIER EN",47.004667,-2.257167,14.7708333333333,12.7958333333333,88.1666666666667,2.725,2011-10-30
"20111031","NOIRMOUTIER EN",47.004667,-2.257167,14.4291666666667,13.2958333333333,93.1666666666667,4.05,2011-10-31
"20111101","NOIRMOUTIER EN",47.004667,-2.257167,14.8208333333333,11.5416666666667,81.2916666666667,3.82083333333333,2011-11-01
"20111102","NOIRMOUTIER EN",47.004667,-2.257167,15.5458333333333,13.5166666666667,87.8333333333333,6.52083333333333,2011-11-02
"20111103","NOIRMOUTIER EN",47.004667,-2.257167,16.1291666666667,14.4583333333333,90.0416666666667,4.46666666666667,2011-11-03
"20111104","NOIRMOUTIER EN",47.004667,-2.257167,13.5208333333333,11.5916666666667,88.5416666666667,3.5125,2011-11-04
"20111105","NOIRMOUTIER EN",47.004667,-2.257167,12.9166666666667,10.9708333333333,88.1666666666667,5.48333333333333,2011-11-05
"20111106","NOIRMOUTIER EN",47.004667,-2.257167,13.0208333333333,10.7125,85.9166666666667,6.575,2011-11-06
"20111107","NOIRMOUTIER EN",47.004667,-2.257167,12.4125,11.1833333333333,92.25,3.39166666666667,2011-11-07
"20111108","NOIRMOUTIER EN",47.004667,-2.257167,12,11.6791666666667,97.9583333333333,1.09583333333333,2011-11-08
"20111109","NOIRMOUTIER EN",47.004667,-2.257167,13.1083333333333,11.8666666666667,92.375,3.18333333333333,2011-11-09
"20111110","NOIRMOUTIER EN",47.004667,-2.257167,13.0166666666667,12.2583333333333,95.2916666666667,1.8,2011-11-10
"20111111","NOIRMOUTIER EN",47.004667,-2.257167,13.9583333333333,12.9958333333333,94.2083333333333,3.87916666666667,2011-11-11
"20111112","NOIRMOUTIER EN",47.004667,-2.257167,15.1791666666667,13.5625,90.4166666666667,2.87916666666667,2011-11-12
"20111113","NOIRMOUTIER EN",47.004667,-2.257167,15.175,12.4083333333333,83.7916666666667,4.04166666666667,2011-11-13
"20111114","NOIRMOUTIER EN",47.004667,-2.257167,13.6208333333333,9.09166666666667,74.4583333333333,4.0125,2011-11-14
"20111115","NOIRMOUTIER EN",47.004667,-2.257167,12.5625,10.5625,87.7083333333333,3.075,2011-11-15
"20111116","NOIRMOUTIER EN",47.004667,-2.257167,13.8125,12.6166666666667,92.5833333333333,3.7375,2011-11-16
"20111117","NOIRMOUTIER EN",47.004667,-2.257167,13.5333333333333,9.77083333333333,78.6666666666667,4.16666666666667,2011-11-17
"20111118","NOIRMOUTIER EN",47.004667,-2.257167,12.125,9.5375,84.625,4.09583333333333,2011-11-18
"20111119","NOIRMOUTIER EN",47.004667,-2.257167,12.35,9.625,84.0416666666667,3.76666666666667,2011-11-19
"20111120","NOIRMOUTIER EN",47.004667,-2.257167,12.6875,10.1791666666667,85.0833333333333,2.72083333333333,2011-11-20
"20111121","NOIRMOUTIER EN",47.004667,-2.257167,12.6458333333333,11.65,93.75,2.8875,2011-11-21
"20111122","NOIRMOUTIER EN",47.004667,-2.257167,12.9333333333333,11.45,91.0416666666667,2.15416666666667,2011-11-22
"20111123","NOIRMOUTIER EN",47.004667,-2.257167,12.2,10.5541666666667,90.0833333333333,2.525,2011-11-23
"20111124","NOIRMOUTIER EN",47.004667,-2.257167,8.83333333333333,8.64166666666667,98.7083333333333,1.66666666666667,2011-11-24
"20111125","NOIRMOUTIER EN",47.004667,-2.257167,11.6291666666667,11.05,96.3333333333333,2.30833333333333,2011-11-25
"20111126","NOIRMOUTIER EN",47.004667,-2.257167,10.3208333333333,10.2,99.375,1.875,2011-11-26
"20111127","NOIRMOUTIER EN",47.004667,-2.257167,13.9833333333333,11.975,88.125,3.51666666666667,2011-11-27
"20111128","NOIRMOUTIER EN",47.004667,-2.257167,12.4416666666667,12.0125,97.25,2.8375,2011-11-28
"20111129","NOIRMOUTIER EN",47.004667,-2.257167,12.7291666666667,10.075,84.1666666666667,6.22083333333333,2011-11-29
"20111130","NOIRMOUTIER EN",47.004667,-2.257167,11.5083333333333,8.625,83.125,4.03333333333333,2011-11-30
"20111201","NOIRMOUTIER EN",47.004667,-2.257167,14.1875,12.6,90.375,8.32916666666667,2011-12-01
"20111202","NOIRMOUTIER EN",47.004667,-2.257167,10.7875,6.675,76.0416666666667,3.99166666666667,2011-12-02
"20111203","NOIRMOUTIER EN",47.004667,-2.257167,12.9375,11.4958333333333,91.375,9.44583333333333,2011-12-03
"20111204","NOIRMOUTIER EN",47.004667,-2.257167,13.575,12.3125,92.25,9.46666666666667,2011-12-04
"20111205","NOIRMOUTIER EN",47.004667,-2.257167,10.2208333333333,6.02083333333333,75.5833333333333,6.025,2011-12-05
"20111206","NOIRMOUTIER EN",47.004667,-2.257167,10.6875,7.98333333333333,83.5,7.17083333333333,2011-12-06
"20111207","NOIRMOUTIER EN",47.004667,-2.257167,12.6041666666667,9.70833333333333,82.7083333333333,9.2375,2011-12-07
"20111208","NOIRMOUTIER EN",47.004667,-2.257167,12.5041666666667,10.2791666666667,86.5833333333333,6.175,2011-12-08
"20111209","NOIRMOUTIER EN",47.004667,-2.257167,11.4208333333333,10.3583333333333,93.5,5.52083333333333,2011-12-09
"20111210","NOIRMOUTIER EN",47.004667,-2.257167,8.90416666666667,7.17083333333333,89.1666666666667,3.14166666666667,2011-12-10
"20111211","NOIRMOUTIER EN",47.004667,-2.257167,9.8875,8.60833333333333,91.9166666666667,4.74166666666667,2011-12-11
"20111212","NOIRMOUTIER EN",47.004667,-2.257167,10.7208333333333,6.675,76.5833333333333,8.64166666666667,2011-12-12
"20111213","NOIRMOUTIER EN",47.004667,-2.257167,12.1125,8.89166666666667,81.125,12.3666666666667,2011-12-13
"20111214","NOIRMOUTIER EN",47.004667,-2.257167,9.80416666666667,5.6875,75.8333333333333,13.0083333333333,2011-12-14
"20111215","NOIRMOUTIER EN",47.004667,-2.257167,10.6416666666667,7.89166666666667,83.5833333333333,13.2916666666667,2011-12-15
"20111216","NOIRMOUTIER EN",47.004667,-2.257167,10.6125,7.53333333333333,81.7083333333333,14.5416666666667,2011-12-16
"20111217","NOIRMOUTIER EN",47.004667,-2.257167,8.5375,3.9125,72.75,7.2625,2011-12-17
"20111218","NOIRMOUTIER EN",47.004667,-2.257167,7.84166666666667,3.1375,72.2916666666667,5.2875,2011-12-18
"20111219","NOIRMOUTIER EN",47.004667,-2.257167,8.67916666666667,6.95,89.25,4.39583333333333,2011-12-19
"20111220","NOIRMOUTIER EN",47.004667,-2.257167,11.0166666666667,9.04583333333333,87.9583333333333,5.44166666666667,2011-12-20
"20111221","NOIRMOUTIER EN",47.004667,-2.257167,11.9833333333333,10.9208333333333,93.2916666666667,6.55,2011-12-21
"20111222","NOIRMOUTIER EN",47.004667,-2.257167,11.5083333333333,9.5125,87.7083333333333,3.39583333333333,2011-12-22
"20111223","NOIRMOUTIER EN",47.004667,-2.257167,10.7375,8.2625,85,5.82083333333333,2011-12-23
"20111224","NOIRMOUTIER EN",47.004667,-2.257167,8.87916666666667,4.45416666666667,74.3333333333333,3.475,2011-12-24
"20111225","NOIRMOUTIER EN",47.004667,-2.257167,9.9625,6.37083333333333,78.5833333333333,2.125,2011-12-25
"20111226","NOIRMOUTIER EN",47.004667,-2.257167,9.26666666666667,5.27916666666667,76.4166666666667,1.8125,2011-12-26
"20111227","NOIRMOUTIER EN",47.004667,-2.257167,4.45833333333333,4.075,97.5416666666667,1.95833333333333,2011-12-27
"20111228","NOIRMOUTIER EN",47.004667,-2.257167,9.21666666666667,7.11666666666667,87.5833333333333,5.3625,2011-12-28
"20111229","NOIRMOUTIER EN",47.004667,-2.257167,9.34166666666667,5.275,75.9583333333333,6.65,2011-12-29
"20111230","NOIRMOUTIER EN",47.004667,-2.257167,11.1291666666667,9.94166666666667,92.4583333333333,8.90833333333333,2011-12-30
"20111231","NOIRMOUTIER EN",47.004667,-2.257167,12.3208333333333,12.2625,99.5833333333333,7.52916666666667,2011-12-31
"20120101","NOIRMOUTIER EN",47.004667,-2.257167,12.4666666666667,12,97.125,8.56666666666667,2012-01-01
"20120102","NOIRMOUTIER EN",47.004667,-2.257167,10.1416666666667,6.45,78.0416666666667,8.04166666666667,2012-01-02
"20120103","NOIRMOUTIER EN",47.004667,-2.257167,12.2458333333333,10.4791666666667,89.1666666666667,11.0666666666667,2012-01-03
"20120104","NOIRMOUTIER EN",47.004667,-2.257167,10.7625,6.65416666666667,75.7916666666667,7.54166666666667,2012-01-04
"20120105","NOIRMOUTIER EN",47.004667,-2.257167,11.4416666666667,9.26666666666667,86.875,11.1666666666667,2012-01-05
"20120106","NOIRMOUTIER EN",47.004667,-2.257167,9.8875,7.22083333333333,83.7083333333333,4.125,2012-01-06
"20120107","NOIRMOUTIER EN",47.004667,-2.257167,10.95,9.97083333333333,93.8333333333333,5.1875,2012-01-07
"20120108","NOIRMOUTIER EN",47.004667,-2.257167,10.0958333333333,7.02916666666667,81.4583333333333,2.925,2012-01-08
"20120109","NOIRMOUTIER EN",47.004667,-2.257167,9.60416666666667,8.44583333333333,92.4583333333333,1.2625,2012-01-09
"20120110","NOIRMOUTIER EN",47.004667,-2.257167,9.83333333333333,8.10833333333333,89.3333333333333,1.94166666666667,2012-01-10
"20120111","NOIRMOUTIER EN",47.004667,-2.257167,9.25,4.8875,74.4583333333333,3.6125,2012-01-11
"20120112","NOIRMOUTIER EN",47.004667,-2.257167,7.91666666666667,4.5125,79.5833333333333,2.18333333333333,2012-01-12
"20120113","NOIRMOUTIER EN",47.004667,-2.257167,9.07916666666667,7.3875,89.5416666666667,1.97083333333333,2012-01-13
"20120114","NOIRMOUTIER EN",47.004667,-2.257167,4.74583333333333,2.0375,83.3333333333333,3.94166666666667,2012-01-14
"20120115","NOIRMOUTIER EN",47.004667,-2.257167,1.03333333333333,-0.5875,89,3.42916666666667,2012-01-15
"20120116","NOIRMOUTIER EN",47.004667,-2.257167,2.18333333333333,-0.4625,82.875,3.70416666666667,2012-01-16
"20120117","NOIRMOUTIER EN",47.004667,-2.257167,2.225,1.7,96.5,1.875,2012-01-17
"20120118","NOIRMOUTIER EN",47.004667,-2.257167,8.4125,8.39166666666667,100,4.05,2012-01-18
"20120119","NOIRMOUTIER EN",47.004667,-2.257167,11.4,10.7916666666667,96.3333333333333,6.43333333333333,2012-01-19
"20120120","NOIRMOUTIER EN",47.004667,-2.257167,10.2208333333333,8.12916666666667,86.9583333333333,6.22916666666667,2012-01-20
"20120121","NOIRMOUTIER EN",47.004667,-2.257167,11.2,10.5166666666667,95.75,7.72083333333333,2012-01-21
"20120122","NOIRMOUTIER EN",47.004667,-2.257167,10.4875,8.75,88.9583333333333,5.12083333333333,2012-01-22
"20120123","NOIRMOUTIER EN",47.004667,-2.257167,10.1125,7.33333333333333,83.0833333333333,2.95416666666667,2012-01-23
"20120124","NOIRMOUTIER EN",47.004667,-2.257167,10.4958333333333,9.21666666666667,91.8333333333333,5.04583333333333,2012-01-24
"20120125","NOIRMOUTIER EN",47.004667,-2.257167,10.125,8.84583333333333,91.875,3.85416666666667,2012-01-25
"20120126","NOIRMOUTIER EN",47.004667,-2.257167,9.63333333333333,6.39583333333333,80.7916666666667,5.1875,2012-01-26
"20120127","NOIRMOUTIER EN",47.004667,-2.257167,7.29166666666667,4.44166666666667,82.75,2.19166666666667,2012-01-27
"20120128","NOIRMOUTIER EN",47.004667,-2.257167,7.14583333333333,3.45833333333333,77.4583333333333,4.70833333333333,2012-01-28
"20120129","NOIRMOUTIER EN",47.004667,-2.257167,5.49583333333333,1.74583333333333,77.25,3.09583333333333,2012-01-29
"20120130","NOIRMOUTIER EN",47.004667,-2.257167,6.45833333333333,5.23333333333333,91.8333333333333,4.29583333333333,2012-01-30
"20120131","NOIRMOUTIER EN",47.004667,-2.257167,1.9875,-0.245833333333333,85.4166666666667,4.52083333333333,2012-01-31
"20120201","NOIRMOUTIER EN",47.004667,-2.257167,-0.416666666666667,-4.21666666666667,75.9583333333333,6.50416666666667,2012-02-01
"20120202","NOIRMOUTIER EN",47.004667,-2.257167,-1.1375,-10.0625,52.25,7.56666666666667,2012-02-02
"20120203","NOIRMOUTIER EN",47.004667,-2.257167,-1,-12.2708333333333,43.5,NA,2012-02-03
"20120204","NOIRMOUTIER EN",47.004667,-2.257167,1.82916666666667,-3.325,69.375,NA,2012-02-04
"20120205","NOIRMOUTIER EN",47.004667,-2.257167,4.7875,2.5625,85.9166666666667,5.62083333333333,2012-02-05
"20120206","NOIRMOUTIER EN",47.004667,-2.257167,1.9,-0.0708333333333333,86.875,1.5375,2012-02-06
"20120207","NOIRMOUTIER EN",47.004667,-2.257167,1.475,-3.47083333333333,73.125,4.67916666666667,2012-02-07
"20120208","NOIRMOUTIER EN",47.004667,-2.257167,-2.97916666666667,-8.43333333333333,66.2916666666667,NA,2012-02-08
"20120209","NOIRMOUTIER EN",47.004667,-2.257167,-0.683333333333333,-4.95833333333333,72.9583333333333,NA,2012-02-09
"20120210","NOIRMOUTIER EN",47.004667,-2.257167,-0.295833333333333,-5.75416666666667,67.3333333333333,3.91666666666667,2012-02-10
"20120211","NOIRMOUTIER EN",47.004667,-2.257167,-1.25,-7.58333333333333,63.2916666666667,NA,2012-02-11
"20120212","NOIRMOUTIER EN",47.004667,-2.257167,0.55,-5.92083333333333,62.8333333333333,NA,2012-02-12
"20120213","NOIRMOUTIER EN",47.004667,-2.257167,5.89166666666667,4.0875,88.5833333333333,2.39166666666667,2012-02-13
"20120214","NOIRMOUTIER EN",47.004667,-2.257167,6.84583333333333,3.44166666666667,79.2916666666667,4.60833333333333,2012-02-14
"20120215","NOIRMOUTIER EN",47.004667,-2.257167,7.875,5.03333333333333,82.5,4.2,2012-02-15
"20120216","NOIRMOUTIER EN",47.004667,-2.257167,7.66666666666667,4.95833333333333,83.375,2.5,2012-02-16
"20120217","NOIRMOUTIER EN",47.004667,-2.257167,7.8625,5.99583333333333,88.2916666666667,1.80416666666667,2012-02-17
"20120218","NOIRMOUTIER EN",47.004667,-2.257167,8.65416666666667,7.80416666666667,94.5416666666667,4.20833333333333,2012-02-18
"20120219","NOIRMOUTIER EN",47.004667,-2.257167,6.9875,3.23333333333333,77.5416666666667,3.66666666666667,2012-02-19
"20120220","NOIRMOUTIER EN",47.004667,-2.257167,5.14583333333333,0.358333333333333,72.7916666666667,1.7875,2012-02-20
"20120221","NOIRMOUTIER EN",47.004667,-2.257167,4.525,-0.0791666666666666,74.4166666666667,1.2875,2012-02-21
"20120222","NOIRMOUTIER EN",47.004667,-2.257167,4.96666666666667,1.675,80.9583333333333,2.04166666666667,2012-02-22
"20120223","NOIRMOUTIER EN",47.004667,-2.257167,9.97083333333333,9.79583333333333,98.875,3.27916666666667,2012-02-23
"20120224","NOIRMOUTIER EN",47.004667,-2.257167,9.65833333333333,9.6,99.625,1.15833333333333,2012-02-24
"20120225","NOIRMOUTIER EN",47.004667,-2.257167,9.775,9.45833333333333,98,2.57916666666667,2012-02-25
"20120226","NOIRMOUTIER EN",47.004667,-2.257167,9.21666666666667,6.9125,86.5,3.1,2012-02-26
"20120227","NOIRMOUTIER EN",47.004667,-2.257167,8.4375,6.8875,90.6666666666667,1.74166666666667,2012-02-27
"20120228","NOIRMOUTIER EN",47.004667,-2.257167,8.775,6.34583333333333,86.375,1.92083333333333,2012-02-28
"20120229","NOIRMOUTIER EN",47.004667,-2.257167,9.72083333333333,6.52083333333333,82.0833333333333,2.09166666666667,2012-02-29
"20120301","NOIRMOUTIER EN",47.004667,-2.257167,10.6458333333333,8.44166666666667,86.9166666666667,2.14166666666667,2012-03-01
"20120302","NOIRMOUTIER EN",47.004667,-2.257167,10.2958333333333,8.72916666666667,90.5,2.56666666666667,2012-03-02
"20120303","NOIRMOUTIER EN",47.004667,-2.257167,10.6458333333333,10.1208333333333,96.6666666666667,4.43333333333333,2012-03-03
"20120304","NOIRMOUTIER EN",47.004667,-2.257167,9.45,6.7125,84.4583333333333,7.10833333333333,2012-03-04
"20120305","NOIRMOUTIER EN",47.004667,-2.257167,8.5,3.59166666666667,71.375,6.49166666666667,2012-03-05
"20120306","NOIRMOUTIER EN",47.004667,-2.257167,7.7875,3.82083333333333,76.3333333333333,3.7375,2012-03-06
"20120307","NOIRMOUTIER EN",47.004667,-2.257167,8.38333333333333,5.5,82.5416666666667,5.81666666666667,2012-03-07
"20120308","NOIRMOUTIER EN",47.004667,-2.257167,8.95833333333333,5.3875,78.9166666666667,4.12083333333333,2012-03-08
"20120309","NOIRMOUTIER EN",47.004667,-2.257167,8.7625,5.14583333333333,79.3333333333333,1.94166666666667,2012-03-09
"20120310","NOIRMOUTIER EN",47.004667,-2.257167,9.4,6.74583333333333,84.2916666666667,2.125,2012-03-10
"20120311","NOIRMOUTIER EN",47.004667,-2.257167,10.225,8.53333333333333,89.5833333333333,3.82916666666667,2012-03-11
"20120312","NOIRMOUTIER EN",47.004667,-2.257167,11.6208333333333,7.28333333333333,76.125,4.35,2012-03-12
"20120313","NOIRMOUTIER EN",47.004667,-2.257167,12.8625,7.93333333333333,73.4583333333333,5.05416666666667,2012-03-13
"20120314","NOIRMOUTIER EN",47.004667,-2.257167,12.7041666666667,8.20416666666667,75.5,3.86666666666667,2012-03-14
"20120315","NOIRMOUTIER EN",47.004667,-2.257167,9.15833333333333,8.20833333333333,94.1666666666667,2.375,2012-03-15
"20120316","NOIRMOUTIER EN",47.004667,-2.257167,10.0333333333333,7.625,85.3333333333333,2.37083333333333,2012-03-16
"20120317","NOIRMOUTIER EN",47.004667,-2.257167,9.74166666666667,8.3,90.875,4.64583333333333,2012-03-17
"20120318","NOIRMOUTIER EN",47.004667,-2.257167,8.49583333333333,5.325,80.8333333333333,4.19583333333333,2012-03-18
"20120319","NOIRMOUTIER EN",47.004667,-2.257167,8.80416666666667,4.8625,77.5416666666667,3.575,2012-03-19
"20120320","NOIRMOUTIER EN",47.004667,-2.257167,8.8875,3.775,71.8333333333333,2.9,2012-03-20
"20120321","NOIRMOUTIER EN",47.004667,-2.257167,9.30416666666667,5.87916666666667,79.5416666666667,3.93333333333333,2012-03-21
"20120322","NOIRMOUTIER EN",47.004667,-2.257167,11.1,8.95833333333333,87.375,2.63333333333333,2012-03-22
"20120323","NOIRMOUTIER EN",47.004667,-2.257167,13.6,8.0625,72.5833333333333,2.62916666666667,2012-03-23
"20120324","NOIRMOUTIER EN",47.004667,-2.257167,15.6166666666667,7.09166666666667,58.9166666666667,3.1125,2012-03-24
"20120325","NOIRMOUTIER EN",47.004667,-2.257167,15.7666666666667,7.88333333333333,60.9583333333333,3.47916666666667,2012-03-25
"20120326","NOIRMOUTIER EN",47.004667,-2.257167,16.0125,6.91666666666667,57.6666666666667,4.81666666666667,2012-03-26
"20120327","NOIRMOUTIER EN",47.004667,-2.257167,15.6333333333333,5.1875,50.7916666666667,4.45,2012-03-27
"20120328","NOIRMOUTIER EN",47.004667,-2.257167,15.5291666666667,7.3,59.5,3.9,2012-03-28
"20120329","NOIRMOUTIER EN",47.004667,-2.257167,15.5,8.44166666666667,64.8333333333333,4.35,2012-03-29
"20120330","NOIRMOUTIER EN",47.004667,-2.257167,14.6041666666667,7.3625,63.2083333333333,3.39583333333333,2012-03-30
"20120331","NOIRMOUTIER EN",47.004667,-2.257167,13.0833333333333,8.325,73.5416666666667,3.85416666666667,2012-03-31
"20120401","NOIRMOUTIER EN",47.004667,-2.257167,10.2833333333333,3.4625,64.0416666666667,6.18333333333333,2012-04-01
"20120402","NOIRMOUTIER EN",47.004667,-2.257167,10.4833333333333,3.01666666666667,60.9583333333333,4,2012-04-02
"20120403","NOIRMOUTIER EN",47.004667,-2.257167,9.90833333333333,6.12916666666667,77.7083333333333,5.07916666666667,2012-04-03
"20120404","NOIRMOUTIER EN",47.004667,-2.257167,9.20833333333333,4.2125,71.5833333333333,3.65833333333333,2012-04-04
"20120405","NOIRMOUTIER EN",47.004667,-2.257167,9.85416666666667,4.31666666666667,69.875,2.9625,2012-04-05
"20120406","NOIRMOUTIER EN",47.004667,-2.257167,10.1083333333333,5.175,72.3333333333333,6.96666666666667,2012-04-06
"20120407","NOIRMOUTIER EN",47.004667,-2.257167,9.97083333333333,4.62083333333333,69.8333333333333,4.82083333333333,2012-04-07
"20120408","NOIRMOUTIER EN",47.004667,-2.257167,11.4041666666667,9.09166666666667,85.875,3.89583333333333,2012-04-08
"20120409","NOIRMOUTIER EN",47.004667,-2.257167,11.6625,9.5,86.75,6.8125,2012-04-09
"20120410","NOIRMOUTIER EN",47.004667,-2.257167,10.5375,7.48333333333333,82.125,6.95833333333333,2012-04-10
"20120411","NOIRMOUTIER EN",47.004667,-2.257167,10.3375,6.35833333333333,76.75,4.69583333333333,2012-04-11
"20120412","NOIRMOUTIER EN",47.004667,-2.257167,10.0666666666667,6.30416666666667,78.1666666666667,3.45416666666667,2012-04-12
"20120413","NOIRMOUTIER EN",47.004667,-2.257167,9.54166666666667,5.94166666666667,79.0833333333333,3.1,2012-04-13
"20120414","NOIRMOUTIER EN",47.004667,-2.257167,9.13333333333333,5.73333333333333,80.1666666666667,3.36666666666667,2012-04-14
"20120415","NOIRMOUTIER EN",47.004667,-2.257167,9.075,2.84583333333333,66.5,6.85833333333333,2012-04-15
"20120416","NOIRMOUTIER EN",47.004667,-2.257167,8.69583333333333,2.27083333333333,64.2916666666667,4.50833333333333,2012-04-16
"20120417","NOIRMOUTIER EN",47.004667,-2.257167,10.1958333333333,6.42083333333333,78.125,8.03333333333333,2012-04-17
"20120418","NOIRMOUTIER EN",47.004667,-2.257167,10.2333333333333,7.19583333333333,81.5,10.0458333333333,2012-04-18
"20120419","NOIRMOUTIER EN",47.004667,-2.257167,10.2625,6.47083333333333,77.75,7.23333333333333,2012-04-19
"20120420","NOIRMOUTIER EN",47.004667,-2.257167,10.4,6.57083333333333,77.4166666666667,6.5125,2012-04-20
"20120421","NOIRMOUTIER EN",47.004667,-2.257167,10.5625,6.42916666666667,75.8333333333333,8.2625,2012-04-21
"20120422","NOIRMOUTIER EN",47.004667,-2.257167,10.6416666666667,5.71666666666667,71.8333333333333,6.825,2012-04-22
"20120423","NOIRMOUTIER EN",47.004667,-2.257167,10.725,7.79166666666667,82.4583333333333,12.1666666666667,2012-04-23
"20120424","NOIRMOUTIER EN",47.004667,-2.257167,11.2666666666667,7.24166666666667,76.4583333333333,9.65833333333333,2012-04-24
"20120425","NOIRMOUTIER EN",47.004667,-2.257167,11.9375,8.6625,80.875,12.6208333333333,2012-04-25
"20120426","NOIRMOUTIER EN",47.004667,-2.257167,12.0166666666667,8.58333333333333,79.7083333333333,8.7625,2012-04-26
"20120427","NOIRMOUTIER EN",47.004667,-2.257167,11.7125,9.70833333333333,87.625,4.2875,2012-04-27
"20120428","NOIRMOUTIER EN",47.004667,-2.257167,10.4333333333333,8.84583333333333,90,3.71666666666667,2012-04-28
"20120429","NOIRMOUTIER EN",47.004667,-2.257167,9.96666666666667,7.84583333333333,87.0833333333333,8.70833333333333,2012-04-29
"20120430","NOIRMOUTIER EN",47.004667,-2.257167,11.4041666666667,6.525,72.2083333333333,6.7,2012-04-30
"20120501","NOIRMOUTIER EN",47.004667,-2.257167,12.2583333333333,8.025,76.6666666666667,4.19583333333333,2012-05-01
"20120502","NOIRMOUTIER EN",47.004667,-2.257167,15.6125,8.39583333333333,64.25,3.56666666666667,2012-05-02
"20120503","NOIRMOUTIER EN",47.004667,-2.257167,15.3458333333333,9.64583333333333,70,3.20833333333333,2012-05-03
"20120504","NOIRMOUTIER EN",47.004667,-2.257167,13.05,11.9333333333333,93.25,3.40833333333333,2012-05-04
"20120505","NOIRMOUTIER EN",47.004667,-2.257167,12.975,10.675,86.3333333333333,3.50833333333333,2012-05-05
"20120506","NOIRMOUTIER EN",47.004667,-2.257167,12.0875,8.30833333333333,78.0833333333333,4.05,2012-05-06
"20120507","NOIRMOUTIER EN",47.004667,-2.257167,14.2791666666667,10.9583333333333,80.6666666666667,5.0625,2012-05-07
"20120508","NOIRMOUTIER EN",47.004667,-2.257167,14.3875,13.6333333333333,95.4166666666667,6.36666666666667,2012-05-08
"20120509","NOIRMOUTIER EN",47.004667,-2.257167,16.0416666666667,14.3583333333333,90.2083333333333,6.475,2012-05-09
"20120510","NOIRMOUTIER EN",47.004667,-2.257167,17.6708333333333,14.6,82.625,3.63333333333333,2012-05-10
"20120511","NOIRMOUTIER EN",47.004667,-2.257167,14.7958333333333,11.7833333333333,83.0833333333333,4.525,2012-05-11
"20120512","NOIRMOUTIER EN",47.004667,-2.257167,14.0541666666667,5.42083333333333,57.7083333333333,6.49166666666667,2012-05-12
"20120513","NOIRMOUTIER EN",47.004667,-2.257167,12.8,4.85833333333333,60.75,4.32083333333333,2012-05-13
"20120514","NOIRMOUTIER EN",47.004667,-2.257167,12.9333333333333,7.9625,72.6666666666667,4.35416666666667,2012-05-14
"20120515","NOIRMOUTIER EN",47.004667,-2.257167,12.3208333333333,4.62083333333333,60.625,6.35,2012-05-15
"20120516","NOIRMOUTIER EN",47.004667,-2.257167,13.0083333333333,4.34583333333333,57.375,3.63333333333333,2012-05-16
"20120517","NOIRMOUTIER EN",47.004667,-2.257167,13.9458333333333,6.8125,63.2916666666667,6.30416666666667,2012-05-17
"20120518","NOIRMOUTIER EN",47.004667,-2.257167,13.9,10.3583333333333,79.375,7.3,2012-05-18
"20120519","NOIRMOUTIER EN",47.004667,-2.257167,11.3166666666667,9.7375,90.125,2.79583333333333,2012-05-19
"20120520","NOIRMOUTIER EN",47.004667,-2.257167,11.25,9.65833333333333,89.9166666666667,4.98333333333333,2012-05-20
"20120521","NOIRMOUTIER EN",47.004667,-2.257167,12.7041666666667,11.0666666666667,90.0833333333333,6.34166666666667,2012-05-21
"20120522","NOIRMOUTIER EN",47.004667,-2.257167,14.0291666666667,12.0041666666667,87.625,6.73333333333333,2012-05-22
"20120523","NOIRMOUTIER EN",47.004667,-2.257167,14.4458333333333,12.4208333333333,88.125,3.23333333333333,2012-05-23
"20120524","NOIRMOUTIER EN",47.004667,-2.257167,19.0375,14.425,75.9166666666667,3.15833333333333,2012-05-24
"20120525","NOIRMOUTIER EN",47.004667,-2.257167,23.4791666666667,16.5208333333333,67.6666666666667,4.6,2012-05-25
"20120526","NOIRMOUTIER EN",47.004667,-2.257167,17.0875,14.075,82.7083333333333,5.54166666666667,2012-05-26
"20120527","NOIRMOUTIER EN",47.004667,-2.257167,15.6416666666667,12.7708333333333,83.6666666666667,2.35833333333333,2012-05-27
"20120528","NOIRMOUTIER EN",47.004667,-2.257167,16.625,13.1666666666667,81.2916666666667,3.08333333333333,2012-05-28
"20120529","NOIRMOUTIER EN",47.004667,-2.257167,19.9333333333333,13.5833333333333,68.6666666666667,3.04166666666667,2012-05-29
"20120530","NOIRMOUTIER EN",47.004667,-2.257167,16.7875,14.7791666666667,88.2083333333333,4.3625,2012-05-30
"20120531","NOIRMOUTIER EN",47.004667,-2.257167,16.4958333333333,13.2583333333333,81.7083333333333,2.95,2012-05-31
"20120601","NOIRMOUTIER EN",47.004667,-2.257167,20.4375,14.3041666666667,70.125,3.2875,2012-06-01
"20120602","NOIRMOUTIER EN",47.004667,-2.257167,19.5125,16.0208333333333,80.9583333333333,4.14166666666667,2012-06-02
"20120603","NOIRMOUTIER EN",47.004667,-2.257167,16.5666666666667,13.2416666666667,81,6.39166666666667,2012-06-03
"20120604","NOIRMOUTIER EN",47.004667,-2.257167,16.1583333333333,12.2666666666667,78.1666666666667,5.72083333333333,2012-06-04
"20120605","NOIRMOUTIER EN",47.004667,-2.257167,15.1875,13.675,90.9583333333333,4.25833333333333,2012-06-05
"20120606","NOIRMOUTIER EN",47.004667,-2.257167,16.5541666666667,14.2791666666667,86.5,5.51666666666667,2012-06-06
"20120607","NOIRMOUTIER EN",47.004667,-2.257167,16.8625,13.95,83.2916666666667,7.83333333333333,2012-06-07
"20120608","NOIRMOUTIER EN",47.004667,-2.257167,15.5791666666667,10.8333333333333,73.75,7.57916666666667,2012-06-08
"20120609","NOIRMOUTIER EN",47.004667,-2.257167,14.7541666666667,10.6833333333333,77,4.75416666666667,2012-06-09
"20120610","NOIRMOUTIER EN",47.004667,-2.257167,15.2708333333333,13.7583333333333,90.875,6.5625,2012-06-10
"20120611","NOIRMOUTIER EN",47.004667,-2.257167,15.2333333333333,13.0666666666667,86.9583333333333,4.7375,2012-06-11
"20120612","NOIRMOUTIER EN",47.004667,-2.257167,15.2291666666667,12.0583333333333,81.6666666666667,6.21666666666667,2012-06-12
"20120613","NOIRMOUTIER EN",47.004667,-2.257167,14.8333333333333,9.6875,71.875,4.34583333333333,2012-06-13
"20120614","NOIRMOUTIER EN",47.004667,-2.257167,16.3416666666667,11.3708333333333,73.3333333333333,4.575,2012-06-14
"20120615","NOIRMOUTIER EN",47.004667,-2.257167,16.325,14.4166666666667,88.625,6.60833333333333,2012-06-15
"20120616","NOIRMOUTIER EN",47.004667,-2.257167,16.5125,12.8166666666667,79.25,6.97083333333333,2012-06-16
"20120617","NOIRMOUTIER EN",47.004667,-2.257167,16.2041666666667,11.0041666666667,72.6666666666667,4.20416666666667,2012-06-17
"20120618","NOIRMOUTIER EN",47.004667,-2.257167,15.0208333333333,10.8916666666667,77.0416666666667,3.72083333333333,2012-06-18
"20120619","NOIRMOUTIER EN",47.004667,-2.257167,17.1583333333333,12.55,75.5,3.59583333333333,2012-06-19
"20120620","NOIRMOUTIER EN",47.004667,-2.257167,18.4291666666667,16.5666666666667,89.4166666666667,3.6875,2012-06-20
"20120621","NOIRMOUTIER EN",47.004667,-2.257167,16.6583333333333,13.6041666666667,83.0416666666667,7.19166666666667,2012-06-21
"20120622","NOIRMOUTIER EN",47.004667,-2.257167,16.6958333333333,11.8125,73.375,7.4375,2012-06-22
"20120623","NOIRMOUTIER EN",47.004667,-2.257167,16.2458333333333,11.0041666666667,71.8333333333333,3.425,2012-06-23
"20120624","NOIRMOUTIER EN",47.004667,-2.257167,16.9666666666667,14.9916666666667,88.375,7.65833333333333,2012-06-24
"20120625","NOIRMOUTIER EN",47.004667,-2.257167,16.5583333333333,16.2791666666667,98.2916666666667,5.11666666666667,2012-06-25
"20120626","NOIRMOUTIER EN",47.004667,-2.257167,17.35,16.3666666666667,94.2916666666667,2.81666666666667,2012-06-26
"20120627","NOIRMOUTIER EN",47.004667,-2.257167,23.8416666666667,18.8375,76,3.09166666666667,2012-06-27
"20120628","NOIRMOUTIER EN",47.004667,-2.257167,19.3375,16.9583333333333,86.2916666666667,5.3875,2012-06-28
"20120629","NOIRMOUTIER EN",47.004667,-2.257167,18.625,14.3833333333333,76.7083333333333,7.2875,2012-06-29
"20120630","NOIRMOUTIER EN",47.004667,-2.257167,17.05,13.8833333333333,81.9166666666667,6.72916666666667,2012-06-30
"20120701","NOIRMOUTIER EN",47.004667,-2.257167,16.4583333333333,10.625,68.9583333333333,4.725,2012-07-01
"20120702","NOIRMOUTIER EN",47.004667,-2.257167,16.3541666666667,13.2208333333333,81.9583333333333,5.60416666666667,2012-07-02
"20120703","NOIRMOUTIER EN",47.004667,-2.257167,18.4375,15.2875,82.3333333333333,5.22083333333333,2012-07-03
"20120704","NOIRMOUTIER EN",47.004667,-2.257167,17.7375,15.2708333333333,85.8333333333333,5.35,2012-07-04
"20120705","NOIRMOUTIER EN",47.004667,-2.257167,17.2291666666667,13.4916666666667,78.7916666666667,5.2125,2012-07-05
"20120706","NOIRMOUTIER EN",47.004667,-2.257167,17.3333333333333,13.4541666666667,78.125,6.30833333333333,2012-07-06
"20120707","NOIRMOUTIER EN",47.004667,-2.257167,17.4375,15.9208333333333,90.9583333333333,5.75833333333333,2012-07-07
"20120708","NOIRMOUTIER EN",47.004667,-2.257167,17.5333333333333,14.2291666666667,81.375,6.02083333333333,2012-07-08
"20120709","NOIRMOUTIER EN",47.004667,-2.257167,17.4458333333333,14.0583333333333,80.625,3.68333333333333,2012-07-09
"20120710","NOIRMOUTIER EN",47.004667,-2.257167,17.0666666666667,11.7041666666667,71.0833333333333,5.74583333333333,2012-07-10
"20120711","NOIRMOUTIER EN",47.004667,-2.257167,16.5375,12.6666666666667,78.2083333333333,6.14583333333333,2012-07-11
"20120712","NOIRMOUTIER EN",47.004667,-2.257167,16.8708333333333,13.3333333333333,79.7083333333333,7.68333333333333,2012-07-12
"20120713","NOIRMOUTIER EN",47.004667,-2.257167,16.325,15.0333333333333,92.25,5.825,2012-07-13
"20120714","NOIRMOUTIER EN",47.004667,-2.257167,17.125,13.6208333333333,80,7.6625,2012-07-14
"20120715","NOIRMOUTIER EN",47.004667,-2.257167,16.6541666666667,11.3291666666667,71.125,6.7125,2012-07-15
"20120716","NOIRMOUTIER EN",47.004667,-2.257167,17.5708333333333,13.4041666666667,76.9583333333333,5.67916666666667,2012-07-16
"20120717","NOIRMOUTIER EN",47.004667,-2.257167,18.4458333333333,15.6041666666667,84.0416666666667,2.9,2012-07-17
"20120718","NOIRMOUTIER EN",47.004667,-2.257167,17.5458333333333,15.075,86.2916666666667,4.1625,2012-07-18
"20120719","NOIRMOUTIER EN",47.004667,-2.257167,17.7166666666667,13.8041666666667,78.1666666666667,5.00833333333333,2012-07-19
"20120720","NOIRMOUTIER EN",47.004667,-2.257167,16.9083333333333,14,83.4166666666667,3.00416666666667,2012-07-20
"20120721","NOIRMOUTIER EN",47.004667,-2.257167,17.3125,13.3375,78.5416666666667,3.26666666666667,2012-07-21
"20120722","NOIRMOUTIER EN",47.004667,-2.257167,19.4125,12.4625,65.9166666666667,3.53333333333333,2012-07-22
"20120723","NOIRMOUTIER EN",47.004667,-2.257167,21.4083333333333,13.0583333333333,61.2083333333333,2.65416666666667,2012-07-23
"20120724","NOIRMOUTIER EN",47.004667,-2.257167,22.3166666666667,12.5375,56.5416666666667,3.33333333333333,2012-07-24
"20120725","NOIRMOUTIER EN",47.004667,-2.257167,23.7541666666667,14.8916666666667,60.5416666666667,3.3375,2012-07-25
"20120726","NOIRMOUTIER EN",47.004667,-2.257167,24.6833333333333,17.4291666666667,65.7083333333333,2.7875,2012-07-26
"20120727","NOIRMOUTIER EN",47.004667,-2.257167,21,18.8833333333333,87.8333333333333,3.15833333333333,2012-07-27
"20120728","NOIRMOUTIER EN",47.004667,-2.257167,18.1291666666667,12.4458333333333,69.9166666666667,6.2625,2012-07-28
"20120729","NOIRMOUTIER EN",47.004667,-2.257167,17.2375,13.7291666666667,80.1666666666667,5.07916666666667,2012-07-29
"20120730","NOIRMOUTIER EN",47.004667,-2.257167,15.6875,13.6708333333333,88.1666666666667,3.35416666666667,2012-07-30
"20120731","NOIRMOUTIER EN",47.004667,-2.257167,18.3625,13.225,72.7916666666667,2.65416666666667,2012-07-31
"20120801","NOIRMOUTIER EN",47.004667,-2.257167,18.9208333333333,16.3208333333333,85.2083333333333,5.14583333333333,2012-08-01
"20120802","NOIRMOUTIER EN",47.004667,-2.257167,19.3708333333333,15.5666666666667,79,6.12083333333333,2012-08-02
"20120803","NOIRMOUTIER EN",47.004667,-2.257167,19.35,15.9333333333333,80.9583333333333,6.15833333333333,2012-08-03
"20120804","NOIRMOUTIER EN",47.004667,-2.257167,19.1916666666667,15.15,77.7083333333333,6.4,2012-08-04
"20120805","NOIRMOUTIER EN",47.004667,-2.257167,18.525,14.4666666666667,77.7083333333333,5.97916666666667,2012-08-05
"20120806","NOIRMOUTIER EN",47.004667,-2.257167,18.0916666666667,13.9458333333333,77.0833333333333,5.40416666666667,2012-08-06
"20120807","NOIRMOUTIER EN",47.004667,-2.257167,18.4875,13.6666666666667,74.5,2.64583333333333,2012-08-07
"20120808","NOIRMOUTIER EN",47.004667,-2.257167,21.4625,14.2625,65.9583333333333,2.96666666666667,2012-08-08
"20120809","NOIRMOUTIER EN",47.004667,-2.257167,24.2375,15.275,59.625,3.92916666666667,2012-08-09
"20120810","NOIRMOUTIER EN",47.004667,-2.257167,25.0291666666667,15.6791666666667,57.9583333333333,4.72083333333333,2012-08-10
"20120811","NOIRMOUTIER EN",47.004667,-2.257167,21.6375,15.7875,70.9166666666667,5.575,2012-08-11
"20120812","NOIRMOUTIER EN",47.004667,-2.257167,20.2041666666667,17.0291666666667,82.2916666666667,5.025,2012-08-12
"20120813","NOIRMOUTIER EN",47.004667,-2.257167,20.2708333333333,17.5333333333333,84.5416666666667,5.42083333333333,2012-08-13
"20120814","NOIRMOUTIER EN",47.004667,-2.257167,20.175,17.9375,87.4166666666667,2.14583333333333,2012-08-14
"20120815","NOIRMOUTIER EN",47.004667,-2.257167,20.45,15.75,75.375,7.60416666666667,2012-08-15
"20120816","NOIRMOUTIER EN",47.004667,-2.257167,21.3583333333333,15.525,70.7083333333333,5.19583333333333,2012-08-16
"20120817","NOIRMOUTIER EN",47.004667,-2.257167,23.4958333333333,16.1958333333333,69.0833333333333,3.72916666666667,2012-08-17
"20120818","NOIRMOUTIER EN",47.004667,-2.257167,20.8458333333333,18.2875,85.9166666666667,4.0875,2012-08-18
"20120819","NOIRMOUTIER EN",47.004667,-2.257167,20.7583333333333,18.6083333333333,87.7916666666667,3.425,2012-08-19
"20120820","NOIRMOUTIER EN",47.004667,-2.257167,20.8708333333333,18.6791666666667,87.6666666666667,2.53333333333333,2012-08-20
"20120821","NOIRMOUTIER EN",47.004667,-2.257167,20.6958333333333,17.3083333333333,81.7916666666667,4.14166666666667,2012-08-21
"20120822","NOIRMOUTIER EN",47.004667,-2.257167,18.7,13.9041666666667,74.7083333333333,3.48333333333333,2012-08-22
"20120823","NOIRMOUTIER EN",47.004667,-2.257167,19.1958333333333,13.4458333333333,70.4583333333333,3.94166666666667,2012-08-23
"20120824","NOIRMOUTIER EN",47.004667,-2.257167,18.1708333333333,15.6333333333333,85.5,6.22083333333333,2012-08-24
"20120825","NOIRMOUTIER EN",47.004667,-2.257167,18.7166666666667,14.4375,76.4583333333333,9.4375,2012-08-25
"20120826","NOIRMOUTIER EN",47.004667,-2.257167,18.5666666666667,13.6458333333333,73.5416666666667,4.125,2012-08-26
"20120827","NOIRMOUTIER EN",47.004667,-2.257167,19.8,15.3,76.5,4.63333333333333,2012-08-27
"20120828","NOIRMOUTIER EN",47.004667,-2.257167,19.6125,15.6291666666667,78.25,4.70833333333333,2012-08-28
"20120829","NOIRMOUTIER EN",47.004667,-2.257167,19.525,15.1,75.9583333333333,6.6,2012-08-29
"20120830","NOIRMOUTIER EN",47.004667,-2.257167,18.2916666666667,12.9625,71.5,7.10833333333333,2012-08-30
"20120831","NOIRMOUTIER EN",47.004667,-2.257167,16.55,9.37916666666667,64.0416666666667,4.775,2012-08-31
"20120901","NOIRMOUTIER EN",47.004667,-2.257167,16.6,11.6625,72.8333333333333,3.40833333333333,2012-09-01
"20120902","NOIRMOUTIER EN",47.004667,-2.257167,17.175,13.9375,81.625,3.41666666666667,2012-09-02
"20120903","NOIRMOUTIER EN",47.004667,-2.257167,17.3166666666667,14.5791666666667,84.2916666666667,3.31666666666667,2012-09-03
"20120904","NOIRMOUTIER EN",47.004667,-2.257167,17.9333333333333,15.3583333333333,85.7083333333333,3.35416666666667,2012-09-04
"20120905","NOIRMOUTIER EN",47.004667,-2.257167,19.1791666666667,14.9166666666667,77.7083333333333,4.3625,2012-09-05
"20120906","NOIRMOUTIER EN",47.004667,-2.257167,19.4375,11.5875,63.6666666666667,4.6375,2012-09-06
"20120907","NOIRMOUTIER EN",47.004667,-2.257167,20.6375,9.94583333333333,52.7916666666667,3.925,2012-09-07
"20120908","NOIRMOUTIER EN",47.004667,-2.257167,20.9416666666667,10.7958333333333,56.75,2.48333333333333,2012-09-08
"20120909","NOIRMOUTIER EN",47.004667,-2.257167,17.9708333333333,16.1416666666667,89.375,3,2012-09-09
"20120910","NOIRMOUTIER EN",47.004667,-2.257167,19.3333333333333,17.2916666666667,88.5,3.59166666666667,2012-09-10
"20120911","NOIRMOUTIER EN",47.004667,-2.257167,18.3583333333333,14.8375,81,4.30416666666667,2012-09-11
"20120912","NOIRMOUTIER EN",47.004667,-2.257167,16.0791666666667,11.7083333333333,75.9166666666667,3.5875,2012-09-12
"20120913","NOIRMOUTIER EN",47.004667,-2.257167,16.5791666666667,11.7416666666667,74.25,4.49166666666667,2012-09-13
"20120914","NOIRMOUTIER EN",47.004667,-2.257167,15.3291666666667,12.5,83.5833333333333,3.26666666666667,2012-09-14
"20120915","NOIRMOUTIER EN",47.004667,-2.257167,15.85,12.0833333333333,79.375,2.10833333333333,2012-09-15
"20120916","NOIRMOUTIER EN",47.004667,-2.257167,15.15,12.7,86.3333333333333,1.55,2012-09-16
"20120917","NOIRMOUTIER EN",47.004667,-2.257167,16.4083333333333,13.4083333333333,83.1666666666667,3.77083333333333,2012-09-17
"20120918","NOIRMOUTIER EN",47.004667,-2.257167,16.7166666666667,11.7291666666667,73.25,4.25,2012-09-18
"20120919","NOIRMOUTIER EN",47.004667,-2.257167,14.775,7.95833333333333,64.5416666666667,3.4,2012-09-19
"20120920","NOIRMOUTIER EN",47.004667,-2.257167,15.9958333333333,6.04166666666667,54.25,3.33333333333333,2012-09-20
"20120921","NOIRMOUTIER EN",47.004667,-2.257167,13.2416666666667,9.325,78.0833333333333,3.2875,2012-09-21
"20120922","NOIRMOUTIER EN",47.004667,-2.257167,15.5083333333333,10.675,73.9583333333333,3.7625,2012-09-22
"20120923","NOIRMOUTIER EN",47.004667,-2.257167,18.1458333333333,15.4916666666667,84.875,4.2875,2012-09-23
"20120924","NOIRMOUTIER EN",47.004667,-2.257167,16.275,13.4958333333333,83.75,10.55,2012-09-24
"20120925","NOIRMOUTIER EN",47.004667,-2.257167,15.0916666666667,11.2291666666667,77.9166666666667,7.36666666666667,2012-09-25
"20120926","NOIRMOUTIER EN",47.004667,-2.257167,15.0666666666667,11.0916666666667,77.375,6.9875,2012-09-26
"20120927","NOIRMOUTIER EN",47.004667,-2.257167,15.5833333333333,11.7708333333333,78.3333333333333,6,2012-09-27
"20120928","NOIRMOUTIER EN",47.004667,-2.257167,14.5041666666667,10.8,79.7083333333333,2.2125,2012-09-28
"20120929","NOIRMOUTIER EN",47.004667,-2.257167,15.0416666666667,10.3041666666667,74,3.78333333333333,2012-09-29
"20120930","NOIRMOUTIER EN",47.004667,-2.257167,12.6958333333333,8.41666666666667,77,2.00833333333333,2012-09-30
"20121001","NOIRMOUTIER EN",47.004667,-2.257167,15.0583333333333,12.1708333333333,83.7916666666667,4.79583333333333,2012-10-01
"20121002","NOIRMOUTIER EN",47.004667,-2.257167,16.4708333333333,13.2958333333333,81.8333333333333,5.65833333333333,2012-10-02
"20121003","NOIRMOUTIER EN",47.004667,-2.257167,16.5583333333333,14.1333333333333,85.625,7.59583333333333,2012-10-03
"20121004","NOIRMOUTIER EN",47.004667,-2.257167,16.5333333333333,14.6208333333333,88.7083333333333,5.49583333333333,2012-10-04
"20121005","NOIRMOUTIER EN",47.004667,-2.257167,17.6583333333333,16.025,90.375,4.825,2012-10-05
"20121006","NOIRMOUTIER EN",47.004667,-2.257167,16.5291666666667,15.9833333333333,96.625,3.95,2012-10-06
"20121007","NOIRMOUTIER EN",47.004667,-2.257167,16.1666666666667,15.9666666666667,98.75,2.1625,2012-10-07
"20121008","NOIRMOUTIER EN",47.004667,-2.257167,17.7333333333333,17.5166666666667,98.7083333333333,4.075,2012-10-08
"20121009","NOIRMOUTIER EN",47.004667,-2.257167,17.5625,17.55,99.9166666666667,4.075,2012-10-09
"20121010","NOIRMOUTIER EN",47.004667,-2.257167,17.7875,17.0125,95.4583333333333,2.8625,2012-10-10
"20121011","NOIRMOUTIER EN",47.004667,-2.257167,16.9,15.8833333333333,93.7916666666667,6.1125,2012-10-11
"20121012","NOIRMOUTIER EN",47.004667,-2.257167,14.9458333333333,8.9875,67.875,6.85416666666667,2012-10-12
"20121013","NOIRMOUTIER EN",47.004667,-2.257167,14.1541666666667,11.4708333333333,84.25,6.91666666666667,2012-10-13
"20121014","NOIRMOUTIER EN",47.004667,-2.257167,12.9166666666667,9.2125,79.3333333333333,5.34166666666667,2012-10-14
"20121015","NOIRMOUTIER EN",47.004667,-2.257167,13.3375,9.225,76.75,4.85416666666667,2012-10-15
"20121016","NOIRMOUTIER EN",47.004667,-2.257167,15.05,11.0166666666667,77.9166666666667,5.7,2012-10-16
"20121017","NOIRMOUTIER EN",47.004667,-2.257167,14.6708333333333,13.1166666666667,90.3333333333333,6.9625,2012-10-17
"20121018","NOIRMOUTIER EN",47.004667,-2.257167,13.7666666666667,12.3166666666667,91.125,4.3125,2012-10-18
"20121019","NOIRMOUTIER EN",47.004667,-2.257167,12.8833333333333,11.8208333333333,93.4583333333333,2.34583333333333,2012-10-19
"20121020","NOIRMOUTIER EN",47.004667,-2.257167,13.5875,12.7125,94.5416666666667,2.3625,2012-10-20
"20121021","NOIRMOUTIER EN",47.004667,-2.257167,14.2125,13.3083333333333,94.3333333333333,3.20416666666667,2012-10-21
"20121022","NOIRMOUTIER EN",47.004667,-2.257167,14.3833333333333,13.4958333333333,94.7083333333333,1.62083333333333,2012-10-22
"20121023","NOIRMOUTIER EN",47.004667,-2.257167,12.8416666666667,12.7166666666667,99.25,1.90416666666667,2012-10-23
"20121024","NOIRMOUTIER EN",47.004667,-2.257167,14.9875,13,88.2916666666667,3.87083333333333,2012-10-24
"20121025","NOIRMOUTIER EN",47.004667,-2.257167,14.1416666666667,13.3416666666667,94.9583333333333,3.68333333333333,2012-10-25
"20121026","NOIRMOUTIER EN",47.004667,-2.257167,12.3208333333333,11.0041666666667,91.9583333333333,5.4875,2012-10-26
"20121027","NOIRMOUTIER EN",47.004667,-2.257167,8.67916666666667,2.2125,64.1666666666667,7.8375,2012-10-27
"20121028","NOIRMOUTIER EN",47.004667,-2.257167,9.43333333333333,3.93333333333333,69,3.86666666666667,2012-10-28
"20121029","NOIRMOUTIER EN",47.004667,-2.257167,10.4625,5.05833333333333,70,3.53333333333333,2012-10-29
"20121030","NOIRMOUTIER EN",47.004667,-2.257167,9.35833333333333,4.44583333333333,73.375,1.55,2012-10-30
"20121031","NOIRMOUTIER EN",47.004667,-2.257167,10.9291666666667,7.53333333333333,80.125,4.76666666666667,2012-10-31
"20121101","NOIRMOUTIER EN",47.004667,-2.257167,11.4125,6.61666666666667,72.75,10.4833333333333,2012-11-01
"20121102","NOIRMOUTIER EN",47.004667,-2.257167,11.5875,8.375,81.2083333333333,6.19166666666667,2012-11-02
"20121103","NOIRMOUTIER EN",47.004667,-2.257167,12.0458333333333,8.60416666666667,80.1666666666667,5.12083333333333,2012-11-03
"20121104","NOIRMOUTIER EN",47.004667,-2.257167,12.1208333333333,7.74166666666667,75,8.55,2012-11-04
"20121105","NOIRMOUTIER EN",47.004667,-2.257167,11.0708333333333,6.89583333333333,75.875,7.5625,2012-11-05
"20121106","NOIRMOUTIER EN",47.004667,-2.257167,9.425,5.775,78.5833333333333,3.41666666666667,2012-11-06
"20121107","NOIRMOUTIER EN",47.004667,-2.257167,8.94166666666667,6.3375,85.5,1.25833333333333,2012-11-07
"20121108","NOIRMOUTIER EN",47.004667,-2.257167,9.12083333333333,7.11666666666667,87.625,2.625,2012-11-08
"20121109","NOIRMOUTIER EN",47.004667,-2.257167,8.97916666666667,8.34166666666667,95.8333333333333,2.01666666666667,2012-11-09
"20121110","NOIRMOUTIER EN",47.004667,-2.257167,10.4416666666667,9.05416666666667,91.3333333333333,3.70833333333333,2012-11-10
"20121111","NOIRMOUTIER EN",47.004667,-2.257167,8.7625,5.6875,81.9166666666667,1.95,2012-11-11
"20121112","NOIRMOUTIER EN",47.004667,-2.257167,10.275,8.975,92.0416666666667,1.99583333333333,2012-11-12
"20121113","NOIRMOUTIER EN",47.004667,-2.257167,10.7791666666667,8.59166666666667,86.8333333333333,2.95833333333333,2012-11-13
"20121114","NOIRMOUTIER EN",47.004667,-2.257167,7.37083333333333,5.83333333333333,90.125,4.34583333333333,2012-11-14
"20121115","NOIRMOUTIER EN",47.004667,-2.257167,9.35833333333333,8.02083333333333,91.875,3.46666666666667,2012-11-15
"20121116","NOIRMOUTIER EN",47.004667,-2.257167,11.5291666666667,10.2875,92.4166666666667,3.06666666666667,2012-11-16
"20121117","NOIRMOUTIER EN",47.004667,-2.257167,12.0125,11.8125,98.75,2.0625,2012-11-17
"20121118","NOIRMOUTIER EN",47.004667,-2.257167,10.2625,7.9375,85.75,4.34166666666667,2012-11-18
"20121119","NOIRMOUTIER EN",47.004667,-2.257167,10.2833333333333,8.17083333333333,87.625,3.55416666666667,2012-11-19
"20121120","NOIRMOUTIER EN",47.004667,-2.257167,12.3833333333333,10.4916666666667,88.4166666666667,5.4625,2012-11-20
"20121121","NOIRMOUTIER EN",47.004667,-2.257167,11.5916666666667,9.04583333333333,84.5416666666667,5.6,2012-11-21
"20121122","NOIRMOUTIER EN",47.004667,-2.257167,12.4125,8.36666666666667,76.5416666666667,6.075,2012-11-22
"20121123","NOIRMOUTIER EN",47.004667,-2.257167,13.4833333333333,10.9125,84.7083333333333,6.07916666666667,2012-11-23
"20121124","NOIRMOUTIER EN",47.004667,-2.257167,12.4458333333333,10.2041666666667,86.4583333333333,7.55416666666667,2012-11-24
"20121125","NOIRMOUTIER EN",47.004667,-2.257167,12.2291666666667,7.88333333333333,74.875,7.00833333333333,2012-11-25
"20121126","NOIRMOUTIER EN",47.004667,-2.257167,11.05,7.07916666666667,76.5833333333333,8.87916666666667,2012-11-26
"20121127","NOIRMOUTIER EN",47.004667,-2.257167,9.4875,6.16666666666667,79.9166666666667,5.025,2012-11-27
"20121128","NOIRMOUTIER EN",47.004667,-2.257167,8.4125,4.94583333333333,79.0833333333333,6.2625,2012-11-28
"20121129","NOIRMOUTIER EN",47.004667,-2.257167,6.9125,1.85,70.5833333333333,4.4,2012-11-29
"20121130","NOIRMOUTIER EN",47.004667,-2.257167,4.46666666666667,2.22083333333333,85.6666666666667,1.56666666666667,2012-11-30
"20121201","NOIRMOUTIER EN",47.004667,-2.257167,5.925,3.34166666666667,84.125,1.8625,2012-12-01
"20121202","NOIRMOUTIER EN",47.004667,-2.257167,9.54166666666667,7.2125,85.625,3.725,2012-12-02
"20121203","NOIRMOUTIER EN",47.004667,-2.257167,12.0208333333333,10.6166666666667,91.2916666666667,9.07083333333333,2012-12-03
"20121204","NOIRMOUTIER EN",47.004667,-2.257167,9.12916666666667,4.78333333333333,74.5,8.38333333333333,2012-12-04
"20121205","NOIRMOUTIER EN",47.004667,-2.257167,8.375,3.58333333333333,71.9583333333333,6.7,2012-12-05
"20121206","NOIRMOUTIER EN",47.004667,-2.257167,5.0375,1.43333333333333,78.6666666666667,3.2125,2012-12-06
"20121207","NOIRMOUTIER EN",47.004667,-2.257167,9.84166666666667,5.19583333333333,73.5833333333333,8.675,2012-12-07
"20121208","NOIRMOUTIER EN",47.004667,-2.257167,8.12083333333333,3.44166666666667,72.5,3.8625,2012-12-08
"20121209","NOIRMOUTIER EN",47.004667,-2.257167,7.22083333333333,3.97083333333333,80.25,2.05833333333333,2012-12-09
"20121210","NOIRMOUTIER EN",47.004667,-2.257167,8.59583333333333,4.6125,76.25,3.66666666666667,2012-12-10
"20121211","NOIRMOUTIER EN",47.004667,-2.257167,3.97916666666667,1.52916666666667,84.1666666666667,3.2625,2012-12-11
"20121212","NOIRMOUTIER EN",47.004667,-2.257167,1.02083333333333,-3.23333333333333,73.2083333333333,3.8875,2012-12-12
"20121213","NOIRMOUTIER EN",47.004667,-2.257167,6.15416666666667,5.4375,95.4583333333333,3.22083333333333,2012-12-13
"20121214","NOIRMOUTIER EN",47.004667,-2.257167,11.1916666666667,9.90416666666667,91.9166666666667,9.0875,2012-12-14
"20121215","NOIRMOUTIER EN",47.004667,-2.257167,11.2083333333333,8.35,82.625,9.01666666666667,2012-12-15
"20121216","NOIRMOUTIER EN",47.004667,-2.257167,11.2458333333333,8.65833333333333,84.2916666666667,8.10416666666667,2012-12-16
"20121217","NOIRMOUTIER EN",47.004667,-2.257167,10.8333333333333,7.65833333333333,80.9583333333333,8.99583333333333,2012-12-17
"20121218","NOIRMOUTIER EN",47.004667,-2.257167,9.85833333333333,7.475,85.0833333333333,3.3625,2012-12-18
"20121219","NOIRMOUTIER EN",47.004667,-2.257167,11.6791666666667,11.4541666666667,98.6666666666667,5.74583333333333,2012-12-19
"20121220","NOIRMOUTIER EN",47.004667,-2.257167,11.3583333333333,9.8375,90.6666666666667,7.84166666666667,2012-12-20
"20121221","NOIRMOUTIER EN",47.004667,-2.257167,9.90833333333333,9.06666666666667,94.7083333333333,2.49583333333333,2012-12-21
"20121222","NOIRMOUTIER EN",47.004667,-2.257167,12.6916666666667,12.2541666666667,97.25,7.97083333333333,2012-12-22
"20121223","NOIRMOUTIER EN",47.004667,-2.257167,13.2333333333333,11.4166666666667,88.8333333333333,7.59583333333333,2012-12-23
"20121224","NOIRMOUTIER EN",47.004667,-2.257167,11.3166666666667,10.3541666666667,93.9583333333333,4.87916666666667,2012-12-24
"20121225","NOIRMOUTIER EN",47.004667,-2.257167,11.3291666666667,8.78333333333333,84.4583333333333,7.99166666666667,2012-12-25
"20121226","NOIRMOUTIER EN",47.004667,-2.257167,11.6083333333333,9.31666666666667,86,8.44166666666667,2012-12-26
"20121227","NOIRMOUTIER EN",47.004667,-2.257167,12.0083333333333,9.225,83.5,10.2166666666667,2012-12-27
"20121228","NOIRMOUTIER EN",47.004667,-2.257167,12.3208333333333,11.3916666666667,94.0833333333333,5.71666666666667,2012-12-28
"20121229","NOIRMOUTIER EN",47.004667,-2.257167,11.0416666666667,8.90416666666667,87.2916666666667,8.93333333333333,2012-12-29
"20121230","NOIRMOUTIER EN",47.004667,-2.257167,10.8208333333333,7.725,81.3333333333333,6.89166666666667,2012-12-30
"20121231","NOIRMOUTIER EN",47.004667,-2.257167,11.3958333333333,10.0083333333333,91.3333333333333,8.28333333333333,2012-12-31
"20130101","NOIRMOUTIER EN",47.004667,-2.257167,9.825,7.04166666666667,83.1666666666667,4.88333333333333,2013-01-01
"20130102","NOIRMOUTIER EN",47.004667,-2.257167,9.05416666666667,7.23333333333333,88.5,2.45416666666667,2013-01-02
"20130103","NOIRMOUTIER EN",47.004667,-2.257167,10.7416666666667,9.42916666666667,91.625,1.9375,2013-01-03
"20130104","NOIRMOUTIER EN",47.004667,-2.257167,9.66666666666667,8.53333333333333,92.6666666666667,1.22916666666667,2013-01-04
"20130105","NOIRMOUTIER EN",47.004667,-2.257167,7.44166666666667,7.16666666666667,98.3333333333333,1.64583333333333,2013-01-05
"20130106","NOIRMOUTIER EN",47.004667,-2.257167,6.125,6.06666666666667,99.75,1.3875,2013-01-06
"20130107","NOIRMOUTIER EN",47.004667,-2.257167,5.64583333333333,5.45416666666667,98.7916666666667,2.38333333333333,2013-01-07
"20130108","NOIRMOUTIER EN",47.004667,-2.257167,6.2125,5.47916666666667,95.0833333333333,2.3,2013-01-08
"20130109","NOIRMOUTIER EN",47.004667,-2.257167,8.70833333333333,8.22916666666667,96.7916666666667,3.86666666666667,2013-01-09
"20130110","NOIRMOUTIER EN",47.004667,-2.257167,10.4916666666667,9.32916666666667,92.875,5.47083333333333,2013-01-10
"20130111","NOIRMOUTIER EN",47.004667,-2.257167,9.35416666666667,7.025,85.9166666666667,3.5875,2013-01-11
"20130112","NOIRMOUTIER EN",47.004667,-2.257167,8.125,5.97916666666667,86.5833333333333,3.4375,2013-01-12
"20130113","NOIRMOUTIER EN",47.004667,-2.257167,5.92916666666667,4.31666666666667,89.75,3.21666666666667,2013-01-13
"20130114","NOIRMOUTIER EN",47.004667,-2.257167,6.37916666666667,3.55416666666667,82.4166666666667,3.81666666666667,2013-01-14
"20130115","NOIRMOUTIER EN",47.004667,-2.257167,6.91666666666667,3.05,76.5416666666667,5.075,2013-01-15
"20130116","NOIRMOUTIER EN",47.004667,-2.257167,3.63333333333333,1.51666666666667,86.625,4.95416666666667,2013-01-16
"20130117","NOIRMOUTIER EN",47.004667,-2.257167,1.37083333333333,-3.37916666666667,71.125,3.22083333333333,2013-01-17
"20130118","NOIRMOUTIER EN",47.004667,-2.257167,1.81666666666667,0.979166666666667,94.625,4.98333333333333,2013-01-18
"20130119","NOIRMOUTIER EN",47.004667,-2.257167,2.4625,1.84166666666667,95.9166666666667,5.97083333333333,2013-01-19
"20130120","NOIRMOUTIER EN",47.004667,-2.257167,4.57916666666667,1.14583333333333,78.9583333333333,4.15416666666667,2013-01-20
"20130121","NOIRMOUTIER EN",47.004667,-2.257167,6.45,4.0125,84.9166666666667,8.3625,2013-01-21
"20130122","NOIRMOUTIER EN",47.004667,-2.257167,6.94166666666667,5.2375,89.0833333333333,4.18333333333333,2013-01-22
"20130123","NOIRMOUTIER EN",47.004667,-2.257167,5.56666666666667,3.83333333333333,89.25,2.95,2013-01-23
"20130124","NOIRMOUTIER EN",47.004667,-2.257167,4.71666666666667,2.71666666666667,87.25,3.27083333333333,2013-01-24
"20130125","NOIRMOUTIER EN",47.004667,-2.257167,4.27083333333333,1.7125,83.7083333333333,4.225,2013-01-25
"20130126","NOIRMOUTIER EN",47.004667,-2.257167,9.33333333333333,7.37083333333333,87.7083333333333,5.78333333333333,2013-01-26
"20130127","NOIRMOUTIER EN",47.004667,-2.257167,9.9125,7.75416666666667,86.7083333333333,6.61666666666667,2013-01-27
"20130128","NOIRMOUTIER EN",47.004667,-2.257167,9.56666666666667,7.4875,87,6.575,2013-01-28
"20130129","NOIRMOUTIER EN",47.004667,-2.257167,11.5333333333333,10.525,93.5416666666667,9.44583333333333,2013-01-29
"20130130","NOIRMOUTIER EN",47.004667,-2.257167,11.1125,10.075,93.2916666666667,7.14583333333333,2013-01-30
"20130131","NOIRMOUTIER EN",47.004667,-2.257167,10.4458333333333,9.67083333333333,95.0416666666667,5.37916666666667,2013-01-31
"20130201","NOIRMOUTIER EN",47.004667,-2.257167,9.95,9.06666666666667,94.375,7.7125,2013-02-01
"20130202","NOIRMOUTIER EN",47.004667,-2.257167,7.0625,2.80416666666667,74.6666666666667,6.82083333333333,2013-02-02
"20130203","NOIRMOUTIER EN",47.004667,-2.257167,6.375,4.37916666666667,87.5833333333333,3.57916666666667,2013-02-03
"20130204","NOIRMOUTIER EN",47.004667,-2.257167,10.0666666666667,9.04583333333333,93.4583333333333,6.55,2013-02-04
"20130205","NOIRMOUTIER EN",47.004667,-2.257167,8.30416666666667,5.11666666666667,80.375,10.2416666666667,2013-02-05
"20130206","NOIRMOUTIER EN",47.004667,-2.257167,7.27916666666667,3.35,76.2083333333333,8.62083333333333,2013-02-06
"20130207","NOIRMOUTIER EN",47.004667,-2.257167,5.97083333333333,1.4125,72.7916666666667,4.32916666666667,2013-02-07
"20130208","NOIRMOUTIER EN",47.004667,-2.257167,5.74583333333333,3.27916666666667,84.7083333333333,3.775,2013-02-08
"20130209","NOIRMOUTIER EN",47.004667,-2.257167,7.725,5.5875,86.4166666666667,3.91666666666667,2013-02-09
"20130210","NOIRMOUTIER EN",47.004667,-2.257167,8.79166666666667,7.6375,92.625,6.04166666666667,2013-02-10
"20130211","NOIRMOUTIER EN",47.004667,-2.257167,6.77916666666667,3.60416666666667,80.4583333333333,5.14166666666667,2013-02-11
"20130212","NOIRMOUTIER EN",47.004667,-2.257167,5.975,3.625,85.3333333333333,2.26666666666667,2013-02-12
"20130213","NOIRMOUTIER EN",47.004667,-2.257167,5.37083333333333,4.475,94.2083333333333,2.52916666666667,2013-02-13
"20130214","NOIRMOUTIER EN",47.004667,-2.257167,10.2,8.9125,91.9583333333333,6.075,2013-02-14
"20130215","NOIRMOUTIER EN",47.004667,-2.257167,7.95416666666667,6.20833333333333,89.1666666666667,1.9875,2013-02-15
"20130216","NOIRMOUTIER EN",47.004667,-2.257167,5.975,4.7,92.2916666666667,1.84583333333333,2013-02-16
"20130217","NOIRMOUTIER EN",47.004667,-2.257167,5.0375,2.275,83,5.23333333333333,2013-02-17
"20130218","NOIRMOUTIER EN",47.004667,-2.257167,6.425,2.32083333333333,75.9166666666667,4.275,2013-02-18
"20130219","NOIRMOUTIER EN",47.004667,-2.257167,7.3,3.85833333333333,79.25,3.86666666666667,2013-02-19
"20130220","NOIRMOUTIER EN",47.004667,-2.257167,6.9,2.325,73.7083333333333,4.29166666666667,2013-02-20
"20130221","NOIRMOUTIER EN",47.004667,-2.257167,2.65833333333333,-3.72083333333333,63.6666666666667,6.7375,2013-02-21
"20130222","NOIRMOUTIER EN",47.004667,-2.257167,0.170833333333333,-6.48333333333333,61.1666666666667,7.5,2013-02-22
"20130223","NOIRMOUTIER EN",47.004667,-2.257167,0.395833333333333,-5.81666666666667,63.375,4.89583333333333,2013-02-23
"20130224","NOIRMOUTIER EN",47.004667,-2.257167,2.50833333333333,-2.7875,68.375,4.95,2013-02-24
"20130225","NOIRMOUTIER EN",47.004667,-2.257167,4.20416666666667,-0.666666666666667,70.7916666666667,5.67916666666667,2013-02-25
"20130226","NOIRMOUTIER EN",47.004667,-2.257167,3.4125,0.458333333333333,81.2916666666667,5.8875,2013-02-26
"20130227","NOIRMOUTIER EN",47.004667,-2.257167,4.10416666666667,1.5625,83.5416666666667,5.44583333333333,2013-02-27
"20130228","NOIRMOUTIER EN",47.004667,-2.257167,4.45,2.35,86.25,4.18333333333333,2013-02-28
"20130301","NOIRMOUTIER EN",47.004667,-2.257167,3.63333333333333,0.470833333333333,80.1666666666667,4.40833333333333,2013-03-01
"20130302","NOIRMOUTIER EN",47.004667,-2.257167,3.25833333333333,-0.3625,77.2083333333333,4.05833333333333,2013-03-02
"20130303","NOIRMOUTIER EN",47.004667,-2.257167,4.7625,0.858333333333333,75.875,4.60833333333333,2013-03-03
"20130304","NOIRMOUTIER EN",47.004667,-2.257167,8.5,3.84166666666667,73.4583333333333,3.85833333333333,2013-03-04
"20130305","NOIRMOUTIER EN",47.004667,-2.257167,11.25,6.90833333333333,74.9583333333333,3.59583333333333,2013-03-05
"20130306","NOIRMOUTIER EN",47.004667,-2.257167,10.7458333333333,8.13333333333333,84.125,2.7625,2013-03-06
"20130307","NOIRMOUTIER EN",47.004667,-2.257167,11.2458333333333,9.4,89.25,3.4875,2013-03-07
"20130308","NOIRMOUTIER EN",47.004667,-2.257167,10.9375,9.9625,93.8333333333333,5.3875,2013-03-08
"20130309","NOIRMOUTIER EN",47.004667,-2.257167,9.80416666666667,8.4125,91.7916666666667,1.99166666666667,2013-03-09
"20130310","NOIRMOUTIER EN",47.004667,-2.257167,10.5708333333333,8.675,88.125,3.65833333333333,2013-03-10
"20130311","NOIRMOUTIER EN",47.004667,-2.257167,8.75416666666667,7.4625,91.6666666666667,6.73333333333333,2013-03-11
"20130312","NOIRMOUTIER EN",47.004667,-2.257167,1.70416666666667,-2.44166666666667,74.0833333333333,6.89166666666667,2013-03-12
"20130313","NOIRMOUTIER EN",47.004667,-2.257167,2.89166666666667,-2,70.5416666666667,5.07083333333333,2013-03-13
"20130314","NOIRMOUTIER EN",47.004667,-2.257167,4.39583333333333,-1.18333333333333,68.7916666666667,3.6375,2013-03-14
"20130315","NOIRMOUTIER EN",47.004667,-2.257167,6.1875,1.82916666666667,74.0416666666667,4.725,2013-03-15
"20130316","NOIRMOUTIER EN",47.004667,-2.257167,8.36666666666667,5.79166666666667,84.0833333333333,7.4875,2013-03-16
"20130317","NOIRMOUTIER EN",47.004667,-2.257167,8.32916666666667,5.1375,80.625,6.70416666666667,2013-03-17
"20130318","NOIRMOUTIER EN",47.004667,-2.257167,7.05833333333333,4.24583333333333,82.5416666666667,6.83333333333333,2013-03-18
"20130319","NOIRMOUTIER EN",47.004667,-2.257167,7.86666666666667,5.50416666666667,85.2083333333333,5.0125,2013-03-19
"20130320","NOIRMOUTIER EN",47.004667,-2.257167,8.7875,5.6375,81.125,4.66666666666667,2013-03-20
"20130321","NOIRMOUTIER EN",47.004667,-2.257167,8.57916666666667,6.69166666666667,88.2916666666667,4.975,2013-03-21
"20130322","NOIRMOUTIER EN",47.004667,-2.257167,9.03333333333333,5.775,80.75,4.27916666666667,2013-03-22
"20130323","NOIRMOUTIER EN",47.004667,-2.257167,8.77083333333333,6.55,87,2.40416666666667,2013-03-23
"20130324","NOIRMOUTIER EN",47.004667,-2.257167,8.50833333333333,6.3375,86.25,4.25416666666667,2013-03-24
"20130325","NOIRMOUTIER EN",47.004667,-2.257167,6.9875,4.34166666666667,83.5,3.63333333333333,2013-03-25
"20130326","NOIRMOUTIER EN",47.004667,-2.257167,6.975,2.10416666666667,71.5416666666667,4.24583333333333,2013-03-26
"20130327","NOIRMOUTIER EN",47.004667,-2.257167,6.37083333333333,-1.15,59.0833333333333,4.25833333333333,2013-03-27
"20130328","NOIRMOUTIER EN",47.004667,-2.257167,5.64583333333333,-1.64583333333333,60.5833333333333,3.20833333333333,2013-03-28
"20130329","NOIRMOUTIER EN",47.004667,-2.257167,4.35416666666667,2.25416666666667,87.0416666666667,4.51666666666667,2013-03-29
"20130330","NOIRMOUTIER EN",47.004667,-2.257167,5.65416666666667,4.20833333333333,90.625,3.4875,2013-03-30
"20130331","NOIRMOUTIER EN",47.004667,-2.257167,4.37083333333333,-1.4875,66.7916666666667,4.21666666666667,2013-03-31
"20130401","NOIRMOUTIER EN",47.004667,-2.257167,6.27083333333333,-1.0875,60.0416666666667,6.3625,2013-04-01
"20130402","NOIRMOUTIER EN",47.004667,-2.257167,6.49166666666667,-0.620833333333333,60.7083333333333,4.2875,2013-04-02
"20130403","NOIRMOUTIER EN",47.004667,-2.257167,5.89583333333333,-1.95,58.625,5.62916666666667,2013-04-03
"20130404","NOIRMOUTIER EN",47.004667,-2.257167,3.875,0.075,76.75,6.27083333333333,2013-04-04
"20130405","NOIRMOUTIER EN",47.004667,-2.257167,3.44166666666667,1.625,87.9166666666667,5.39583333333333,2013-04-05
"20130406","NOIRMOUTIER EN",47.004667,-2.257167,5.45,0.0166666666666667,69.0416666666667,4.85416666666667,2013-04-06
"20130407","NOIRMOUTIER EN",47.004667,-2.257167,6.28333333333333,0.833333333333333,68.8333333333333,3.80416666666667,2013-04-07
"20130408","NOIRMOUTIER EN",47.004667,-2.257167,8.55416666666667,6.10833333333333,85.0833333333333,4.87083333333333,2013-04-08
"20130409","NOIRMOUTIER EN",47.004667,-2.257167,10.0625,7.175,82.4166666666667,9.875,2013-04-09
"20130410","NOIRMOUTIER EN",47.004667,-2.257167,10.9458333333333,9.77916666666667,92.5833333333333,7.51666666666667,2013-04-10
"20130411","NOIRMOUTIER EN",47.004667,-2.257167,11.45,10.0125,91.0833333333333,5.3,2013-04-11
"20130412","NOIRMOUTIER EN",47.004667,-2.257167,11.1458333333333,8.60416666666667,84.375,8.00416666666667,2013-04-12
"20130413","NOIRMOUTIER EN",47.004667,-2.257167,11.9208333333333,9.36666666666667,84.625,6.04583333333333,2013-04-13
"20130414","NOIRMOUTIER EN",47.004667,-2.257167,13.9541666666667,9.15416666666667,73.25,4.43333333333333,2013-04-14
"20130415","NOIRMOUTIER EN",47.004667,-2.257167,12.3666666666667,9.82916666666667,85.0416666666667,3.2625,2013-04-15
"20130416","NOIRMOUTIER EN",47.004667,-2.257167,12.5333333333333,10.2791666666667,86.3333333333333,5.0875,2013-04-16
"20130417","NOIRMOUTIER EN",47.004667,-2.257167,13.5416666666667,9.65,79.4583333333333,4.37916666666667,2013-04-17
"20130418","NOIRMOUTIER EN",47.004667,-2.257167,11.4166666666667,7.72916666666667,78.4583333333333,6.4375,2013-04-18
"20130419","NOIRMOUTIER EN",47.004667,-2.257167,10.1583333333333,5.075,71,5.10833333333333,2013-04-19
"20130420","NOIRMOUTIER EN",47.004667,-2.257167,9.86666666666667,4.7375,71.0416666666667,4.4125,2013-04-20
"20130421","NOIRMOUTIER EN",47.004667,-2.257167,8.46666666666667,4.32083333333333,75.625,4.12916666666667,2013-04-21
"20130422","NOIRMOUTIER EN",47.004667,-2.257167,10.6708333333333,7.41666666666667,80.9166666666667,3.90833333333333,2013-04-22
"20130423","NOIRMOUTIER EN",47.004667,-2.257167,11.6,9.625,87.875,2.3375,2013-04-23
"20130424","NOIRMOUTIER EN",47.004667,-2.257167,13.7541666666667,9.79583333333333,78.3333333333333,2,2013-04-24
"20130425","NOIRMOUTIER EN",47.004667,-2.257167,15.3875,8.45833333333333,66.0833333333333,2.64583333333333,2013-04-25
"20130426","NOIRMOUTIER EN",47.004667,-2.257167,10.2291666666667,5.125,72.625,4.85,2013-04-26
"20130427","NOIRMOUTIER EN",47.004667,-2.257167,6.99583333333333,1.8125,69.9166666666667,4.32916666666667,2013-04-27
"20130428","NOIRMOUTIER EN",47.004667,-2.257167,8.19166666666667,3.42083333333333,72.875,4.17083333333333,2013-04-28
"20130429","NOIRMOUTIER EN",47.004667,-2.257167,10.0333333333333,3.9,66.0416666666667,3.82916666666667,2013-04-29
"20130430","NOIRMOUTIER EN",47.004667,-2.257167,9.3375,3.60416666666667,67.9583333333333,7.22083333333333,2013-04-30
"20130501","NOIRMOUTIER EN",47.004667,-2.257167,9.14166666666667,6.85833333333333,85.875,4.95,2013-05-01
"20130502","NOIRMOUTIER EN",47.004667,-2.257167,9.8125,7.87083333333333,87.875,3.78333333333333,2013-05-02
"20130503","NOIRMOUTIER EN",47.004667,-2.257167,10.7708333333333,6.67916666666667,76.25,3.5375,2013-05-03
"20130504","NOIRMOUTIER EN",47.004667,-2.257167,11.1541666666667,6.6875,74.5416666666667,2.32916666666667,2013-05-04
"20130505","NOIRMOUTIER EN",47.004667,-2.257167,12.5541666666667,8.65833333333333,78.25,2.6875,2013-05-05
"20130506","NOIRMOUTIER EN",47.004667,-2.257167,13.7291666666667,9.20416666666667,75.625,1.76666666666667,2013-05-06
"20130507","NOIRMOUTIER EN",47.004667,-2.257167,14.725,11.1125,79.625,3.04166666666667,2013-05-07
"20130508","NOIRMOUTIER EN",47.004667,-2.257167,13.2375,11.5583333333333,89.6666666666667,6.1625,2013-05-08
"20130509","NOIRMOUTIER EN",47.004667,-2.257167,11.5958333333333,6.83333333333333,73.0833333333333,5.42083333333333,2013-05-09
"20130510","NOIRMOUTIER EN",47.004667,-2.257167,11.9833333333333,7.99166666666667,76.8333333333333,6.05,2013-05-10
"20130511","NOIRMOUTIER EN",47.004667,-2.257167,12.0375,7.8,75.6666666666667,6.72916666666667,2013-05-11
"20130512","NOIRMOUTIER EN",47.004667,-2.257167,11.95,7.48333333333333,74.25,5.78333333333333,2013-05-12
"20130513","NOIRMOUTIER EN",47.004667,-2.257167,12.1958333333333,8.98333333333333,80.9166666666667,5.60416666666667,2013-05-13
"20130514","NOIRMOUTIER EN",47.004667,-2.257167,11.2833333333333,7.15833333333333,76,5.53333333333333,2013-05-14
"20130515","NOIRMOUTIER EN",47.004667,-2.257167,10.5375,5.44583333333333,71.25,5.3625,2013-05-15
"20130516","NOIRMOUTIER EN",47.004667,-2.257167,9.6,5.54583333333333,76.5416666666667,2.36666666666667,2013-05-16
"20130517","NOIRMOUTIER EN",47.004667,-2.257167,11.7041666666667,5.5,67.0416666666667,3.09166666666667,2013-05-17
"20130518","NOIRMOUTIER EN",47.004667,-2.257167,12.5625,6.92083333333333,69.2083333333333,6.22916666666667,2013-05-18
"20130519","NOIRMOUTIER EN",47.004667,-2.257167,10.8666666666667,7.5375,80.0833333333333,6.4,2013-05-19
"20130520","NOIRMOUTIER EN",47.004667,-2.257167,11.2625,8.92083333333333,85.5833333333333,6.225,2013-05-20
"20130521","NOIRMOUTIER EN",47.004667,-2.257167,13.5583333333333,11.2,85.8333333333333,5.175,2013-05-21
"20130522","NOIRMOUTIER EN",47.004667,-2.257167,13.3958333333333,10.3958333333333,82.3333333333333,4.06666666666667,2013-05-22
"20130523","NOIRMOUTIER EN",47.004667,-2.257167,11.5208333333333,4.25833333333333,62.375,6.025,2013-05-23
"20130524","NOIRMOUTIER EN",47.004667,-2.257167,10.2458333333333,4.35,67,6.94583333333333,2013-05-24
"20130525","NOIRMOUTIER EN",47.004667,-2.257167,10.9416666666667,5.5,69.625,5.5375,2013-05-25
"20130526","NOIRMOUTIER EN",47.004667,-2.257167,11.5208333333333,5.8,69.4583333333333,2.85833333333333,2013-05-26
"20130527","NOIRMOUTIER EN",47.004667,-2.257167,12.7208333333333,6.5375,68.5416666666667,3.25,2013-05-27
"20130528","NOIRMOUTIER EN",47.004667,-2.257167,11.375,7.25416666666667,76.2083333333333,7.3375,2013-05-28
"20130529","NOIRMOUTIER EN",47.004667,-2.257167,11.4916666666667,8.2,80.3333333333333,4.64166666666667,2013-05-29
"20130530","NOIRMOUTIER EN",47.004667,-2.257167,13.7708333333333,10.8041666666667,82.4583333333333,5.27083333333333,2013-05-30
"20130531","NOIRMOUTIER EN",47.004667,-2.257167,14.0833333333333,11,82.4166666666667,4.08333333333333,2013-05-31
"20130601","NOIRMOUTIER EN",47.004667,-2.257167,14.4041666666667,10.1083333333333,76.0833333333333,4.20416666666667,2013-06-01
"20130602","NOIRMOUTIER EN",47.004667,-2.257167,14.6083333333333,8.33333333333333,67.5833333333333,4.09583333333333,2013-06-02
"20130603","NOIRMOUTIER EN",47.004667,-2.257167,14.9916666666667,7.07083333333333,61.0833333333333,4.8125,2013-06-03
"20130604","NOIRMOUTIER EN",47.004667,-2.257167,15.0291666666667,8.0625,64.5,4.425,2013-06-04
"20130605","NOIRMOUTIER EN",47.004667,-2.257167,17.2375,10.625,66.2916666666667,3.62916666666667,2013-06-05
"20130606","NOIRMOUTIER EN",47.004667,-2.257167,20.075,13.6,67.4583333333333,2.55416666666667,2013-06-06
"20130607","NOIRMOUTIER EN",47.004667,-2.257167,18.65,14.5666666666667,77.5,3.46666666666667,2013-06-07
"20130608","NOIRMOUTIER EN",47.004667,-2.257167,18.0375,14.5541666666667,81.2083333333333,3.48333333333333,2013-06-08
"20130609","NOIRMOUTIER EN",47.004667,-2.257167,14.7416666666667,12.2083333333333,84.875,3.55,2013-06-09
"20130610","NOIRMOUTIER EN",47.004667,-2.257167,15.1625,12.0958333333333,82.3333333333333,2.92083333333333,2013-06-10
"20130611","NOIRMOUTIER EN",47.004667,-2.257167,15.2125,14.1791666666667,93.4583333333333,5.68333333333333,2013-06-11
"20130612","NOIRMOUTIER EN",47.004667,-2.257167,16.7166666666667,14.5083333333333,87.1666666666667,5.9625,2013-06-12
"20130613","NOIRMOUTIER EN",47.004667,-2.257167,14.6208333333333,11.0125,79.4166666666667,5.34583333333333,2013-06-13
"20130614","NOIRMOUTIER EN",47.004667,-2.257167,14.4333333333333,10.2166666666667,76.7083333333333,3.1125,2013-06-14
"20130615","NOIRMOUTIER EN",47.004667,-2.257167,15.4541666666667,10.475,72.75,5.84583333333333,2013-06-15
"20130616","NOIRMOUTIER EN",47.004667,-2.257167,15.6166666666667,11.1708333333333,75.4166666666667,2.32916666666667,2013-06-16
"20130617","NOIRMOUTIER EN",47.004667,-2.257167,16.7333333333333,14.4375,86.4166666666667,3.87916666666667,2013-06-17
"20130618","NOIRMOUTIER EN",47.004667,-2.257167,14.3083333333333,10.7458333333333,79.5,3.01666666666667,2013-06-18
"20130619","NOIRMOUTIER EN",47.004667,-2.257167,16.3791666666667,14.0291666666667,85.875,4.26666666666667,2013-06-19
"20130620","NOIRMOUTIER EN",47.004667,-2.257167,15.5041666666667,12.3458333333333,81.625,4.9,2013-06-20
"20130621","NOIRMOUTIER EN",47.004667,-2.257167,15.6958333333333,12.975,84.125,4.56666666666667,2013-06-21
"20130622","NOIRMOUTIER EN",47.004667,-2.257167,15.1041666666667,12.1125,82.6666666666667,7.97083333333333,2013-06-22
"20130623","NOIRMOUTIER EN",47.004667,-2.257167,14.3875,9.95416666666667,74.9583333333333,9.57083333333333,2013-06-23
"20130624","NOIRMOUTIER EN",47.004667,-2.257167,14.025,9.48333333333333,74.4583333333333,5.26666666666667,2013-06-24
"20130625","NOIRMOUTIER EN",47.004667,-2.257167,14.6583333333333,8.75,68.5,3.84583333333333,2013-06-25
"20130626","NOIRMOUTIER EN",47.004667,-2.257167,16.2,10.1458333333333,68.5,3.37083333333333,2013-06-26
"20130627","NOIRMOUTIER EN",47.004667,-2.257167,15.7041666666667,10.6125,72,3.77916666666667,2013-06-27
"20130628","NOIRMOUTIER EN",47.004667,-2.257167,15.6833333333333,13.0416666666667,84.5,5.99166666666667,2013-06-28
"20130629","NOIRMOUTIER EN",47.004667,-2.257167,15.7125,13.4791666666667,86.7916666666667,5.24583333333333,2013-06-29
"20130630","NOIRMOUTIER EN",47.004667,-2.257167,16.4958333333333,12.7666666666667,79.6666666666667,3.0125,2013-06-30
"20130701","NOIRMOUTIER EN",47.004667,-2.257167,16.5125,14.2541666666667,87.2083333333333,2.67916666666667,2013-07-01
"20130702","NOIRMOUTIER EN",47.004667,-2.257167,15.7041666666667,13.9708333333333,89.7916666666667,4.17083333333333,2013-07-02
"20130703","NOIRMOUTIER EN",47.004667,-2.257167,15.9125,13.7291666666667,87.2083333333333,7.10833333333333,2013-07-03
"20130704","NOIRMOUTIER EN",47.004667,-2.257167,16.25,14.275,88.125,3,2013-07-04
"20130705","NOIRMOUTIER EN",47.004667,-2.257167,19.4416666666667,15.1583333333333,77.7083333333333,2.66666666666667,2013-07-05
"20130706","NOIRMOUTIER EN",47.004667,-2.257167,20.8375,14.7958333333333,69.7916666666667,3.34583333333333,2013-07-06
"20130707","NOIRMOUTIER EN",47.004667,-2.257167,22.4875,15.25,65.375,4.25833333333333,2013-07-07
"20130708","NOIRMOUTIER EN",47.004667,-2.257167,23.675,14.875,60.25,4.76666666666667,2013-07-08
"20130709","NOIRMOUTIER EN",47.004667,-2.257167,23.5,15.3791666666667,62.5,4.89166666666667,2013-07-09
"20130710","NOIRMOUTIER EN",47.004667,-2.257167,23.0708333333333,15.65,65.1666666666667,4.79166666666667,2013-07-10
"20130711","NOIRMOUTIER EN",47.004667,-2.257167,20.2916666666667,13.35,66.2916666666667,5.6625,2013-07-11
"20130712","NOIRMOUTIER EN",47.004667,-2.257167,20.6916666666667,12.075,59.625,5,2013-07-12
"20130713","NOIRMOUTIER EN",47.004667,-2.257167,21.4875,12.6541666666667,59.25,4.90416666666667,2013-07-13
"20130714","NOIRMOUTIER EN",47.004667,-2.257167,22.9708333333333,14.0166666666667,59.9583333333333,3.725,2013-07-14
"20130715","NOIRMOUTIER EN",47.004667,-2.257167,22.6291666666667,14.5416666666667,61.5833333333333,3.59166666666667,2013-07-15
"20130716","NOIRMOUTIER EN",47.004667,-2.257167,21.8958333333333,15.3416666666667,67.5,3.4875,2013-07-16
"20130717","NOIRMOUTIER EN",47.004667,-2.257167,21.7083333333333,15.3208333333333,68.2083333333333,3.72916666666667,2013-07-17
"20130718","NOIRMOUTIER EN",47.004667,-2.257167,23.4833333333333,14.7875,59.75,3.22083333333333,2013-07-18
"20130719","NOIRMOUTIER EN",47.004667,-2.257167,22.9291666666667,17.15,70.9166666666667,3.45416666666667,2013-07-19
"20130720","NOIRMOUTIER EN",47.004667,-2.257167,24.2208333333333,17.1458333333333,67.0833333333333,3.225,2013-07-20
"20130721","NOIRMOUTIER EN",47.004667,-2.257167,24.1708333333333,18.6041666666667,72.0833333333333,2.95416666666667,2013-07-21
"20130722","NOIRMOUTIER EN",47.004667,-2.257167,20.975,17.6458333333333,81.75,4.1625,2013-07-22
"20130723","NOIRMOUTIER EN",47.004667,-2.257167,19.8125,16.5916666666667,82.1666666666667,3.24166666666667,2013-07-23
"20130724","NOIRMOUTIER EN",47.004667,-2.257167,20.3,16.15,77.9166666666667,2.35416666666667,2013-07-24
"20130725","NOIRMOUTIER EN",47.004667,-2.257167,21.275,17.6541666666667,80.1666666666667,2.825,2013-07-25
"20130726","NOIRMOUTIER EN",47.004667,-2.257167,20.5458333333333,16.0125,76.2083333333333,2.60833333333333,2013-07-26
"20130727","NOIRMOUTIER EN",47.004667,-2.257167,18.1208333333333,15.8083333333333,86.5416666666667,3.09583333333333,2013-07-27
"20130728","NOIRMOUTIER EN",47.004667,-2.257167,19.3083333333333,15.6583333333333,79.8333333333333,5.14166666666667,2013-07-28
"20130729","NOIRMOUTIER EN",47.004667,-2.257167,19.05,15.925,82.25,5.97916666666667,2013-07-29
"20130730","NOIRMOUTIER EN",47.004667,-2.257167,19.4666666666667,16.7625,84.4583333333333,6.1125,2013-07-30
"20130731","NOIRMOUTIER EN",47.004667,-2.257167,22.3166666666667,17.0875,74.2083333333333,3.00416666666667,2013-07-31
"20130801","NOIRMOUTIER EN",47.004667,-2.257167,21.8833333333333,17.6708333333333,77.4583333333333,4.69583333333333,2013-08-01
"20130802","NOIRMOUTIER EN",47.004667,-2.257167,20.5666666666667,16.4041666666667,77.4583333333333,4.32916666666667,2013-08-02
"20130803","NOIRMOUTIER EN",47.004667,-2.257167,19.4583333333333,13.6708333333333,69.5833333333333,4.7,2013-08-03
"20130804","NOIRMOUTIER EN",47.004667,-2.257167,19.4041666666667,14,71.7083333333333,3.13333333333333,2013-08-04
"20130805","NOIRMOUTIER EN",47.004667,-2.257167,19.4583333333333,15.0625,76.0833333333333,5.06666666666667,2013-08-05
"20130806","NOIRMOUTIER EN",47.004667,-2.257167,18.65,13.0375,70.375,3.72083333333333,2013-08-06
"20130807","NOIRMOUTIER EN",47.004667,-2.257167,18.5791666666667,12.7875,69.75,4.45,2013-08-07
"20130808","NOIRMOUTIER EN",47.004667,-2.257167,18.6,15.0208333333333,80.3333333333333,3.7125,2013-08-08
"20130809","NOIRMOUTIER EN",47.004667,-2.257167,19.2791666666667,15.3166666666667,78.2083333333333,5.40416666666667,2013-08-09
"20130810","NOIRMOUTIER EN",47.004667,-2.257167,18.2583333333333,12.1208333333333,68,3.75,2013-08-10
"20130811","NOIRMOUTIER EN",47.004667,-2.257167,18.9083333333333,14.9375,78.5833333333333,3.12083333333333,2013-08-11
"20130812","NOIRMOUTIER EN",47.004667,-2.257167,18.7916666666667,12.5833333333333,68.2083333333333,4.6875,2013-08-12
"20130813","NOIRMOUTIER EN",47.004667,-2.257167,17.7125,12.0041666666667,70,3.8,2013-08-13
"20130814","NOIRMOUTIER EN",47.004667,-2.257167,18.725,11.5333333333333,64.5,3.3875,2013-08-14
"20130815","NOIRMOUTIER EN",47.004667,-2.257167,20.4958333333333,13.5375,66.9166666666667,2.9,2013-08-15
"20130816","NOIRMOUTIER EN",47.004667,-2.257167,18.6583333333333,15.3125,81.7083333333333,2.41666666666667,2013-08-16
"20130817","NOIRMOUTIER EN",47.004667,-2.257167,20.3708333333333,17.825,85.8333333333333,4.4,2013-08-17
"20130818","NOIRMOUTIER EN",47.004667,-2.257167,19.1583333333333,16.8166666666667,86.5,4.69583333333333,2013-08-18
"20130819","NOIRMOUTIER EN",47.004667,-2.257167,19.0333333333333,14.6166666666667,76.125,3.85416666666667,2013-08-19
"20130820","NOIRMOUTIER EN",47.004667,-2.257167,19.1208333333333,11.8833333333333,64.5416666666667,3.375,2013-08-20
"20130821","NOIRMOUTIER EN",47.004667,-2.257167,21.8583333333333,11.6125,55.625,3.54166666666667,2013-08-21
"20130822","NOIRMOUTIER EN",47.004667,-2.257167,21.7666666666667,13.1666666666667,60.7916666666667,3.225,2013-08-22
"20130823","NOIRMOUTIER EN",47.004667,-2.257167,20.1625,16.9375,82.4583333333333,4.09166666666667,2013-08-23
"20130824","NOIRMOUTIER EN",47.004667,-2.257167,17.975,13.475,75.5416666666667,6.37083333333333,2013-08-24
"20130825","NOIRMOUTIER EN",47.004667,-2.257167,18.7375,15.1041666666667,80.2916666666667,4.8125,2013-08-25
"20130826","NOIRMOUTIER EN",47.004667,-2.257167,18.7583333333333,14.1041666666667,75.5416666666667,3.57083333333333,2013-08-26
"20130827","NOIRMOUTIER EN",47.004667,-2.257167,18.7625,14.5291666666667,77.4583333333333,4.21666666666667,2013-08-27
"20130828","NOIRMOUTIER EN",47.004667,-2.257167,18.6375,13.2916666666667,72.625,3.84166666666667,2013-08-28
"20130829","NOIRMOUTIER EN",47.004667,-2.257167,18.8916666666667,13.0125,70.0416666666667,2.90416666666667,2013-08-29
"20130830","NOIRMOUTIER EN",47.004667,-2.257167,18.675,13.5625,73.7083333333333,3.4,2013-08-30
"20130831","NOIRMOUTIER EN",47.004667,-2.257167,18.4666666666667,14.6291666666667,79.2083333333333,2.95,2013-08-31
"20130901","NOIRMOUTIER EN",47.004667,-2.257167,18.3166666666667,9.2625,58.625,4.29166666666667,2013-09-01
"20130902","NOIRMOUTIER EN",47.004667,-2.257167,18.2,10.575,62.625,3.34166666666667,2013-09-02
"20130903","NOIRMOUTIER EN",47.004667,-2.257167,19.8916666666667,11.4,60.7916666666667,3.27083333333333,2013-09-03
"20130904","NOIRMOUTIER EN",47.004667,-2.257167,20.6083333333333,12.7791666666667,64.75,2.42916666666667,2013-09-04
"20130905","NOIRMOUTIER EN",47.004667,-2.257167,18.175,15.3708333333333,84.75,2.6875,2013-09-05
"20130906","NOIRMOUTIER EN",47.004667,-2.257167,16.4125,10.9458333333333,70.6666666666667,3.99166666666667,2013-09-06
"20130907","NOIRMOUTIER EN",47.004667,-2.257167,16.0333333333333,8.60833333333333,62.3333333333333,2.49583333333333,2013-09-07
"20130908","NOIRMOUTIER EN",47.004667,-2.257167,15.625,9.64166666666667,68.625,3.2375,2013-09-08
"20130909","NOIRMOUTIER EN",47.004667,-2.257167,17.4791666666667,14.275,81.875,6.40833333333333,2013-09-09
"20130910","NOIRMOUTIER EN",47.004667,-2.257167,16.375,10.55,69.25,5.03333333333333,2013-09-10
"20130911","NOIRMOUTIER EN",47.004667,-2.257167,15.8125,10.8291666666667,72.75,3.88333333333333,2013-09-11
"20130912","NOIRMOUTIER EN",47.004667,-2.257167,17.2291666666667,14.8208333333333,86,3.7,2013-09-12
"20130913","NOIRMOUTIER EN",47.004667,-2.257167,17.6708333333333,15.0375,84.8333333333333,4.05833333333333,2013-09-13
"20130914","NOIRMOUTIER EN",47.004667,-2.257167,15.5666666666667,12.6083333333333,83.25,5.4625,2013-09-14
"20130915","NOIRMOUTIER EN",47.004667,-2.257167,15.7916666666667,11.2875,75.125,5.7,2013-09-15
"20130916","NOIRMOUTIER EN",47.004667,-2.257167,15.6916666666667,10.1083333333333,70.25,7.04583333333333,2013-09-16
"20130917","NOIRMOUTIER EN",47.004667,-2.257167,16,12.9291666666667,82.5,7.29166666666667,2013-09-17
"20130918","NOIRMOUTIER EN",47.004667,-2.257167,16.5666666666667,13.775,83.9166666666667,7.47083333333333,2013-09-18
"20130919","NOIRMOUTIER EN",47.004667,-2.257167,15.45,11.7416666666667,79.3333333333333,4.09166666666667,2013-09-19
"20130920","NOIRMOUTIER EN",47.004667,-2.257167,14.4583333333333,10.5375,77.9583333333333,2.84583333333333,2013-09-20
"20130921","NOIRMOUTIER EN",47.004667,-2.257167,15.1916666666667,12.4458333333333,84.625,1.69166666666667,2013-09-21
"20130922","NOIRMOUTIER EN",47.004667,-2.257167,19.7791666666667,14.35,73.0833333333333,3.25416666666667,2013-09-22
"20130923","NOIRMOUTIER EN",47.004667,-2.257167,19.9,14.5291666666667,72.875,4.37916666666667,2013-09-23
"20130924","NOIRMOUTIER EN",47.004667,-2.257167,18.4708333333333,14.7166666666667,80.2083333333333,1.675,2013-09-24
"20130925","NOIRMOUTIER EN",47.004667,-2.257167,17.65,15.6666666666667,88.8333333333333,1.8875,2013-09-25
"20130926","NOIRMOUTIER EN",47.004667,-2.257167,18.0791666666667,16.65,91.625,2.87916666666667,2013-09-26
"20130927","NOIRMOUTIER EN",47.004667,-2.257167,20.6958333333333,17.4791666666667,82.5416666666667,3.65416666666667,2013-09-27
"20130928","NOIRMOUTIER EN",47.004667,-2.257167,18.7833333333333,16.7541666666667,88.125,3.39166666666667,2013-09-28
"20130929","NOIRMOUTIER EN",47.004667,-2.257167,18.3208333333333,16.2916666666667,88.25,2.63333333333333,2013-09-29
"20130930","NOIRMOUTIER EN",47.004667,-2.257167,17.65,16.2166666666667,91.4583333333333,2.47916666666667,2013-09-30
"20131001","NOIRMOUTIER EN",47.004667,-2.257167,17.825,16.7208333333333,93.4583333333333,3.20833333333333,2013-10-01
"20131002","NOIRMOUTIER EN",47.004667,-2.257167,19.0958333333333,16.3125,84.8333333333333,2.4,2013-10-02
"20131003","NOIRMOUTIER EN",47.004667,-2.257167,19.7708333333333,17.075,84.5416666666667,5.5875,2013-10-03
"20131004","NOIRMOUTIER EN",47.004667,-2.257167,18.4666666666667,16.0708333333333,86.1666666666667,4.44583333333333,2013-10-04
"20131005","NOIRMOUTIER EN",47.004667,-2.257167,16.625,13.6083333333333,82.875,2.4625,2013-10-05
"20131006","NOIRMOUTIER EN",47.004667,-2.257167,16.2166666666667,13.5625,84.9166666666667,1.5125,2013-10-06
"20131007","NOIRMOUTIER EN",47.004667,-2.257167,16.15,11.4625,75.5833333333333,1.75416666666667,2013-10-07
"20131008","NOIRMOUTIER EN",47.004667,-2.257167,16.3958333333333,12.2041666666667,77.7916666666667,1.81666666666667,2013-10-08
"20131009","NOIRMOUTIER EN",47.004667,-2.257167,15.8666666666667,12.0291666666667,78.6666666666667,2.96666666666667,2013-10-09
"20131010","NOIRMOUTIER EN",47.004667,-2.257167,13.3833333333333,5.75833333333333,60.6666666666667,4.88333333333333,2013-10-10
"20131011","NOIRMOUTIER EN",47.004667,-2.257167,11.9625,5.89166666666667,66.5416666666667,4.05416666666667,2013-10-11
"20131012","NOIRMOUTIER EN",47.004667,-2.257167,10.9833333333333,7.89166666666667,82.0833333333333,2.575,2013-10-12
"20131013","NOIRMOUTIER EN",47.004667,-2.257167,12.2583333333333,8.5875,78.7083333333333,3.02083333333333,2013-10-13
"20131014","NOIRMOUTIER EN",47.004667,-2.257167,15.2708333333333,13.05,86.75,3.42916666666667,2013-10-14
"20131015","NOIRMOUTIER EN",47.004667,-2.257167,16.0958333333333,14.9875,93.1666666666667,5.56666666666667,2013-10-15
"20131016","NOIRMOUTIER EN",47.004667,-2.257167,16.7708333333333,15.1291666666667,90.2083333333333,5.1625,2013-10-16
"20131017","NOIRMOUTIER EN",47.004667,-2.257167,16.2541666666667,13.9833333333333,86.6666666666667,3.14583333333333,2013-10-17
"20131018","NOIRMOUTIER EN",47.004667,-2.257167,16.3125,12.3166666666667,78.625,3.49583333333333,2013-10-18
"20131019","NOIRMOUTIER EN",47.004667,-2.257167,17.3958333333333,15.4625,88.6666666666667,4.65833333333333,2013-10-19
"20131020","NOIRMOUTIER EN",47.004667,-2.257167,16.9708333333333,14.3291666666667,84.5416666666667,6.72916666666667,2013-10-20
"20131021","NOIRMOUTIER EN",47.004667,-2.257167,17.7166666666667,15.225,85.4166666666667,6.27083333333333,2013-10-21
"20131022","NOIRMOUTIER EN",47.004667,-2.257167,18.1416666666667,14.9833333333333,81.875,6.92083333333333,2013-10-22
"20131023","NOIRMOUTIER EN",47.004667,-2.257167,17.2083333333333,14.4041666666667,83.7916666666667,7.04583333333333,2013-10-23
"20131024","NOIRMOUTIER EN",47.004667,-2.257167,16.8458333333333,13.525,81.875,4.2375,2013-10-24
"20131025","NOIRMOUTIER EN",47.004667,-2.257167,17.3041666666667,15.35,88.5833333333333,3.98333333333333,2013-10-25
"20131026","NOIRMOUTIER EN",47.004667,-2.257167,16.8291666666667,14.4875,86.3333333333333,5.975,2013-10-26
"20131027","NOIRMOUTIER EN",47.004667,-2.257167,16.4208333333333,13.7958333333333,84.5,11.275,2013-10-27
"20131028","NOIRMOUTIER EN",47.004667,-2.257167,15.2458333333333,10,71.375,11.2416666666667,2013-10-28
"20131029","NOIRMOUTIER EN",47.004667,-2.257167,13.0958333333333,6.67916666666667,65.3333333333333,5.70416666666667,2013-10-29
"20131030","NOIRMOUTIER EN",47.004667,-2.257167,12.4791666666667,8.25,76.2083333333333,2.8125,2013-10-30
"20131031","NOIRMOUTIER EN",47.004667,-2.257167,14.3958333333333,11.0666666666667,80.875,6.26666666666667,2013-10-31
"20131101","NOIRMOUTIER EN",47.004667,-2.257167,14.4333333333333,13.3375,93.25,6.88333333333333,2013-11-01
"20131102","NOIRMOUTIER EN",47.004667,-2.257167,14.4625,11.2625,81.4166666666667,8.7375,2013-11-02
"20131103","NOIRMOUTIER EN",47.004667,-2.257167,12.7625,8.54166666666667,75.9166666666667,10.3791666666667,2013-11-03
"20131104","NOIRMOUTIER EN",47.004667,-2.257167,13.5291666666667,10.1458333333333,80.3333333333333,7.81666666666667,2013-11-04
"20131105","NOIRMOUTIER EN",47.004667,-2.257167,14.5041666666667,12.6625,88.7916666666667,8.3875,2013-11-05
"20131106","NOIRMOUTIER EN",47.004667,-2.257167,15.4541666666667,13.1541666666667,86.1666666666667,9.68333333333333,2013-11-06
"20131107","NOIRMOUTIER EN",47.004667,-2.257167,15.05,13.35,89.5416666666667,8.10416666666667,2013-11-07
"20131108","NOIRMOUTIER EN",47.004667,-2.257167,12.7958333333333,8.84583333333333,77.3333333333333,7.27083333333333,2013-11-08
"20131109","NOIRMOUTIER EN",47.004667,-2.257167,12.8583333333333,9.0375,78,9.08333333333333,2013-11-09
"20131110","NOIRMOUTIER EN",47.004667,-2.257167,13.0625,9.55833333333333,79.7083333333333,6.92916666666667,2013-11-10
"20131111","NOIRMOUTIER EN",47.004667,-2.257167,13.0541666666667,12.2625,95,3.6875,2013-11-11
"20131112","NOIRMOUTIER EN",47.004667,-2.257167,14.2375,12.9166666666667,91.9583333333333,4.35833333333333,2013-11-12
"20131113","NOIRMOUTIER EN",47.004667,-2.257167,10.0416666666667,5.94166666666667,76.0833333333333,4.80416666666667,2013-11-13
"20131114","NOIRMOUTIER EN",47.004667,-2.257167,10.7333333333333,5.47916666666667,70.4166666666667,6.61666666666667,2013-11-14
"20131115","NOIRMOUTIER EN",47.004667,-2.257167,9.1875,4.35833333333333,72.0416666666667,6.5375,2013-11-15
"20131116","NOIRMOUTIER EN",47.004667,-2.257167,7.42083333333333,3.475,76.4166666666667,5.67916666666667,2013-11-16
"20131117","NOIRMOUTIER EN",47.004667,-2.257167,5.1125,2.0375,80.4166666666667,4.37083333333333,2013-11-17
"20131118","NOIRMOUTIER EN",47.004667,-2.257167,7.05833333333333,4.29166666666667,82.7083333333333,1.92916666666667,2013-11-18
"20131119","NOIRMOUTIER EN",47.004667,-2.257167,8.27916666666667,3.37083333333333,71.5416666666667,5.86666666666667,2013-11-19
"20131120","NOIRMOUTIER EN",47.004667,-2.257167,7.9875,3.55833333333333,73.8333333333333,6.95,2013-11-20
"20131121","NOIRMOUTIER EN",47.004667,-2.257167,7.57916666666667,3.11666666666667,73.5833333333333,7.725,2013-11-21
"20131122","NOIRMOUTIER EN",47.004667,-2.257167,6.77916666666667,2.65416666666667,75.2083333333333,5.40833333333333,2013-11-22
"20131123","NOIRMOUTIER EN",47.004667,-2.257167,8.05416666666667,3.80833333333333,74.8333333333333,5.82083333333333,2013-11-23
"20131124","NOIRMOUTIER EN",47.004667,-2.257167,8.58333333333333,4.9375,78,5.05833333333333,2013-11-24
"20131125","NOIRMOUTIER EN",47.004667,-2.257167,7.975,3.8375,75.3333333333333,5.425,2013-11-25
"20131126","NOIRMOUTIER EN",47.004667,-2.257167,7.69166666666667,3.60416666666667,75.5833333333333,5.04583333333333,2013-11-26
"20131127","NOIRMOUTIER EN",47.004667,-2.257167,6.8,2.46666666666667,74,3.4,2013-11-27
"20131128","NOIRMOUTIER EN",47.004667,-2.257167,5.325,0.6,72.375,2.71666666666667,2013-11-28
"20131129","NOIRMOUTIER EN",47.004667,-2.257167,7.99583333333333,5.65,85.25,2.57916666666667,2013-11-29
"20131130","NOIRMOUTIER EN",47.004667,-2.257167,8.7625,4.27916666666667,73.9583333333333,5.2875,2013-11-30
"20131201","NOIRMOUTIER EN",47.004667,-2.257167,6.8125,3.65416666666667,80.4166666666667,4.35,2013-12-01
"20131202","NOIRMOUTIER EN",47.004667,-2.257167,6.41666666666667,2.44583333333333,76,5.25416666666667,2013-12-02
"20131203","NOIRMOUTIER EN",47.004667,-2.257167,5.50416666666667,1.74583333333333,77.375,1.49166666666667,2013-12-03
"20131204","NOIRMOUTIER EN",47.004667,-2.257167,4.9125,2.75,86.1666666666667,0.9125,2013-12-04
"20131205","NOIRMOUTIER EN",47.004667,-2.257167,7.75,4.3125,79.4583333333333,2.9125,2013-12-05
"20131206","NOIRMOUTIER EN",47.004667,-2.257167,8.73333333333333,5.44166666666667,80.0833333333333,2.9125,2013-12-06
"20131207","NOIRMOUTIER EN",47.004667,-2.257167,5.42083333333333,1.84166666666667,78.25,2.0125,2013-12-07
"20131208","NOIRMOUTIER EN",47.004667,-2.257167,4.90416666666667,1.52916666666667,79,2.54166666666667,2013-12-08
"20131209","NOIRMOUTIER EN",47.004667,-2.257167,3.88333333333333,2.225,89.2083333333333,1.57083333333333,2013-12-09
"20131210","NOIRMOUTIER EN",47.004667,-2.257167,4.25833333333333,1.93333333333333,85.2083333333333,1.8875,2013-12-10
"20131211","NOIRMOUTIER EN",47.004667,-2.257167,5.9375,2.15416666666667,76.9166666666667,3.59583333333333,2013-12-11
"20131212","NOIRMOUTIER EN",47.004667,-2.257167,6.2625,4.95,91.5416666666667,2.54166666666667,2013-12-12
"20131213","NOIRMOUTIER EN",47.004667,-2.257167,7.92083333333333,6.97083333333333,93.8333333333333,3.7625,2013-12-13
"20131214","NOIRMOUTIER EN",47.004667,-2.257167,8.7125,6.84583333333333,88.3333333333333,4.41666666666667,2013-12-14
"20131215","NOIRMOUTIER EN",47.004667,-2.257167,10.0458333333333,8.4625,90,4.8,2013-12-15
"20131216","NOIRMOUTIER EN",47.004667,-2.257167,9.90416666666667,8.41666666666667,90.6666666666667,5.27916666666667,2013-12-16
"20131217","NOIRMOUTIER EN",47.004667,-2.257167,9.575,7.975,89.9166666666667,4.2875,2013-12-17
"20131218","NOIRMOUTIER EN",47.004667,-2.257167,10.3541666666667,8.36666666666667,87.7916666666667,6.70833333333333,2013-12-18
"20131219","NOIRMOUTIER EN",47.004667,-2.257167,9.48333333333333,5.63333333333333,77.2083333333333,5.98333333333333,2013-12-19
"20131220","NOIRMOUTIER EN",47.004667,-2.257167,8.44166666666667,4.59583333333333,76.9166666666667,3.62916666666667,2013-12-20
"20131221","NOIRMOUTIER EN",47.004667,-2.257167,10.1708333333333,7.2625,82.5,8.50416666666667,2013-12-21
"20131222","NOIRMOUTIER EN",47.004667,-2.257167,10.6041666666667,8.88333333333333,89.2083333333333,7.2875,2013-12-22
"20131223","NOIRMOUTIER EN",47.004667,-2.257167,11,8.23333333333333,83.2083333333333,9.89583333333333,2013-12-23
"20131224","NOIRMOUTIER EN",47.004667,-2.257167,10.7708333333333,8.63333333333333,86.7916666666667,10.35,2013-12-24
"20131225","NOIRMOUTIER EN",47.004667,-2.257167,7.38333333333333,4.30833333333333,81.125,5.39166666666667,2013-12-25
"20131226","NOIRMOUTIER EN",47.004667,-2.257167,8.57083333333333,4.97083333333333,78.2916666666667,6.09166666666667,2013-12-26
"20131227","NOIRMOUTIER EN",47.004667,-2.257167,11.4291666666667,10.0291666666667,91.1666666666667,9.39166666666667,2013-12-27
"20131228","NOIRMOUTIER EN",47.004667,-2.257167,7.79583333333333,5.0125,82.875,4.50416666666667,2013-12-28
"20131229","NOIRMOUTIER EN",47.004667,-2.257167,8.23333333333333,4.9125,79.875,3.76666666666667,2013-12-29
"20131230","NOIRMOUTIER EN",47.004667,-2.257167,10.5708333333333,8.17083333333333,85.375,7.97083333333333,2013-12-30
"20131231","NOIRMOUTIER EN",47.004667,-2.257167,10.3333333333333,8.0625,85.9166666666667,7.28333333333333,2013-12-31
"20140101","NOIRMOUTIER EN",47.004667,-2.257167,11.1583333333333,8.5875,84.2083333333333,10.8125,2014-01-01
"20140102","NOIRMOUTIER EN",47.004667,-2.257167,11.2541666666667,8.82916666666667,85.125,7.64583333333333,2014-01-02
"20140103","NOIRMOUTIER EN",47.004667,-2.257167,11.8625,9.08333333333333,83.1666666666667,8.28333333333333,2014-01-03
"20140104","NOIRMOUTIER EN",47.004667,-2.257167,9.77083333333333,6.58333333333333,80.75,9.24583333333333,2014-01-04
"20140105","NOIRMOUTIER EN",47.004667,-2.257167,10.9958333333333,8.79166666666667,86.4583333333333,7.675,2014-01-05
"20140106","NOIRMOUTIER EN",47.004667,-2.257167,12.6208333333333,10.4166666666667,86.4166666666667,8.84583333333333,2014-01-06
"20140107","NOIRMOUTIER EN",47.004667,-2.257167,11.7416666666667,9.0125,83.5,6.42916666666667,2014-01-07
"20140108","NOIRMOUTIER EN",47.004667,-2.257167,10.9083333333333,9.47916666666667,90.9583333333333,4.6,2014-01-08
"20140109","NOIRMOUTIER EN",47.004667,-2.257167,9.89583333333333,8.13333333333333,88.8333333333333,3.75833333333333,2014-01-09
"20140110","NOIRMOUTIER EN",47.004667,-2.257167,6.3,5.6,95,0.6,2014-01-10
"20140203","NOIRMOUTIER EN",47.004667,-2.257167,8.22307692307692,5.39230769230769,82.3076923076923,7.9,2014-02-03
"20140204","NOIRMOUTIER EN",47.004667,-2.257167,8.62083333333333,4.8625,77.4583333333333,9.25833333333333,2014-02-04
"20140205","NOIRMOUTIER EN",47.004667,-2.257167,9.46666666666667,5.07083333333333,74.2083333333333,12.175,2014-02-05
"20140206","NOIRMOUTIER EN",47.004667,-2.257167,11.0166666666667,8.05416666666667,81.9583333333333,9.62916666666667,2014-02-06
"20140207","NOIRMOUTIER EN",47.004667,-2.257167,9.86666666666667,6.125,77.9166666666667,10.3958333333333,2014-02-07
"20140208","NOIRMOUTIER EN",47.004667,-2.257167,9.125,5.0875,76.0833333333333,12.7041666666667,2014-02-08
"20140209","NOIRMOUTIER EN",47.004667,-2.257167,8.07916666666667,4.0875,76.0416666666667,8.46666666666667,2014-02-09
"20140210","NOIRMOUTIER EN",47.004667,-2.257167,7.87083333333333,4.47916666666667,79.375,6.28333333333333,2014-02-10
"20140211","NOIRMOUTIER EN",47.004667,-2.257167,8.47083333333333,4.925,78.7083333333333,8.16666666666667,2014-02-11
"20140212","NOIRMOUTIER EN",47.004667,-2.257167,9.22083333333333,5.6625,78.625,8.1625,2014-02-12
"20140213","NOIRMOUTIER EN",47.004667,-2.257167,8.88333333333333,5.75,81.125,7.6375,2014-02-13
"20140214","NOIRMOUTIER EN",47.004667,-2.257167,10.5541666666667,7.98333333333333,84.2916666666667,9.53333333333333,2014-02-14
"20140215","NOIRMOUTIER EN",47.004667,-2.257167,9.44166666666667,5.6875,77.5833333333333,7.35833333333333,2014-02-15
"20140216","NOIRMOUTIER EN",47.004667,-2.257167,8.7125,5.87916666666667,82.6666666666667,4.85416666666667,2014-02-16
"20140217","NOIRMOUTIER EN",47.004667,-2.257167,9.68333333333333,6.78333333333333,82.25,5.8625,2014-02-17
"20140218","NOIRMOUTIER EN",47.004667,-2.257167,10.2875,8.1125,86.5,4.4375,2014-02-18
"20140219","NOIRMOUTIER EN",47.004667,-2.257167,10.4708333333333,8.95416666666667,90.4583333333333,4.63333333333333,2014-02-19
"20140220","NOIRMOUTIER EN",47.004667,-2.257167,10.7666666666667,9.15,89.9166666666667,7.97083333333333,2014-02-20
"20140221","NOIRMOUTIER EN",47.004667,-2.257167,7.94166666666667,4.45833333333333,78.8333333333333,6.52083333333333,2014-02-21
"20140222","NOIRMOUTIER EN",47.004667,-2.257167,10.1708333333333,7.5375,83.9166666666667,5.82916666666667,2014-02-22
"20140223","NOIRMOUTIER EN",47.004667,-2.257167,10.6125,7.5125,81.5,5.15416666666667,2014-02-23
"20140224","NOIRMOUTIER EN",47.004667,-2.257167,11.1666666666667,8.7625,85.2916666666667,5.825,2014-02-24
"20140225","NOIRMOUTIER EN",47.004667,-2.257167,9.14583333333333,5.89583333333333,80.375,7.97916666666667,2014-02-25
"20140226","NOIRMOUTIER EN",47.004667,-2.257167,8.42916666666667,4.93333333333333,79,3.5875,2014-02-26
"20140227","NOIRMOUTIER EN",47.004667,-2.257167,10.2583333333333,7.70416666666667,84.375,8.35416666666667,2014-02-27
"20140228","NOIRMOUTIER EN",47.004667,-2.257167,8.50416666666667,4.4625,75.9583333333333,11.8291666666667,2014-02-28
"20140301","NOIRMOUTIER EN",47.004667,-2.257167,7.88333333333333,3.87083333333333,75.875,3.3375,2014-03-01
"20140302","NOIRMOUTIER EN",47.004667,-2.257167,8.59166666666667,6.77083333333333,88.375,6.28333333333333,2014-03-02
"20140303","NOIRMOUTIER EN",47.004667,-2.257167,8.23333333333333,4.19166666666667,75.7083333333333,10.8791666666667,2014-03-03
"20140304","NOIRMOUTIER EN",47.004667,-2.257167,8.62083333333333,5.47083333333333,81,5.5,2014-03-04
"20140305","NOIRMOUTIER EN",47.004667,-2.257167,9.06666666666667,6.15416666666667,82.875,2.89166666666667,2014-03-05
"20140306","NOIRMOUTIER EN",47.004667,-2.257167,8.66666666666667,4.95416666666667,79.0833333333333,2.1125,2014-03-06
"20140307","NOIRMOUTIER EN",47.004667,-2.257167,9.42916666666667,5.8125,79.875,1.5,2014-03-07
"20140308","NOIRMOUTIER EN",47.004667,-2.257167,11.2791666666667,5.19166666666667,66.8333333333333,2.53333333333333,2014-03-08
"20140309","NOIRMOUTIER EN",47.004667,-2.257167,13.2666666666667,4.29583333333333,55.7916666666667,4.62083333333333,2014-03-09
"20140310","NOIRMOUTIER EN",47.004667,-2.257167,11.875,6.88333333333333,72.5416666666667,1.8,2014-03-10
"20140311","NOIRMOUTIER EN",47.004667,-2.257167,11.3916666666667,7.52916666666667,77.9166666666667,4.93333333333333,2014-03-11
"20140312","NOIRMOUTIER EN",47.004667,-2.257167,10.6375,7.2,80.5,3.125,2014-03-12
"20140313","NOIRMOUTIER EN",47.004667,-2.257167,9.96666666666667,6.6875,82.5833333333333,1.4875,2014-03-13
"20140314","NOIRMOUTIER EN",47.004667,-2.257167,9.04166666666667,7.625,91.25,2.275,2014-03-14
"20140315","NOIRMOUTIER EN",47.004667,-2.257167,9.4,6.85833333333333,84.2916666666667,3.44166666666667,2014-03-15
"20140316","NOIRMOUTIER EN",47.004667,-2.257167,10.6,8.9125,89.4583333333333,3.64583333333333,2014-03-16
"20140317","NOIRMOUTIER EN",47.004667,-2.257167,8.75833333333333,8.25833333333333,96.625,1.73333333333333,2014-03-17
"20140318","NOIRMOUTIER EN",47.004667,-2.257167,10.275,8.23333333333333,87.625,4.55416666666667,2014-03-18
"20140319","NOIRMOUTIER EN",47.004667,-2.257167,9.9875,7.43333333333333,84.7083333333333,1.45416666666667,2014-03-19
"20140320","NOIRMOUTIER EN",47.004667,-2.257167,10.8458333333333,8.3375,84.8333333333333,4.35833333333333,2014-03-20
"20140321","NOIRMOUTIER EN",47.004667,-2.257167,10.8916666666667,6.86666666666667,76.75,6.60416666666667,2014-03-21
"20140322","NOIRMOUTIER EN",47.004667,-2.257167,9.1375,4.45,72.7083333333333,8.52916666666667,2014-03-22
"20140323","NOIRMOUTIER EN",47.004667,-2.257167,9.36666666666667,3.75416666666667,67.9583333333333,7.4,2014-03-23
"20140324","NOIRMOUTIER EN",47.004667,-2.257167,7.8125,4.98333333333333,82.5,4.85,2014-03-24
"20140325","NOIRMOUTIER EN",47.004667,-2.257167,8.56666666666667,5.8625,83.375,5.1375,2014-03-25
"20140326","NOIRMOUTIER EN",47.004667,-2.257167,8.775,3.54583333333333,70.6666666666667,4.8125,2014-03-26
"20140327","NOIRMOUTIER EN",47.004667,-2.257167,7.15833333333333,3.64166666666667,78.625,3.3,2014-03-27
"20140328","NOIRMOUTIER EN",47.004667,-2.257167,9.49583333333333,5.3875,76.1666666666667,2.57916666666667,2014-03-28
"20140329","NOIRMOUTIER EN",47.004667,-2.257167,12.3541666666667,5.9125,65.4583333333333,3.8625,2014-03-29
"20140330","NOIRMOUTIER EN",47.004667,-2.257167,13.175,8.0375,71.2916666666667,4.1875,2014-03-30
"20140331","NOIRMOUTIER EN",47.004667,-2.257167,12.1666666666667,9.1625,82,4.04166666666667,2014-03-31
"20140401","NOIRMOUTIER EN",47.004667,-2.257167,14.5,9.57083333333333,73.5833333333333,4.11666666666667,2014-04-01
"20140402","NOIRMOUTIER EN",47.004667,-2.257167,14.9416666666667,9.7375,71.4166666666667,4.74166666666667,2014-04-02
"20140403","NOIRMOUTIER EN",47.004667,-2.257167,12.0625,10.6041666666667,90.9583333333333,3.10833333333333,2014-04-03
"20140404","NOIRMOUTIER EN",47.004667,-2.257167,12.1666666666667,9.8375,85.875,4.09166666666667,2014-04-04
"20140405","NOIRMOUTIER EN",47.004667,-2.257167,12.7125,11.7833333333333,94.125,4.3,2014-04-05
"20140406","NOIRMOUTIER EN",47.004667,-2.257167,13.7875,12.6541666666667,92.875,4.30833333333333,2014-04-06
"20140407","NOIRMOUTIER EN",47.004667,-2.257167,13.0916666666667,11.2625,88.8333333333333,4.97083333333333,2014-04-07
"20140408","NOIRMOUTIER EN",47.004667,-2.257167,11.625,6.80833333333333,72.7083333333333,4.79583333333333,2014-04-08
"20140409","NOIRMOUTIER EN",47.004667,-2.257167,11.7375,7.0625,73.625,3.51666666666667,2014-04-09
"20140410","NOIRMOUTIER EN",47.004667,-2.257167,13.2458333333333,7.65833333333333,69.9583333333333,3.90416666666667,2014-04-10
"20140411","NOIRMOUTIER EN",47.004667,-2.257167,12.7458333333333,7.36666666666667,70.375,5.06666666666667,2014-04-11
"20140412","NOIRMOUTIER EN",47.004667,-2.257167,12.5375,8.6375,77.5416666666667,3.52916666666667,2014-04-12
"20140413","NOIRMOUTIER EN",47.004667,-2.257167,11.65,7.7125,77.3333333333333,3.43333333333333,2014-04-13
"20140414","NOIRMOUTIER EN",47.004667,-2.257167,12.8833333333333,8.04166666666667,73.1666666666667,3.99583333333333,2014-04-14
"20140415","NOIRMOUTIER EN",47.004667,-2.257167,12.825,2.62916666666667,50.7916666666667,6.65,2014-04-15
"20140416","NOIRMOUTIER EN",47.004667,-2.257167,13.8041666666667,3.55416666666667,51.0833333333333,4.94166666666667,2014-04-16
"20140417","NOIRMOUTIER EN",47.004667,-2.257167,14.0458333333333,6.36666666666667,62.0833333333333,2.55,2014-04-17
"20140418","NOIRMOUTIER EN",47.004667,-2.257167,13.375,7.57083333333333,68.7083333333333,3.52916666666667,2014-04-18
"20140419","NOIRMOUTIER EN",47.004667,-2.257167,10.575,3.33333333333333,61.7083333333333,4.41666666666667,2014-04-19
"20140420","NOIRMOUTIER EN",47.004667,-2.257167,10.35,5.70416666666667,73.2083333333333,3.7375,2014-04-20
"20140421","NOIRMOUTIER EN",47.004667,-2.257167,11.9333333333333,6.075,69.3333333333333,1.90833333333333,2014-04-21
"20140422","NOIRMOUTIER EN",47.004667,-2.257167,12.5041666666667,9.01666666666667,79.8333333333333,3.1,2014-04-22
"20140423","NOIRMOUTIER EN",47.004667,-2.257167,12.7416666666667,10.3333333333333,85.4166666666667,3.87083333333333,2014-04-23
"20140424","NOIRMOUTIER EN",47.004667,-2.257167,11.8416666666667,9.08333333333333,84,2.6,2014-04-24
"20140425","NOIRMOUTIER EN",47.004667,-2.257167,12.9666666666667,9.2,78.3333333333333,6.34166666666667,2014-04-25
"20140426","NOIRMOUTIER EN",47.004667,-2.257167,12.8291666666667,9.0375,78.2916666666667,9.7125,2014-04-26
"20140427","NOIRMOUTIER EN",47.004667,-2.257167,12.0041666666667,9.19583333333333,83.0416666666667,11.9541666666667,2014-04-27
"20140428","NOIRMOUTIER EN",47.004667,-2.257167,12.45,9.225,80.7916666666667,8.075,2014-04-28
"20140429","NOIRMOUTIER EN",47.004667,-2.257167,11.8208333333333,9.675,86.9583333333333,3.37916666666667,2014-04-29
"20140430","NOIRMOUTIER EN",47.004667,-2.257167,12.9541666666667,10.6708333333333,86.3333333333333,3.13333333333333,2014-04-30
"20140501","NOIRMOUTIER EN",47.004667,-2.257167,13.0833333333333,10.7875,86.1666666666667,6.89583333333333,2014-05-01
"20140502","NOIRMOUTIER EN",47.004667,-2.257167,13.6041666666667,9.85833333333333,78.2083333333333,5.22916666666667,2014-05-02
"20140503","NOIRMOUTIER EN",47.004667,-2.257167,12.3333333333333,5.46666666666667,64.4166666666667,4.18333333333333,2014-05-03
"20140504","NOIRMOUTIER EN",47.004667,-2.257167,12.55,6.325,67.25,2.74583333333333,2014-05-04
"20140505","NOIRMOUTIER EN",47.004667,-2.257167,14.2666666666667,8.45416666666667,69.2916666666667,3.64166666666667,2014-05-05
"20140506","NOIRMOUTIER EN",47.004667,-2.257167,14.2791666666667,12.3583333333333,88.25,6.25833333333333,2014-05-06
"20140507","NOIRMOUTIER EN",47.004667,-2.257167,13.9166666666667,10.725,81.5,5.82083333333333,2014-05-07
"20140508","NOIRMOUTIER EN",47.004667,-2.257167,13.85,10.8666666666667,82.625,6.74166666666667,2014-05-08
"20140509","NOIRMOUTIER EN",47.004667,-2.257167,14.0208333333333,10.7291666666667,81.125,4.875,2014-05-09
"20140510","NOIRMOUTIER EN",47.004667,-2.257167,14.2416666666667,11.9166666666667,86.25,7.925,2014-05-10
"20140511","NOIRMOUTIER EN",47.004667,-2.257167,13.0958333333333,8.19583333333333,72.5,8.78333333333333,2014-05-11
"20140512","NOIRMOUTIER EN",47.004667,-2.257167,12.3541666666667,7.58333333333333,72.875,6.125,2014-05-12
"20140513","NOIRMOUTIER EN",47.004667,-2.257167,12.9041666666667,7.99583333333333,72.25,5.49583333333333,2014-05-13
"20140514","NOIRMOUTIER EN",47.004667,-2.257167,13.3291666666667,8.8125,74.5833333333333,3.58333333333333,2014-05-14
"20140515","NOIRMOUTIER EN",47.004667,-2.257167,15.5416666666667,6.16666666666667,56.1666666666667,4.71666666666667,2014-05-15
"20140516","NOIRMOUTIER EN",47.004667,-2.257167,15.1458333333333,6.70833333333333,58.1666666666667,4.675,2014-05-16
"20140517","NOIRMOUTIER EN",47.004667,-2.257167,16.7291666666667,9.69166666666667,64.625,3.32916666666667,2014-05-17
"20140518","NOIRMOUTIER EN",47.004667,-2.257167,17.7416666666667,10.7916666666667,65.8333333333333,1.93333333333333,2014-05-18
"20140519","NOIRMOUTIER EN",47.004667,-2.257167,15.8583333333333,11.9125,77.8333333333333,4.74583333333333,2014-05-19
"20140520","NOIRMOUTIER EN",47.004667,-2.257167,14.5,10.225,76.3333333333333,3.4875,2014-05-20
"20140521","NOIRMOUTIER EN",47.004667,-2.257167,13.7833333333333,10.7916666666667,82.25,4.125,2014-05-21
"20140522","NOIRMOUTIER EN",47.004667,-2.257167,14.1083333333333,10.3666666666667,78.4583333333333,7.35833333333333,2014-05-22
"20140523","NOIRMOUTIER EN",47.004667,-2.257167,13.3625,8.90416666666667,74.6666666666667,5.11666666666667,2014-05-23
"20140524","NOIRMOUTIER EN",47.004667,-2.257167,13.1083333333333,8.52083333333333,73.9583333333333,6.0875,2014-05-24
"20140525","NOIRMOUTIER EN",47.004667,-2.257167,12.5958333333333,8.70833333333333,77.5,2.00833333333333,2014-05-25
"20140526","NOIRMOUTIER EN",47.004667,-2.257167,13.9833333333333,9.30833333333333,73.875,3.8875,2014-05-26
"20140527","NOIRMOUTIER EN",47.004667,-2.257167,14.1458333333333,10.225,77.7083333333333,3.69166666666667,2014-05-27
"20140528","NOIRMOUTIER EN",47.004667,-2.257167,14.7125,10.6125,77.0416666666667,3.8625,2014-05-28
"20140529","NOIRMOUTIER EN",47.004667,-2.257167,15.5083333333333,11.2791666666667,76.375,3.86666666666667,2014-05-29
"20140530","NOIRMOUTIER EN",47.004667,-2.257167,15.3125,11.5416666666667,78.625,2.96666666666667,2014-05-30
"20140531","NOIRMOUTIER EN",47.004667,-2.257167,17.1125,12.4708333333333,75.6666666666667,3.30416666666667,2014-05-31
"20140601","NOIRMOUTIER EN",47.004667,-2.257167,15.6041666666667,11.5041666666667,76.9583333333333,3.84583333333333,2014-06-01
"20140602","NOIRMOUTIER EN",47.004667,-2.257167,15.9083333333333,12.3583333333333,80.2083333333333,3.1,2014-06-02
"20140603","NOIRMOUTIER EN",47.004667,-2.257167,15.3041666666667,12.1958333333333,82.125,3.325,2014-06-03
"20140604","NOIRMOUTIER EN",47.004667,-2.257167,14.7791666666667,10.0333333333333,74.1666666666667,7.92916666666667,2014-06-04
"20140605","NOIRMOUTIER EN",47.004667,-2.257167,15.1458333333333,8.57916666666667,65.6666666666667,3.12083333333333,2014-06-05
"20140606","NOIRMOUTIER EN",47.004667,-2.257167,20.1291666666667,12.7125,63.9583333333333,5.3875,2014-06-06
"20140607","NOIRMOUTIER EN",47.004667,-2.257167,17.2833333333333,13.1208333333333,77.3333333333333,2.22916666666667,2014-06-07
"20140608","NOIRMOUTIER EN",47.004667,-2.257167,19.3083333333333,12.5125,67.5,2.6,2014-06-08
"20140609","NOIRMOUTIER EN",47.004667,-2.257167,18.2,12.9041666666667,71.875,4.175,2014-06-09
"20140610","NOIRMOUTIER EN",47.004667,-2.257167,16.9291666666667,12.2333333333333,74.4166666666667,3.6875,2014-06-10
"20140611","NOIRMOUTIER EN",47.004667,-2.257167,17.7333333333333,12.1666666666667,71.2916666666667,3.55833333333333,2014-06-11
"20140612","NOIRMOUTIER EN",47.004667,-2.257167,20.8041666666667,13.4666666666667,64.3333333333333,4.01666666666667,2014-06-12
"20140613","NOIRMOUTIER EN",47.004667,-2.257167,19.9041666666667,13.375,67.0833333333333,4.33333333333333,2014-06-13
"20140614","NOIRMOUTIER EN",47.004667,-2.257167,19.3541666666667,13.1666666666667,68,4.25416666666667,2014-06-14
"20140615","NOIRMOUTIER EN",47.004667,-2.257167,18.1458333333333,10.0875,60.4583333333333,5.51666666666667,2014-06-15
"20140616","NOIRMOUTIER EN",47.004667,-2.257167,17.4,9.95,62.7083333333333,5.67083333333333,2014-06-16
"20140617","NOIRMOUTIER EN",47.004667,-2.257167,16.7875,10.0333333333333,65.5416666666667,5.63333333333333,2014-06-17
"20140618","NOIRMOUTIER EN",47.004667,-2.257167,17.15,10.575,66.625,NA,2014-06-18
"20140619","NOIRMOUTIER EN",47.004667,-2.257167,18.6791666666667,12.45,68.625,NA,2014-06-19
"20140620","NOIRMOUTIER EN",47.004667,-2.257167,20.8458333333333,13.0541666666667,62.875,4.12916666666667,2014-06-20
"20140621","NOIRMOUTIER EN",47.004667,-2.257167,20.7958333333333,11.175,55.625,4.45,2014-06-21
"20140622","NOIRMOUTIER EN",47.004667,-2.257167,21.3416666666667,12.4333333333333,57.7916666666667,NA,2014-06-22
"20140623","NOIRMOUTIER EN",47.004667,-2.257167,21.0375,15.3791666666667,71.0833333333333,NA,2014-06-23
"20140624","NOIRMOUTIER EN",47.004667,-2.257167,20.7125,14.6166666666667,70.7083333333333,NA,2014-06-24
"20140625","NOIRMOUTIER EN",47.004667,-2.257167,19.9916666666667,13.3291666666667,67.7916666666667,3.22083333333333,2014-06-25
"20140626","NOIRMOUTIER EN",47.004667,-2.257167,18.0583333333333,14.4166666666667,80.0416666666667,3.37916666666667,2014-06-26
"20140627","NOIRMOUTIER EN",47.004667,-2.257167,17.0541666666667,12.55,75.5,4.28333333333333,2014-06-27
"20140628","NOIRMOUTIER EN",47.004667,-2.257167,14.9208333333333,12.5333333333333,85.7916666666667,2.6625,2014-06-28
"20140629","NOIRMOUTIER EN",47.004667,-2.257167,14.7,10.8416666666667,78.3333333333333,5.7125,2014-06-29
"20140630","NOIRMOUTIER EN",47.004667,-2.257167,16.2625,12.9208333333333,81.0416666666667,3.19583333333333,2014-06-30
"20140701","NOIRMOUTIER EN",47.004667,-2.257167,17.4666666666667,14.0166666666667,80.625,2.64166666666667,2014-07-01
"20140702","NOIRMOUTIER EN",47.004667,-2.257167,20.3541666666667,12.9375,63.7916666666667,3.875,2014-07-02
"20140703","NOIRMOUTIER EN",47.004667,-2.257167,22.1958333333333,13.5708333333333,59.625,3.1125,2014-07-03
"20140704","NOIRMOUTIER EN",47.004667,-2.257167,18.775,15.6166666666667,82.3333333333333,5.00416666666667,2014-07-04
"20140705","NOIRMOUTIER EN",47.004667,-2.257167,16.8291666666667,15.1416666666667,89.875,8.05833333333333,2014-07-05
"20140706","NOIRMOUTIER EN",47.004667,-2.257167,15.5208333333333,11.7916666666667,79.25,5.9125,2014-07-06
"20140707","NOIRMOUTIER EN",47.004667,-2.257167,15.5291666666667,10.4208333333333,72.25,3.1125,2014-07-07
"20140708","NOIRMOUTIER EN",47.004667,-2.257167,15.9125,11.8791666666667,77.25,5.1875,2014-07-08
"20140709","NOIRMOUTIER EN",47.004667,-2.257167,16.2708333333333,10.4541666666667,68.7916666666667,6.22916666666667,2014-07-09
"20140710","NOIRMOUTIER EN",47.004667,-2.257167,16.7125,12.4708333333333,76.25,6.17083333333333,2014-07-10
"20140711","NOIRMOUTIER EN",47.004667,-2.257167,16.7625,13.3416666666667,80.375,4.63333333333333,2014-07-11
"20140712","NOIRMOUTIER EN",47.004667,-2.257167,16.6958333333333,14.0541666666667,84.7083333333333,4.05416666666667,2014-07-12
"20140713","NOIRMOUTIER EN",47.004667,-2.257167,16.6125,14.8583333333333,89.5416666666667,5.35,2014-07-13
"20140714","NOIRMOUTIER EN",47.004667,-2.257167,16.1708333333333,11.9291666666667,76.75,2.37916666666667,2014-07-14
"20140715","NOIRMOUTIER EN",47.004667,-2.257167,17.4583333333333,14.75,84.6666666666667,2.4375,2014-07-15
"20140716","NOIRMOUTIER EN",47.004667,-2.257167,20.025,15.8583333333333,78.0833333333333,3.325,2014-07-16
"20140717","NOIRMOUTIER EN",47.004667,-2.257167,23.0083333333333,16.8416666666667,72,5.07083333333333,2014-07-17
"20140718","NOIRMOUTIER EN",47.004667,-2.257167,18.6916666666667,15.7125,83.1666666666667,3.81666666666667,2014-07-18
"20140719","NOIRMOUTIER EN",47.004667,-2.257167,18.8875,15.6375,82,3.74166666666667,2014-07-19
"20140720","NOIRMOUTIER EN",47.004667,-2.257167,18.1375,16.2041666666667,88.7083333333333,3.70833333333333,2014-07-20
"20140721","NOIRMOUTIER EN",47.004667,-2.257167,18.3625,15.5416666666667,83.8333333333333,4.85,2014-07-21
"20140722","NOIRMOUTIER EN",47.004667,-2.257167,17,15,88,2.8,2014-07-22
"20140729","NOIRMOUTIER EN",47.004667,-2.257167,19.8923076923077,16.2769230769231,79.8461538461538,5.63846153846154,2014-07-29
"20140730","NOIRMOUTIER EN",47.004667,-2.257167,18.5708333333333,15.2041666666667,81.2083333333333,2.92083333333333,2014-07-30
"20140731","NOIRMOUTIER EN",47.004667,-2.257167,19.2916666666667,14.8125,76.0416666666667,3.20833333333333,2014-07-31
"20140801","NOIRMOUTIER EN",47.004667,-2.257167,18.6916666666667,14.2458333333333,75.8333333333333,3.225,2014-08-01
"20140802","NOIRMOUTIER EN",47.004667,-2.257167,19.4708333333333,16.1291666666667,81.3333333333333,4.29583333333333,2014-08-02
"20140803","NOIRMOUTIER EN",47.004667,-2.257167,18.6625,13.675,73.375,3.4375,2014-08-03
"20140804","NOIRMOUTIER EN",47.004667,-2.257167,18.6791666666667,14.1333333333333,75.875,2.38333333333333,2014-08-04
"20140805","NOIRMOUTIER EN",47.004667,-2.257167,19.7333333333333,15.8333333333333,79.2916666666667,3.74166666666667,2014-08-05
"20140806","NOIRMOUTIER EN",47.004667,-2.257167,20.3958333333333,18.2375,87.625,5.4625,2014-08-06
"20140807","NOIRMOUTIER EN",47.004667,-2.257167,20.2458333333333,17.4208333333333,84.1666666666667,3.59583333333333,2014-08-07
"20140808","NOIRMOUTIER EN",47.004667,-2.257167,18.8041666666667,17.1583333333333,90.2083333333333,4.64583333333333,2014-08-08
"20140809","NOIRMOUTIER EN",47.004667,-2.257167,19.1291666666667,16.1375,83.4166666666667,2.4375,2014-08-09
"20140810","NOIRMOUTIER EN",47.004667,-2.257167,19.4833333333333,16.0416666666667,81.0416666666667,8.18333333333333,2014-08-10
"20140811","NOIRMOUTIER EN",47.004667,-2.257167,18.5541666666667,13.8208333333333,74.125,5.7375,2014-08-11
"20140812","NOIRMOUTIER EN",47.004667,-2.257167,17.3958333333333,14.5375,83.5,3.74166666666667,2014-08-12
"20140813","NOIRMOUTIER EN",47.004667,-2.257167,17.4208333333333,13.6375,78.75,6.52916666666667,2014-08-13
"20140814","NOIRMOUTIER EN",47.004667,-2.257167,17.4791666666667,13.8125,79.0833333333333,5.89166666666667,2014-08-14
"20140815","NOIRMOUTIER EN",47.004667,-2.257167,17.0541666666667,12.8125,76.2916666666667,4.825,2014-08-15
"20140816","NOIRMOUTIER EN",47.004667,-2.257167,16.7208333333333,11.6541666666667,72.7916666666667,3.32083333333333,2014-08-16
"20140817","NOIRMOUTIER EN",47.004667,-2.257167,17.0666666666667,12.7,75.9583333333333,3.49583333333333,2014-08-17
"20140818","NOIRMOUTIER EN",47.004667,-2.257167,17.3666666666667,12.4,73,4.45833333333333,2014-08-18
"20140819","NOIRMOUTIER EN",47.004667,-2.257167,16.1416666666667,10.7,70.625,3.225,2014-08-19
"20140820","NOIRMOUTIER EN",47.004667,-2.257167,15.9041666666667,10.4416666666667,70.8333333333333,3.41666666666667,2014-08-20
"20140821","NOIRMOUTIER EN",47.004667,-2.257167,16.2083333333333,10.85,71.2916666666667,2.90416666666667,2014-08-21
"20140822","NOIRMOUTIER EN",47.004667,-2.257167,16.5666666666667,11.8458333333333,74.125,3.7,2014-08-22
"20140823","NOIRMOUTIER EN",47.004667,-2.257167,16.625,11.4125,72.5833333333333,3.4875,2014-08-23
"20140824","NOIRMOUTIER EN",47.004667,-2.257167,16.9916666666667,13.9125,82.875,1.86666666666667,2014-08-24
"20140825","NOIRMOUTIER EN",47.004667,-2.257167,18.2625,16.5958333333333,90.1666666666667,5.6375,2014-08-25
"20140826","NOIRMOUTIER EN",47.004667,-2.257167,18.8708333333333,16.2541666666667,85.0416666666667,6.3,2014-08-26
"20140827","NOIRMOUTIER EN",47.004667,-2.257167,18.6666666666667,15.9375,84.75,4.71666666666667,2014-08-27
"20140828","NOIRMOUTIER EN",47.004667,-2.257167,19.1125,16.7875,86.7083333333333,4.45,2014-08-28
"20140829","NOIRMOUTIER EN",47.004667,-2.257167,18.0875,14.7291666666667,81.25,3.42083333333333,2014-08-29
"20140830","NOIRMOUTIER EN",47.004667,-2.257167,17.6041666666667,14.4583333333333,82.2083333333333,3,2014-08-30
"20140831","NOIRMOUTIER EN",47.004667,-2.257167,17.0208333333333,13.25,79,3.2125,2014-08-31
"20140901","NOIRMOUTIER EN",47.004667,-2.257167,17.7791666666667,13.725,77.875,2.9375,2014-09-01
"20140902","NOIRMOUTIER EN",47.004667,-2.257167,19.4583333333333,14.4916666666667,73.875,3.02916666666667,2014-09-02
"20140903","NOIRMOUTIER EN",47.004667,-2.257167,20.4833333333333,13.9,67.6666666666667,3.58333333333333,2014-09-03
"20140904","NOIRMOUTIER EN",47.004667,-2.257167,19.75,14.5083333333333,72.7916666666667,2.9875,2014-09-04
"20140905","NOIRMOUTIER EN",47.004667,-2.257167,19.1125,15.6083333333333,81.7916666666667,1.425,2014-09-05
"20140906","NOIRMOUTIER EN",47.004667,-2.257167,18.4666666666667,15.0791666666667,82.375,1.14166666666667,2014-09-06
"20140907","NOIRMOUTIER EN",47.004667,-2.257167,21.125,15.4708333333333,72.0833333333333,2.1125,2014-09-07
"20140908","NOIRMOUTIER EN",47.004667,-2.257167,20.7208333333333,16.6583333333333,78.2916666666667,2.875,2014-09-08
"20140909","NOIRMOUTIER EN",47.004667,-2.257167,20.0041666666667,17.7541666666667,87.25,2.02083333333333,2014-09-09
"20140910","NOIRMOUTIER EN",47.004667,-2.257167,20.6875,13.1083333333333,63.0416666666667,3.9375,2014-09-10
"20140911","NOIRMOUTIER EN",47.004667,-2.257167,18.5875,11.6708333333333,64.9166666666667,4.125,2014-09-11
"20140912","NOIRMOUTIER EN",47.004667,-2.257167,18.7666666666667,11.6083333333333,64.3333333333333,3.65,2014-09-12
"20140913","NOIRMOUTIER EN",47.004667,-2.257167,19.2958333333333,12.9,67.125,3.60833333333333,2014-09-13
"20140914","NOIRMOUTIER EN",47.004667,-2.257167,20.0041666666667,14.5458333333333,71.5833333333333,4.17083333333333,2014-09-14
"20140915","NOIRMOUTIER EN",47.004667,-2.257167,18.9666666666667,15.5458333333333,81.0416666666667,2.2875,2014-09-15
"20140916","NOIRMOUTIER EN",47.004667,-2.257167,21.3791666666667,15.8166666666667,73.2916666666667,3.15833333333333,2014-09-16
"20140917","NOIRMOUTIER EN",47.004667,-2.257167,21.7208333333333,16.6833333333333,73.5416666666667,3.61666666666667,2014-09-17
"20140918","NOIRMOUTIER EN",47.004667,-2.257167,21.0416666666667,17.1458333333333,78.6666666666667,4.12916666666667,2014-09-18
"20140919","NOIRMOUTIER EN",47.004667,-2.257167,21.2416666666667,17.2208333333333,78.4166666666667,3.54583333333333,2014-09-19
"20140920","NOIRMOUTIER EN",47.004667,-2.257167,19.9333333333333,17.7958333333333,87.7916666666667,2.55833333333333,2014-09-20
"20140921","NOIRMOUTIER EN",47.004667,-2.257167,19.15,15.5958333333333,80.75,3.575,2014-09-21
"20140922","NOIRMOUTIER EN",47.004667,-2.257167,17.3875,10.3541666666667,64.6666666666667,5.32083333333333,2014-09-22
"20140923","NOIRMOUTIER EN",47.004667,-2.257167,15.6666666666667,8.625,64.5,4.35,2014-09-23
"20140924","NOIRMOUTIER EN",47.004667,-2.257167,15.9833333333333,11.35,74.4166666666667,3.47083333333333,2014-09-24
"20140925","NOIRMOUTIER EN",47.004667,-2.257167,15.7791666666667,10.4833333333333,72,1.84583333333333,2014-09-25
"20140926","NOIRMOUTIER EN",47.004667,-2.257167,16,11.3791666666667,76.0416666666667,1.79166666666667,2014-09-26
"20140927","NOIRMOUTIER EN",47.004667,-2.257167,18.0166666666667,12.1625,70.875,2.48333333333333,2014-09-27
"20140928","NOIRMOUTIER EN",47.004667,-2.257167,18.1916666666667,14.5208333333333,79.3333333333333,2.89583333333333,2014-09-28
"20140929","NOIRMOUTIER EN",47.004667,-2.257167,18.375,15.4666666666667,84.3333333333333,1.7125,2014-09-29
"20140930","NOIRMOUTIER EN",47.004667,-2.257167,18.0083333333333,15.5958333333333,86.625,1.57916666666667,2014-09-30
"20141001","NOIRMOUTIER EN",47.004667,-2.257167,17.4166666666667,15.2541666666667,87.9583333333333,1.54166666666667,2014-10-01
"20141002","NOIRMOUTIER EN",47.004667,-2.257167,17.5916666666667,15.5833333333333,88.9166666666667,1.45416666666667,2014-10-02
"20141003","NOIRMOUTIER EN",47.004667,-2.257167,17.7541666666667,14.5541666666667,83.5,1.2875,2014-10-03
"20141004","NOIRMOUTIER EN",47.004667,-2.257167,16.2458333333333,13.3958333333333,83.9166666666667,4.9125,2014-10-04
"20141005","NOIRMOUTIER EN",47.004667,-2.257167,13.7541666666667,7.02083333333333,64.7916666666667,2.75416666666667,2014-10-05
"20141006","NOIRMOUTIER EN",47.004667,-2.257167,16.125,12.075,77.5,6.30833333333333,2014-10-06
"20141007","NOIRMOUTIER EN",47.004667,-2.257167,16.1083333333333,11.425,74.0833333333333,7.49583333333333,2014-10-07
"20141008","NOIRMOUTIER EN",47.004667,-2.257167,16.6041666666667,14.4208333333333,87.0833333333333,7.06666666666667,2014-10-08
"20141009","NOIRMOUTIER EN",47.004667,-2.257167,17.0291666666667,12.075,72.75,6.625,2014-10-09
"20141010","NOIRMOUTIER EN",47.004667,-2.257167,15.0291666666667,11.8541666666667,81.9166666666667,2.025,2014-10-10
"20141011","NOIRMOUTIER EN",47.004667,-2.257167,15.8416666666667,12.6083333333333,81.9583333333333,2.14166666666667,2014-10-11
"20141012","NOIRMOUTIER EN",47.004667,-2.257167,15.4541666666667,13.3041666666667,87.2916666666667,8.28333333333333,2014-10-12
"20141013","NOIRMOUTIER EN",47.004667,-2.257167,14.5416666666667,10.3541666666667,76.75,4.28333333333333,2014-10-13
"20141014","NOIRMOUTIER EN",47.004667,-2.257167,14.2166666666667,10.975,82.0833333333333,2.07916666666667,2014-10-14
"20141015","NOIRMOUTIER EN",47.004667,-2.257167,16.9458333333333,15.1458333333333,89.2916666666667,5.05833333333333,2014-10-15
"20141016","NOIRMOUTIER EN",47.004667,-2.257167,17.2666666666667,15.5791666666667,89.9166666666667,5.7875,2014-10-16
"20141017","NOIRMOUTIER EN",47.004667,-2.257167,18.5958333333333,15.5958333333333,83.2916666666667,5.5875,2014-10-17
"20141018","NOIRMOUTIER EN",47.004667,-2.257167,19.2208333333333,16.5208333333333,84.7083333333333,3.24583333333333,2014-10-18
"20141019","NOIRMOUTIER EN",47.004667,-2.257167,17.3833333333333,15.7083333333333,90.2916666666667,2.44583333333333,2014-10-19
"20141020","NOIRMOUTIER EN",47.004667,-2.257167,15.7,14.6291666666667,93.5,0.779166666666667,2014-10-20
"20141021","NOIRMOUTIER EN",47.004667,-2.257167,16.0083333333333,10.8333333333333,72.875,7.82916666666667,2014-10-21
"20141022","NOIRMOUTIER EN",47.004667,-2.257167,13.5083333333333,6.75,64.0833333333333,3.10416666666667,2014-10-22
"20141023","NOIRMOUTIER EN",47.004667,-2.257167,14.1,10.1333333333333,77.5,2.35833333333333,2014-10-23
"20141024","NOIRMOUTIER EN",47.004667,-2.257167,15.7541666666667,12.7166666666667,82.375,3.55416666666667,2014-10-24
"20141025","NOIRMOUTIER EN",47.004667,-2.257167,15.4375,13.7875,90.2083333333333,1.84166666666667,2014-10-25
"20141026","NOIRMOUTIER EN",47.004667,-2.257167,13.7875,10.6291666666667,82.6666666666667,1.83333333333333,2014-10-26
"20141027","NOIRMOUTIER EN",47.004667,-2.257167,15.2458333333333,11.5583333333333,79.9583333333333,2.05,2014-10-27
"20141028","NOIRMOUTIER EN",47.004667,-2.257167,13.9833333333333,11.75,86.7916666666667,2.40833333333333,2014-10-28
"20141029","NOIRMOUTIER EN",47.004667,-2.257167,14.8375,13.3041666666667,90.875,1.85416666666667,2014-10-29
"20141030","NOIRMOUTIER EN",47.004667,-2.257167,16.3541666666667,13.1041666666667,81.3333333333333,3.26666666666667,2014-10-30
"20141031","NOIRMOUTIER EN",47.004667,-2.257167,16.3875,13.0166666666667,80.875,4.4875,2014-10-31
"20141101","NOIRMOUTIER EN",47.004667,-2.257167,16.0875,13.8416666666667,87.0833333333333,3.0875,2014-11-01
"20141102","NOIRMOUTIER EN",47.004667,-2.257167,16.2541666666667,11.8,75.0416666666667,8.07083333333333,2014-11-02
"20141103","NOIRMOUTIER EN",47.004667,-2.257167,12.9541666666667,9.93333333333333,82.2916666666667,6.90416666666667,2014-11-03
"20141104","NOIRMOUTIER EN",47.004667,-2.257167,11.8,6.94583333333333,72.7916666666667,3.36666666666667,2014-11-04
"20141105","NOIRMOUTIER EN",47.004667,-2.257167,11.8458333333333,6.91666666666667,72.0833333333333,3.99583333333333,2014-11-05
"20141106","NOIRMOUTIER EN",47.004667,-2.257167,11.3166666666667,8.90416666666667,85.625,5.5875,2014-11-06
"20141107","NOIRMOUTIER EN",47.004667,-2.257167,14.0541666666667,9.225,73.2083333333333,10.4125,2014-11-07
"20141108","NOIRMOUTIER EN",47.004667,-2.257167,13.3791666666667,10.1458333333333,81.0416666666667,6.575,2014-11-08
"20141109","NOIRMOUTIER EN",47.004667,-2.257167,11.5416666666667,8.34583333333333,81.375,1.72916666666667,2014-11-09
"20141110","NOIRMOUTIER EN",47.004667,-2.257167,12.6416666666667,8.95833333333333,78.8333333333333,5.46666666666667,2014-11-10
"20141111","NOIRMOUTIER EN",47.004667,-2.257167,13.6333333333333,11.1583333333333,85.25,6.97083333333333,2014-11-11
"20141112","NOIRMOUTIER EN",47.004667,-2.257167,12.925,9.03333333333333,77.4583333333333,5.84166666666667,2014-11-12
"20141113","NOIRMOUTIER EN",47.004667,-2.257167,14.3833333333333,11.6833333333333,84,5.55416666666667,2014-11-13
"20141114","NOIRMOUTIER EN",47.004667,-2.257167,13.5666666666667,10.0833333333333,80.125,4.975,2014-11-14
"20141115","NOIRMOUTIER EN",47.004667,-2.257167,11.7583333333333,8.97916666666667,83.4166666666667,3.88333333333333,2014-11-15
"20141116","NOIRMOUTIER EN",47.004667,-2.257167,11.0375,8.45416666666667,84.3333333333333,2.42916666666667,2014-11-16
"20141117","NOIRMOUTIER EN",47.004667,-2.257167,10.3541666666667,8.73333333333333,90.0833333333333,3.175,2014-11-17
"20141118","NOIRMOUTIER EN",47.004667,-2.257167,11.4375,8.9625,84.9583333333333,2.35833333333333,2014-11-18
"20141119","NOIRMOUTIER EN",47.004667,-2.257167,11.8416666666667,9.825,87.5833333333333,3.275,2014-11-19
"20141120","NOIRMOUTIER EN",47.004667,-2.257167,10.7833333333333,8.61666666666667,86.4583333333333,4.24583333333333,2014-11-20
"20141121","NOIRMOUTIER EN",47.004667,-2.257167,12.7666666666667,10.675,87.4166666666667,3.50416666666667,2014-11-21
"20141122","NOIRMOUTIER EN",47.004667,-2.257167,13.9583333333333,12.9958333333333,93.9166666666667,2.51666666666667,2014-11-22
"20141123","NOIRMOUTIER EN",47.004667,-2.257167,12.4791666666667,11.2791666666667,92.5833333333333,3.99583333333333,2014-11-23
"20141124","NOIRMOUTIER EN",47.004667,-2.257167,11.2958333333333,9.72083333333333,90.0416666666667,5.07083333333333,2014-11-24
"20141125","NOIRMOUTIER EN",47.004667,-2.257167,12.1541666666667,11.4291666666667,95.5416666666667,2.425,2014-11-25
"20141126","NOIRMOUTIER EN",47.004667,-2.257167,12.2,10.9041666666667,92.0416666666667,2.325,2014-11-26
"20141127","NOIRMOUTIER EN",47.004667,-2.257167,11.2291666666667,9.50833333333333,89.2916666666667,3.86666666666667,2014-11-27
"20141128","NOIRMOUTIER EN",47.004667,-2.257167,13.1375,9.59166666666667,79.375,4.62916666666667,2014-11-28
"20141129","NOIRMOUTIER EN",47.004667,-2.257167,13.8291666666667,9.95833333333333,77.5833333333333,4.20833333333333,2014-11-29
"20141130","NOIRMOUTIER EN",47.004667,-2.257167,12.375,8.64166666666667,78.3333333333333,5.19583333333333,2014-11-30
"20141201","NOIRMOUTIER EN",47.004667,-2.257167,10.6833333333333,6.74166666666667,76.8333333333333,5.30416666666667,2014-12-01
"20141202","NOIRMOUTIER EN",47.004667,-2.257167,9.29166666666667,6.19583333333333,81.1666666666667,4.1125,2014-12-02
"20141203","NOIRMOUTIER EN",47.004667,-2.257167,7.75833333333333,3.6875,75.6666666666667,5.35416666666667,2014-12-03
"20141204","NOIRMOUTIER EN",47.004667,-2.257167,5.10833333333333,2.24583333333333,81.7916666666667,2.15,2014-12-04
"20141205","NOIRMOUTIER EN",47.004667,-2.257167,7.5125,4.75416666666667,83,3.8125,2014-12-05
"20141206","NOIRMOUTIER EN",47.004667,-2.257167,7.24166666666667,2.25833333333333,70.9166666666667,3.825,2014-12-06
"20141207","NOIRMOUTIER EN",47.004667,-2.257167,8.57916666666667,5.95416666666667,83.9166666666667,3.24583333333333,2014-12-07
"20141208","NOIRMOUTIER EN",47.004667,-2.257167,8.60833333333333,4.38333333333333,75.25,4.47083333333333,2014-12-08
"20141209","NOIRMOUTIER EN",47.004667,-2.257167,8.95833333333333,4.53333333333333,73.7916666666667,3.89583333333333,2014-12-09
"20141210","NOIRMOUTIER EN",47.004667,-2.257167,11.8958333333333,8.70416666666667,81.375,7.35416666666667,2014-12-10
"20141211","NOIRMOUTIER EN",47.004667,-2.257167,11.5625,6.575,71.7083333333333,9.16666666666667,2014-12-11
"20141212","NOIRMOUTIER EN",47.004667,-2.257167,12.6416666666667,9.71666666666667,82.5833333333333,11.1583333333333,2014-12-12
"20141213","NOIRMOUTIER EN",47.004667,-2.257167,8.09166666666667,5.5625,84.2083333333333,6.17083333333333,2014-12-13
"20141214","NOIRMOUTIER EN",47.004667,-2.257167,5.9125,3.34166666666667,84.0833333333333,1.74166666666667,2014-12-14
"20141215","NOIRMOUTIER EN",47.004667,-2.257167,10.7166666666667,8.80833333333333,88.1666666666667,3.74583333333333,2014-12-15
"20141216","NOIRMOUTIER EN",47.004667,-2.257167,10.3375,8.75833333333333,90.125,2.99166666666667,2014-12-16
"20141217","NOIRMOUTIER EN",47.004667,-2.257167,12.5875,11.0083333333333,90.25,8.84166666666667,2014-12-17
"20141218","NOIRMOUTIER EN",47.004667,-2.257167,12.4375,11.0916666666667,91.5416666666667,7.7625,2014-12-18
"20141219","NOIRMOUTIER EN",47.004667,-2.257167,12.2125,10.9416666666667,92.0416666666667,7.39583333333333,2014-12-19
"20141220","NOIRMOUTIER EN",47.004667,-2.257167,9.775,4.6125,70.5416666666667,2.09583333333333,2014-12-20
"20141221","NOIRMOUTIER EN",47.004667,-2.257167,10.5583333333333,5.8125,72.5833333333333,3.02083333333333,2014-12-21
"20141222","NOIRMOUTIER EN",47.004667,-2.257167,10.8833333333333,6.97083333333333,76.9166666666667,4.07916666666667,2014-12-22
"20141223","NOIRMOUTIER EN",47.004667,-2.257167,10.9375,7.2,77.8333333333333,3.90833333333333,2014-12-23
"20141224","NOIRMOUTIER EN",47.004667,-2.257167,12.1583333333333,10.0833333333333,87.2916666666667,5.89583333333333,2014-12-24
"20141225","NOIRMOUTIER EN",47.004667,-2.257167,9.24166666666667,5.46666666666667,77.7916666666667,1.9125,2014-12-25
"20141226","NOIRMOUTIER EN",47.004667,-2.257167,8.725,6.90833333333333,88.5833333333333,4.15833333333333,2014-12-26
"20141227","NOIRMOUTIER EN",47.004667,-2.257167,9.64166666666667,5.025,73.4166666666667,8.7875,2014-12-27
"20141228","NOIRMOUTIER EN",47.004667,-2.257167,5.075,-2.28333333333333,60.7916666666667,6.55833333333333,2014-12-28
"20141229","NOIRMOUTIER EN",47.004667,-2.257167,1.83333333333333,-4.3375,64.5416666666667,2.1625,2014-12-29
"20141230","NOIRMOUTIER EN",47.004667,-2.257167,3.77916666666667,1.4625,85.125,1.49166666666667,2014-12-30
"20141231","NOIRMOUTIER EN",47.004667,-2.257167,1.55833333333333,-0.3375,88,2.27916666666667,2014-12-31
"20150101","NOIRMOUTIER EN",47.004667,-2.257167,5.15,2.08333333333333,80.6666666666667,3.4625,2015-01-01
"20150102","NOIRMOUTIER EN",47.004667,-2.257167,10.8375,9.96666666666667,94.4583333333333,3.71666666666667,2015-01-02
"20150103","NOIRMOUTIER EN",47.004667,-2.257167,11.6583333333333,11.0291666666667,95.9583333333333,6.7625,2015-01-03
"20150104","NOIRMOUTIER EN",47.004667,-2.257167,10.9416666666667,8.42083333333333,84.5833333333333,1.75416666666667,2015-01-04
"20150105","NOIRMOUTIER EN",47.004667,-2.257167,8.14166666666667,6.04166666666667,86.9166666666667,1.91666666666667,2015-01-05
"20150106","NOIRMOUTIER EN",47.004667,-2.257167,9.50416666666667,7.95,90.2083333333333,3.33333333333333,2015-01-06
"20150107","NOIRMOUTIER EN",47.004667,-2.257167,8.62083333333333,6.65833333333333,87.6666666666667,3.05833333333333,2015-01-07
"20150108","NOIRMOUTIER EN",47.004667,-2.257167,11.4583333333333,9.37083333333333,87.125,5.8125,2015-01-08
"20150109","NOIRMOUTIER EN",47.004667,-2.257167,12.5166666666667,11.675,94.625,8.375,2015-01-09
"20150110","NOIRMOUTIER EN",47.004667,-2.257167,11.9333333333333,11.05,94.25,7.65,2015-01-10
"20150111","NOIRMOUTIER EN",47.004667,-2.257167,9.49583333333333,3.99583333333333,68.8333333333333,5.87083333333333,2015-01-11
"20150112","NOIRMOUTIER EN",47.004667,-2.257167,11.7583333333333,8.5375,80.75,7.88333333333333,2015-01-12
"20150113","NOIRMOUTIER EN",47.004667,-2.257167,11.525,8.06666666666667,79.6666666666667,9.39166666666667,2015-01-13
"20150114","NOIRMOUTIER EN",47.004667,-2.257167,10.45,6.57083333333333,77.0416666666667,9.7375,2015-01-14
"20150115","NOIRMOUTIER EN",47.004667,-2.257167,10.6916666666667,6.5375,75.875,9.87916666666667,2015-01-15
"20150116","NOIRMOUTIER EN",47.004667,-2.257167,7.2,3.55416666666667,78.0833333333333,3.16666666666667,2015-01-16
"20150117","NOIRMOUTIER EN",47.004667,-2.257167,6.10833333333333,3.05,81.3333333333333,2.80416666666667,2015-01-17
"20150118","NOIRMOUTIER EN",47.004667,-2.257167,5.64583333333333,4.35,91.5,4.29166666666667,2015-01-18
"20150119","NOIRMOUTIER EN",47.004667,-2.257167,4.25,0.0291666666666667,74.4583333333333,3.84583333333333,2015-01-19
"20150120","NOIRMOUTIER EN",47.004667,-2.257167,3.59166666666667,-0.120833333333333,76.8333333333333,4.2625,2015-01-20
"20150121","NOIRMOUTIER EN",47.004667,-2.257167,4.49583333333333,3.62083333333333,94.125,3.4875,2015-01-21
"20150122","NOIRMOUTIER EN",47.004667,-2.257167,2.9,0.8,86.2083333333333,3.18333333333333,2015-01-22
"20150123","NOIRMOUTIER EN",47.004667,-2.257167,3.26666666666667,0.125,80.5416666666667,1.69583333333333,2015-01-23
"20150124","NOIRMOUTIER EN",47.004667,-2.257167,7.7625,3.94166666666667,78,4.475,2015-01-24
"20150125","NOIRMOUTIER EN",47.004667,-2.257167,5.1375,2.28333333333333,82.375,0.9125,2015-01-25
"20150126","NOIRMOUTIER EN",47.004667,-2.257167,9.35833333333333,7.04166666666667,85.625,4.01666666666667,2015-01-26
"20150127","NOIRMOUTIER EN",47.004667,-2.257167,8.29583333333333,4.63333333333333,77.9166666666667,3.14166666666667,2015-01-27
"20150128","NOIRMOUTIER EN",47.004667,-2.257167,9.67083333333333,7.375,85.8333333333333,6.92083333333333,2015-01-28
"20150129","NOIRMOUTIER EN",47.004667,-2.257167,8.7375,6.0875,83.75,9.76666666666667,2015-01-29
"20150130","NOIRMOUTIER EN",47.004667,-2.257167,7.65833333333333,2.625,70.75,8.69166666666667,2015-01-30
"20150131","NOIRMOUTIER EN",47.004667,-2.257167,6.5875,2.30416666666667,74.1666666666667,7.22083333333333,2015-01-31
"20150201","NOIRMOUTIER EN",47.004667,-2.257167,5.9125,-0.616666666666667,63.25,7.15833333333333,2015-02-01
"20150202","NOIRMOUTIER EN",47.004667,-2.257167,4.42916666666667,-1.49583333333333,66.1666666666667,2.29166666666667,2015-02-02
"20150203","NOIRMOUTIER EN",47.004667,-2.257167,2.49583333333333,-1.01666666666667,78.0416666666667,2.45416666666667,2015-02-03
"20150204","NOIRMOUTIER EN",47.004667,-2.257167,3.6875,-0.866666666666667,73,6.60416666666667,2015-02-04
"20150205","NOIRMOUTIER EN",47.004667,-2.257167,3.85833333333333,0.516666666666667,79,5.70833333333333,2015-02-05
"20150206","NOIRMOUTIER EN",47.004667,-2.257167,1.425,-3.875,68.0833333333333,6.98333333333333,2015-02-06
"20150207","NOIRMOUTIER EN",47.004667,-2.257167,2.53333333333333,-4.825,59.625,6.4875,2015-02-07
"20150208","NOIRMOUTIER EN",47.004667,-2.257167,6.00833333333333,0.916666666666667,70.25,5.92083333333333,2015-02-08
"20150209","NOIRMOUTIER EN",47.004667,-2.257167,5.45416666666667,1.93333333333333,78.5833333333333,3.49166666666667,2015-02-09
"20150210","NOIRMOUTIER EN",47.004667,-2.257167,4.30416666666667,1.4875,82.0416666666667,4.25416666666667,2015-02-10
"20150211","NOIRMOUTIER EN",47.004667,-2.257167,4.35833333333333,1.41666666666667,81.75,2.325,2015-02-11
"20150212","NOIRMOUTIER EN",47.004667,-2.257167,6.6625,4.49583333333333,86.5,3.30416666666667,2015-02-12
"20150213","NOIRMOUTIER EN",47.004667,-2.257167,8.9125,6.89166666666667,87.375,6.95,2015-02-13
"20150214","NOIRMOUTIER EN",47.004667,-2.257167,8.65833333333333,5.65,81.5833333333333,6.35,2015-02-14
"20150215","NOIRMOUTIER EN",47.004667,-2.257167,7.47083333333333,4.95833333333333,84.375,2.725,2015-02-15
"20150216","NOIRMOUTIER EN",47.004667,-2.257167,7.22916666666667,6.09583333333333,92.6666666666667,3.74583333333333,2015-02-16
"20150217","NOIRMOUTIER EN",47.004667,-2.257167,7.23333333333333,2.71666666666667,73.6666666666667,NA,2015-02-17
"20150218","NOIRMOUTIER EN",47.004667,-2.257167,5.34166666666667,2.40416666666667,81.7916666666667,2.20833333333333,2015-02-18
"20150219","NOIRMOUTIER EN",47.004667,-2.257167,7.4875,4.05833333333333,79.6666666666667,3.98333333333333,2015-02-19
"20150220","NOIRMOUTIER EN",47.004667,-2.257167,9.10416666666667,7.24166666666667,88.4166666666667,7.65,2015-02-20
"20150221","NOIRMOUTIER EN",47.004667,-2.257167,6.65833333333333,2.79583333333333,76.6666666666667,4.52916666666667,2015-02-21
"20150222","NOIRMOUTIER EN",47.004667,-2.257167,7.4125,4.60416666666667,82.9583333333333,5.05416666666667,2015-02-22
"20150223","NOIRMOUTIER EN",47.004667,-2.257167,8.90833333333333,6.05833333333333,82.8333333333333,8.7,2015-02-23
"20150224","NOIRMOUTIER EN",47.004667,-2.257167,8.42083333333333,3.725,72.7916666666667,7.55416666666667,2015-02-24
"20150225","NOIRMOUTIER EN",47.004667,-2.257167,10.0958333333333,9.00833333333333,93.0416666666667,5.86666666666667,2015-02-25
"20150226","NOIRMOUTIER EN",47.004667,-2.257167,10.0166666666667,8.75,92.0833333333333,5.69166666666667,2015-02-26
"20150227","NOIRMOUTIER EN",47.004667,-2.257167,7.7,3.35416666666667,74.0833333333333,4.6625,2015-02-27
"20150228","NOIRMOUTIER EN",47.004667,-2.257167,9.9375,8.8875,93.375,6.3625,2015-02-28
"20150301","NOIRMOUTIER EN",47.004667,-2.257167,11.2208333333333,10.3583333333333,94.4166666666667,6.99583333333333,2015-03-01
"20150302","NOIRMOUTIER EN",47.004667,-2.257167,9.79166666666667,6.35833333333333,79.5,6.35416666666667,2015-03-02
"20150303","NOIRMOUTIER EN",47.004667,-2.257167,8.8875,5.74166666666667,81.1666666666667,4.45833333333333,2015-03-03
"20150304","NOIRMOUTIER EN",47.004667,-2.257167,7.83333333333333,2.275,68.0833333333333,4.35833333333333,2015-03-04
"20150305","NOIRMOUTIER EN",47.004667,-2.257167,7.22916666666667,2.475,72.625,2.07083333333333,2015-03-05
"20150306","NOIRMOUTIER EN",47.004667,-2.257167,7.7375,3.66666666666667,76.3333333333333,1.81666666666667,2015-03-06
"20150307","NOIRMOUTIER EN",47.004667,-2.257167,9.12083333333333,4.91666666666667,76,1.8375,2015-03-07
"20150308","NOIRMOUTIER EN",47.004667,-2.257167,7.75833333333333,6.32083333333333,90.875,1.80416666666667,2015-03-08
"20150309","NOIRMOUTIER EN",47.004667,-2.257167,8.25,7.02916666666667,92.2083333333333,1.90416666666667,2015-03-09
"20150310","NOIRMOUTIER EN",47.004667,-2.257167,10.8166666666667,9.01666666666667,89.2083333333333,2.15416666666667,2015-03-10
"20150311","NOIRMOUTIER EN",47.004667,-2.257167,10.6791666666667,9.05,89.7083333333333,2.3625,2015-03-11
"20150312","NOIRMOUTIER EN",47.004667,-2.257167,9.24583333333333,7.72916666666667,90.4166666666667,2.19583333333333,2015-03-12
"20150313","NOIRMOUTIER EN",47.004667,-2.257167,8.53333333333333,5.95416666666667,84.0833333333333,5.3125,2015-03-13
"20150314","NOIRMOUTIER EN",47.004667,-2.257167,7.42083333333333,1.95,69.5,5.30833333333333,2015-03-14
"20150315","NOIRMOUTIER EN",47.004667,-2.257167,7.57916666666667,3.19583333333333,74.125,4.01666666666667,2015-03-15
"20150316","NOIRMOUTIER EN",47.004667,-2.257167,7.725,3.4375,75.625,1.925,2015-03-16
"20150317","NOIRMOUTIER EN",47.004667,-2.257167,10.7583333333333,5.14166666666667,69.75,2.825,2015-03-17
"20150318","NOIRMOUTIER EN",47.004667,-2.257167,11.9208333333333,6.275,68.9583333333333,4.275,2015-03-18
"20150319","NOIRMOUTIER EN",47.004667,-2.257167,9.64583333333333,4.68333333333333,71.625,6.65416666666667,2015-03-19
"20150320","NOIRMOUTIER EN",47.004667,-2.257167,7.59583333333333,5.00833333333333,83.9166666666667,6.5,2015-03-20
"20150321","NOIRMOUTIER EN",47.004667,-2.257167,9.025,5.2,77.625,5.90416666666667,2015-03-21
"20150322","NOIRMOUTIER EN",47.004667,-2.257167,7.55833333333333,2.33333333333333,69.4166666666667,5.71666666666667,2015-03-22
"20150323","NOIRMOUTIER EN",47.004667,-2.257167,8.85833333333333,3.19166666666667,68.8333333333333,3.90416666666667,2015-03-23
"20150324","NOIRMOUTIER EN",47.004667,-2.257167,7.54583333333333,3.68333333333333,76.5833333333333,NA,2015-03-24
"20150325","NOIRMOUTIER EN",47.004667,-2.257167,7.90416666666667,3.16666666666667,72.4583333333333,NA,2015-03-25
"20150326","NOIRMOUTIER EN",47.004667,-2.257167,10.0958333333333,7.44166666666667,83.9166666666667,6.3625,2015-03-26
"20150327","NOIRMOUTIER EN",47.004667,-2.257167,9.64583333333333,7.39583333333333,86.2916666666667,4.3,2015-03-27
"20150328","NOIRMOUTIER EN",47.004667,-2.257167,11.35,10.5958333333333,95.3333333333333,7.35416666666667,2015-03-28
"20150329","NOIRMOUTIER EN",47.004667,-2.257167,11.4166666666667,10.175,92.2083333333333,9.76666666666667,2015-03-29
"20150330","NOIRMOUTIER EN",47.004667,-2.257167,11.7208333333333,10.8666666666667,94.5,8.85416666666667,2015-03-30
"20150331","NOIRMOUTIER EN",47.004667,-2.257167,11.45,8.5875,82.875,9.8125,2015-03-31
"20150401","NOIRMOUTIER EN",47.004667,-2.257167,10.1875,4.92083333333333,69.9583333333333,6.49583333333333,2015-04-01
"20150402","NOIRMOUTIER EN",47.004667,-2.257167,10.8916666666667,8.94166666666667,87.9166666666667,5.9875,2015-04-02
"20150403","NOIRMOUTIER EN",47.004667,-2.257167,10.6291666666667,8.84166666666667,88.8333333333333,5.65,2015-04-03
"20150404","NOIRMOUTIER EN",47.004667,-2.257167,10.8291666666667,7.89583333333333,82.3333333333333,4.40416666666667,2015-04-04
"20150405","NOIRMOUTIER EN",47.004667,-2.257167,9.01666666666667,2.2125,63.9583333333333,5.84166666666667,2015-04-05
"20150406","NOIRMOUTIER EN",47.004667,-2.257167,10.4833333333333,1.6125,55.6666666666667,5.29583333333333,2015-04-06
"20150407","NOIRMOUTIER EN",47.004667,-2.257167,12.05,2.75833333333333,56.0833333333333,5.46666666666667,2015-04-07
"20150408","NOIRMOUTIER EN",47.004667,-2.257167,13.275,2.375,48.5416666666667,4.05833333333333,2015-04-08
"20150409","NOIRMOUTIER EN",47.004667,-2.257167,12.9833333333333,4.32916666666667,57.4583333333333,3.32916666666667,2015-04-09
"20150410","NOIRMOUTIER EN",47.004667,-2.257167,11.875,9.4875,85.75,4.3,2015-04-10
"20150411","NOIRMOUTIER EN",47.004667,-2.257167,11.5791666666667,9.9625,89.875,4.61666666666667,2015-04-11
"20150412","NOIRMOUTIER EN",47.004667,-2.257167,11.6041666666667,9.78333333333333,89.1666666666667,2.20416666666667,2015-04-12
"20150413","NOIRMOUTIER EN",47.004667,-2.257167,16.1583333333333,9.6625,68.25,2.47916666666667,2015-04-13
"20150414","NOIRMOUTIER EN",47.004667,-2.257167,18.2541666666667,8.5375,55.4166666666667,2.64166666666667,2015-04-14
"20150415","NOIRMOUTIER EN",47.004667,-2.257167,17.9916666666667,8.35,54.7083333333333,3.35,2015-04-15
"20150416","NOIRMOUTIER EN",47.004667,-2.257167,14.5708333333333,11.55,82.625,NA,2015-04-16
"20150417","NOIRMOUTIER EN",47.004667,-2.257167,13.1291666666667,11.3583333333333,89.0416666666667,4.075,2015-04-17
"20150418","NOIRMOUTIER EN",47.004667,-2.257167,13.375,8.75416666666667,75.3333333333333,3.78333333333333,2015-04-18
"20150419","NOIRMOUTIER EN",47.004667,-2.257167,13.4125,3.17083333333333,51.125,NA,2015-04-19
"20150420","NOIRMOUTIER EN",47.004667,-2.257167,12.6708333333333,7.62916666666667,72.125,3.1625,2015-04-20
"20150421","NOIRMOUTIER EN",47.004667,-2.257167,16.875,6.67916666666667,53.7083333333333,4.29583333333333,2015-04-21
"20150422","NOIRMOUTIER EN",47.004667,-2.257167,16.9291666666667,9.31666666666667,62.4583333333333,4.0625,2015-04-22
"20150423","NOIRMOUTIER EN",47.004667,-2.257167,13.9916666666667,10.8791666666667,81.875,3.69583333333333,2015-04-23
"20150424","NOIRMOUTIER EN",47.004667,-2.257167,13.2083333333333,10.3916666666667,83.5,2.5,2015-04-24
"20150425","NOIRMOUTIER EN",47.004667,-2.257167,14.1958333333333,11.6458333333333,84.75,3.97083333333333,2015-04-25
"20150426","NOIRMOUTIER EN",47.004667,-2.257167,13.9708333333333,11.6791666666667,86.375,3.50833333333333,2015-04-26
"20150427","NOIRMOUTIER EN",47.004667,-2.257167,12.8875,6.125,65.1666666666667,4.87916666666667,2015-04-27
"20150428","NOIRMOUTIER EN",47.004667,-2.257167,10.7625,3.83333333333333,62.75,2.85,2015-04-28
"20150429","NOIRMOUTIER EN",47.004667,-2.257167,11.5833333333333,5.77083333333333,68.125,4.4875,2015-04-29
"20150430","NOIRMOUTIER EN",47.004667,-2.257167,13.0583333333333,11.1541666666667,88.4583333333333,5.20833333333333,2015-04-30
"20150501","NOIRMOUTIER EN",47.004667,-2.257167,13.8791666666667,13.0291666666667,94.4583333333333,7.62916666666667,2015-05-01
"20150502","NOIRMOUTIER EN",47.004667,-2.257167,13.4583333333333,12.3708333333333,93.0833333333333,5.90833333333333,2015-05-02
"20150503","NOIRMOUTIER EN",47.004667,-2.257167,14.5,13,90.75,7.30833333333333,2015-05-03
"20150504","NOIRMOUTIER EN",47.004667,-2.257167,15.0416666666667,13.0041666666667,87.75,4.25,2015-05-04
"20150505","NOIRMOUTIER EN",47.004667,-2.257167,14.1625,9.5625,74.1666666666667,9.6375,2015-05-05
"20150506","NOIRMOUTIER EN",47.004667,-2.257167,13.0708333333333,8.0875,71.9583333333333,9.075,2015-05-06
"20150507","NOIRMOUTIER EN",47.004667,-2.257167,13.65,7.79166666666667,68.6666666666667,2.9375,2015-05-07
"20150508","NOIRMOUTIER EN",47.004667,-2.257167,14.5,12.5625,88.125,5.00833333333333,2015-05-08
"20150509","NOIRMOUTIER EN",47.004667,-2.257167,14.4208333333333,11.7708333333333,84.2083333333333,5.6625,2015-05-09
"20150510","NOIRMOUTIER EN",47.004667,-2.257167,15.7541666666667,11.6416666666667,78,1.84583333333333,2015-05-10
"20150511","NOIRMOUTIER EN",47.004667,-2.257167,15.9041666666667,13.425,85.6666666666667,3.32916666666667,2015-05-11
"20150512","NOIRMOUTIER EN",47.004667,-2.257167,15.8,12.4041666666667,81.0416666666667,3.25833333333333,2015-05-12
"20150513","NOIRMOUTIER EN",47.004667,-2.257167,15.2541666666667,12.0541666666667,81.3333333333333,5.05833333333333,2015-05-13
"20150514","NOIRMOUTIER EN",47.004667,-2.257167,13.5541666666667,9.975,79.625,7.8125,2015-05-14
"20150515","NOIRMOUTIER EN",47.004667,-2.257167,13.3208333333333,9.83333333333333,79.875,4.65416666666667,2015-05-15
"20150516","NOIRMOUTIER EN",47.004667,-2.257167,14.6625,12.1916666666667,85.1666666666667,5.08333333333333,2015-05-16
"20150517","NOIRMOUTIER EN",47.004667,-2.257167,12.35,7.85416666666667,74.4166666666667,3.175,2015-05-17
"20150518","NOIRMOUTIER EN",47.004667,-2.257167,12.3416666666667,8.95,80.4166666666667,5.15833333333333,2015-05-18
"20150519","NOIRMOUTIER EN",47.004667,-2.257167,12.4458333333333,6.90833333333333,69.125,7.825,2015-05-19
"20150520","NOIRMOUTIER EN",47.004667,-2.257167,12.5916666666667,6.24166666666667,65.4166666666667,5.56666666666667,2015-05-20
"20150521","NOIRMOUTIER EN",47.004667,-2.257167,12.5,7.7375,72.9583333333333,3.94166666666667,2015-05-21
"20150522","NOIRMOUTIER EN",47.004667,-2.257167,13.2083333333333,9.44583333333333,78.2916666666667,3.84166666666667,2015-05-22
"20150523","NOIRMOUTIER EN",47.004667,-2.257167,15.6416666666667,13.0666666666667,84.875,3.01666666666667,2015-05-23
"20150524","NOIRMOUTIER EN",47.004667,-2.257167,15.7583333333333,12.2583333333333,80.0833333333333,4.075,2015-05-24
"20150525","NOIRMOUTIER EN",47.004667,-2.257167,15.4333333333333,12.1541666666667,81.125,3.575,2015-05-25
"20150526","NOIRMOUTIER EN",47.004667,-2.257167,15.2791666666667,10.9166666666667,75.5833333333333,3.8875,2015-05-26
"20150527","NOIRMOUTIER EN",47.004667,-2.257167,15.4541666666667,10.5208333333333,73.4166666666667,3.30833333333333,2015-05-27
"20150528","NOIRMOUTIER EN",47.004667,-2.257167,14.5833333333333,11.1166666666667,80.0416666666667,4.4125,2015-05-28
"20150529","NOIRMOUTIER EN",47.004667,-2.257167,14.6291666666667,10.2041666666667,75.4166666666667,4.76666666666667,2015-05-29
"20150530","NOIRMOUTIER EN",47.004667,-2.257167,15.3,12.2291666666667,82.2916666666667,3.10833333333333,2015-05-30
"20150531","NOIRMOUTIER EN",47.004667,-2.257167,14.8291666666667,13,88.7916666666667,5.65416666666667,2015-05-31
"20150601","NOIRMOUTIER EN",47.004667,-2.257167,13.6083333333333,7.26666666666667,66.0416666666667,3.60833333333333,2015-06-01
"20150602","NOIRMOUTIER EN",47.004667,-2.257167,15.8333333333333,12.8791666666667,82.875,6.9,2015-06-02
"20150603","NOIRMOUTIER EN",47.004667,-2.257167,15.9708333333333,11.15,74.4166666666667,3.075,2015-06-03
"20150604","NOIRMOUTIER EN",47.004667,-2.257167,20.125,14.2625,70.0416666666667,3.22083333333333,2015-06-04
"20150605","NOIRMOUTIER EN",47.004667,-2.257167,16.3083333333333,13.4208333333333,83.0416666666667,5.50833333333333,2015-06-05
"20150606","NOIRMOUTIER EN",47.004667,-2.257167,15.175,8.88333333333333,66.625,5.00833333333333,2015-06-06
"20150607","NOIRMOUTIER EN",47.004667,-2.257167,17.1541666666667,8.00416666666667,56.4166666666667,5.55416666666667,2015-06-07
"20150608","NOIRMOUTIER EN",47.004667,-2.257167,17.4166666666667,7.74166666666667,54.875,6.3125,2015-06-08
"20150609","NOIRMOUTIER EN",47.004667,-2.257167,16.1166666666667,8.28333333333333,60.7916666666667,7.4375,2015-06-09
"20150610","NOIRMOUTIER EN",47.004667,-2.257167,15.4333333333333,9.62083333333333,68.6666666666667,6.00416666666667,2015-06-10
"20150611","NOIRMOUTIER EN",47.004667,-2.257167,18.5458333333333,15.1958333333333,81.375,2.82083333333333,2015-06-11
"20150612","NOIRMOUTIER EN",47.004667,-2.257167,16.0125,13.7708333333333,86.9166666666667,3.59166666666667,2015-06-12
"20150613","NOIRMOUTIER EN",47.004667,-2.257167,15.4125,12.0375,80.9583333333333,3.06666666666667,2015-06-13
"20150614","NOIRMOUTIER EN",47.004667,-2.257167,15.4791666666667,12.7458333333333,83.9583333333333,3.70416666666667,2015-06-14
"20150615","NOIRMOUTIER EN",47.004667,-2.257167,16.2916666666667,13.0125,81.25,3.06666666666667,2015-06-15
"20150616","NOIRMOUTIER EN",47.004667,-2.257167,17.4333333333333,11.7583333333333,71.0833333333333,3.64166666666667,2015-06-16
"20150617","NOIRMOUTIER EN",47.004667,-2.257167,16.85,11.7666666666667,73,4.37083333333333,2015-06-17
"20150618","NOIRMOUTIER EN",47.004667,-2.257167,16.3083333333333,14.475,89.125,4.15416666666667,2015-06-18
"20150619","NOIRMOUTIER EN",47.004667,-2.257167,15.9666666666667,11.9041666666667,77.25,3.9875,2015-06-19
"20150620","NOIRMOUTIER EN",47.004667,-2.257167,16.7708333333333,11.6791666666667,72.25,3.325,2015-06-20
"20150621","NOIRMOUTIER EN",47.004667,-2.257167,17.05,13.8375,81.75,3.40416666666667,2015-06-21
"20150622","NOIRMOUTIER EN",47.004667,-2.257167,17.1416666666667,13.1291666666667,78.125,4.18333333333333,2015-06-22
"20150623","NOIRMOUTIER EN",47.004667,-2.257167,16.4083333333333,10.5791666666667,69.3333333333333,3.85416666666667,2015-06-23
"20150624","NOIRMOUTIER EN",47.004667,-2.257167,19.0208333333333,11.1416666666667,61.8333333333333,2.94166666666667,2015-06-24
"20150625","NOIRMOUTIER EN",47.004667,-2.257167,20.0791666666667,13.2458333333333,66.875,1.96666666666667,2015-06-25
"20150626","NOIRMOUTIER EN",47.004667,-2.257167,19.1583333333333,15.35,79.375,3.52083333333333,2015-06-26
"20150627","NOIRMOUTIER EN",47.004667,-2.257167,19.2,14.1583333333333,73.7083333333333,3.79166666666667,2015-06-27
"20150628","NOIRMOUTIER EN",47.004667,-2.257167,18.5041666666667,14.5166666666667,78.1666666666667,4.42916666666667,2015-06-28
"20150629","NOIRMOUTIER EN",47.004667,-2.257167,21.2708333333333,14.5583333333333,66.5416666666667,3.12916666666667,2015-06-29
"20150630","NOIRMOUTIER EN",47.004667,-2.257167,26.2666666666667,16.3041666666667,57.0833333333333,4.09583333333333,2015-06-30
"20150701","NOIRMOUTIER EN",47.004667,-2.257167,20.075,17.5833333333333,86.0416666666667,3.75,2015-07-01
"20150702","NOIRMOUTIER EN",47.004667,-2.257167,18.7083333333333,15.5083333333333,82.4583333333333,3.17916666666667,2015-07-02
"20150703","NOIRMOUTIER EN",47.004667,-2.257167,22.3041666666667,17.5208333333333,76.4166666666667,3.73333333333333,2015-07-03
"20150704","NOIRMOUTIER EN",47.004667,-2.257167,20.1,15.4708333333333,75.6666666666667,3.54166666666667,2015-07-04
"20150705","NOIRMOUTIER EN",47.004667,-2.257167,18.2916666666667,14.1833333333333,77.4166666666667,3.35,2015-07-05
"20150706","NOIRMOUTIER EN",47.004667,-2.257167,19.0166666666667,12.6541666666667,69.125,1.97916666666667,2015-07-06
"20150707","NOIRMOUTIER EN",47.004667,-2.257167,18.2125,15.1291666666667,82.4583333333333,3.99166666666667,2015-07-07
"20150708","NOIRMOUTIER EN",47.004667,-2.257167,17.5083333333333,13.0041666666667,75.0833333333333,5.87916666666667,2015-07-08
"20150709","NOIRMOUTIER EN",47.004667,-2.257167,17.4458333333333,11.9333333333333,70.4166666666667,3.65,2015-07-09
"20150710","NOIRMOUTIER EN",47.004667,-2.257167,21.4083333333333,11.7458333333333,56.8333333333333,4.3625,2015-07-10
"20150711","NOIRMOUTIER EN",47.004667,-2.257167,18.5458333333333,14.2083333333333,76.375,5.26666666666667,2015-07-11
"20150712","NOIRMOUTIER EN",47.004667,-2.257167,18.175,14.2416666666667,78.3333333333333,3.29583333333333,2015-07-12
"20150713","NOIRMOUTIER EN",47.004667,-2.257167,19.1041666666667,15.075,78.375,4.025,2015-07-13
"20150714","NOIRMOUTIER EN",47.004667,-2.257167,19.2625,16.0541666666667,82.4166666666667,3.84166666666667,2015-07-14
"20150715","NOIRMOUTIER EN",47.004667,-2.257167,19.35,16.0791666666667,81.75,3.41666666666667,2015-07-15
"20150716","NOIRMOUTIER EN",47.004667,-2.257167,21.2583333333333,17.0208333333333,78.4166666666667,4.87083333333333,2015-07-16
"20150717","NOIRMOUTIER EN",47.004667,-2.257167,19.9583333333333,17.3125,85.0833333333333,4.43333333333333,2015-07-17
"20150718","NOIRMOUTIER EN",47.004667,-2.257167,19.2916666666667,14.9416666666667,77.0833333333333,2.97916666666667,2015-07-18
"20150719","NOIRMOUTIER EN",47.004667,-2.257167,20.3458333333333,17.5458333333333,84.125,5.5625,2015-07-19
"20150720","NOIRMOUTIER EN",47.004667,-2.257167,20.4875,18.45,88.375,4.575,2015-07-20
"20150721","NOIRMOUTIER EN",47.004667,-2.257167,20.5375,17.2833333333333,81.9583333333333,3.94166666666667,2015-07-21
"20150722","NOIRMOUTIER EN",47.004667,-2.257167,19.4708333333333,15.125,76.7083333333333,4.47916666666667,2015-07-22
"20150723","NOIRMOUTIER EN",47.004667,-2.257167,18.7791666666667,12.4333333333333,67.625,3.15,2015-07-23
"20150724","NOIRMOUTIER EN",47.004667,-2.257167,18.6666666666667,15.275,80.9583333333333,6.82916666666667,2015-07-24
"20150725","NOIRMOUTIER EN",47.004667,-2.257167,17.25,11.6916666666667,70.0833333333333,5.62083333333333,2015-07-25
"20150726","NOIRMOUTIER EN",47.004667,-2.257167,17.2291666666667,14.55,84.5,5.8125,2015-07-26
"20150727","NOIRMOUTIER EN",47.004667,-2.257167,18.125,13.5666666666667,74.9166666666667,7.3,2015-07-27
"20150728","NOIRMOUTIER EN",47.004667,-2.257167,15.5166666666667,12.0541666666667,80.375,3.65,2015-07-28
"20150729","NOIRMOUTIER EN",47.004667,-2.257167,16.175,10.925,71.5833333333333,4.9375,2015-07-29
"20150730","NOIRMOUTIER EN",47.004667,-2.257167,16.5041666666667,10.1791666666667,66.8333333333333,4.07916666666667,2015-07-30
"20150731","NOIRMOUTIER EN",47.004667,-2.257167,17.45,9.675,61.4583333333333,4.6625,2015-07-31
"20150801","NOIRMOUTIER EN",47.004667,-2.257167,17.2333333333333,11.1083333333333,69.0416666666667,3,2015-08-01
"20150802","NOIRMOUTIER EN",47.004667,-2.257167,20.7166666666667,11.725,59.7916666666667,4.23333333333333,2015-08-02
"20150803","NOIRMOUTIER EN",47.004667,-2.257167,19.5458333333333,16.7625,84.375,3.4375,2015-08-03
"20150804","NOIRMOUTIER EN",47.004667,-2.257167,18.0166666666667,12.6041666666667,71.75,2.42916666666667,2015-08-04
"20150805","NOIRMOUTIER EN",47.004667,-2.257167,19.3333333333333,13.575,70.9166666666667,3.22916666666667,2015-08-05
"20150806","NOIRMOUTIER EN",47.004667,-2.257167,18.7041666666667,13.1791666666667,71.6666666666667,3.6125,2015-08-06
"20150807","NOIRMOUTIER EN",47.004667,-2.257167,18.8958333333333,13.4708333333333,71.8333333333333,2.9875,2015-08-07
"20150808","NOIRMOUTIER EN",47.004667,-2.257167,18.3375,13.8125,76.625,2.575,2015-08-08
"20150809","NOIRMOUTIER EN",47.004667,-2.257167,18.5666666666667,13.25,71.7083333333333,4.45,2015-08-09
"20150810","NOIRMOUTIER EN",47.004667,-2.257167,19.0541666666667,15.5458333333333,80.75,2.80416666666667,2015-08-10
"20150811","NOIRMOUTIER EN",47.004667,-2.257167,21.1916666666667,17.0875,77.9166666666667,3.82916666666667,2015-08-11
"20150812","NOIRMOUTIER EN",47.004667,-2.257167,23.325,17.8833333333333,73.0416666666667,3.575,2015-08-12
"20150813","NOIRMOUTIER EN",47.004667,-2.257167,19.8583333333333,17.9916666666667,89.1666666666667,4.16666666666667,2015-08-13
"20150814","NOIRMOUTIER EN",47.004667,-2.257167,17.3875,15.1333333333333,86.7083333333333,6.6375,2015-08-14
"20150815","NOIRMOUTIER EN",47.004667,-2.257167,16.6125,9.9,65,4.6875,2015-08-15
"20150816","NOIRMOUTIER EN",47.004667,-2.257167,16.5958333333333,10.7416666666667,68.875,2.8625,2015-08-16
"20150817","NOIRMOUTIER EN",47.004667,-2.257167,17.4041666666667,11.8166666666667,70.375,3.825,2015-08-17
"20150818","NOIRMOUTIER EN",47.004667,-2.257167,17.7791666666667,13.1083333333333,75.125,3.325,2015-08-18
"20150819","NOIRMOUTIER EN",47.004667,-2.257167,18.2166666666667,14.325,78.75,3.01666666666667,2015-08-19
"20150820","NOIRMOUTIER EN",47.004667,-2.257167,18.8,15.3041666666667,81.0833333333333,2.29166666666667,2015-08-20
"20150821","NOIRMOUTIER EN",47.004667,-2.257167,20.0916666666667,13.8375,70.4583333333333,1.64583333333333,2015-08-21
"20150822","NOIRMOUTIER EN",47.004667,-2.257167,20.2125,15.9916666666667,77.5416666666667,3.52083333333333,2015-08-22
"20150823","NOIRMOUTIER EN",47.004667,-2.257167,18.1875,14.25,78.375,4.90416666666667,2015-08-23
"20150824","NOIRMOUTIER EN",47.004667,-2.257167,17.4333333333333,12.7375,74.3333333333333,10.075,2015-08-24
"20150825","NOIRMOUTIER EN",47.004667,-2.257167,17.9541666666667,15.5458333333333,86.1666666666667,7.19583333333333,2015-08-25
"20150826","NOIRMOUTIER EN",47.004667,-2.257167,18.875,16.3291666666667,85.375,6.55416666666667,2015-08-26
"20150827","NOIRMOUTIER EN",47.004667,-2.257167,15.4958333333333,14.1541666666667,91.875,3.19166666666667,2015-08-27
"20150828","NOIRMOUTIER EN",47.004667,-2.257167,16.9166666666667,13.7208333333333,82.0833333333333,2.46666666666667,2015-08-28
"20150829","NOIRMOUTIER EN",47.004667,-2.257167,20.9458333333333,17.5708333333333,81.8333333333333,2.22083333333333,2015-08-29
"20150830","NOIRMOUTIER EN",47.004667,-2.257167,19.6625,18.1208333333333,90.9583333333333,3.46666666666667,2015-08-30
"20150831","NOIRMOUTIER EN",47.004667,-2.257167,19.1541666666667,17.5416666666667,90.7083333333333,3.7,2015-08-31
"20150901","NOIRMOUTIER EN",47.004667,-2.257167,17.4958333333333,12.8958333333333,74.7916666666667,4.9,2015-09-01
"20150902","NOIRMOUTIER EN",47.004667,-2.257167,16.2625,11.1208333333333,72.25,3.72083333333333,2015-09-02
"20150903","NOIRMOUTIER EN",47.004667,-2.257167,15.5791666666667,9.49583333333333,67.9583333333333,3.89583333333333,2015-09-03
"20150904","NOIRMOUTIER EN",47.004667,-2.257167,15.625,8.65,63.4583333333333,3.36666666666667,2015-09-04
"20150905","NOIRMOUTIER EN",47.004667,-2.257167,16.025,10.6541666666667,71,2.8625,2015-09-05
"20150906","NOIRMOUTIER EN",47.004667,-2.257167,16.9041666666667,10.9958333333333,69.5833333333333,3.50833333333333,2015-09-06
"20150907","NOIRMOUTIER EN",47.004667,-2.257167,16.6375,9.325,62.875,4.3125,2015-09-07
"20150908","NOIRMOUTIER EN",47.004667,-2.257167,17.45,11.0583333333333,67.2083333333333,4.88333333333333,2015-09-08
"20150909","NOIRMOUTIER EN",47.004667,-2.257167,17.6833333333333,11.7,69.4166666666667,3.35416666666667,2015-09-09
"20150910","NOIRMOUTIER EN",47.004667,-2.257167,18.1416666666667,13.4708333333333,75.9583333333333,2.15416666666667,2015-09-10
"20150911","NOIRMOUTIER EN",47.004667,-2.257167,18.2125,15.5958333333333,85.4166666666667,3.02916666666667,2015-09-11
"20150912","NOIRMOUTIER EN",47.004667,-2.257167,16.8333333333333,11.5958333333333,72.4583333333333,3.77916666666667,2015-09-12
"20150913","NOIRMOUTIER EN",47.004667,-2.257167,15.275,12.5708333333333,83.9583333333333,5.1375,2015-09-13
"20150914","NOIRMOUTIER EN",47.004667,-2.257167,15.8041666666667,10.4291666666667,71.0833333333333,10.0416666666667,2015-09-14
"20150915","NOIRMOUTIER EN",47.004667,-2.257167,15.8666666666667,12.075,78.5,7.00416666666667,2015-09-15
"20150916","NOIRMOUTIER EN",47.004667,-2.257167,17.4375,14.4625,83.0416666666667,9.83333333333333,2015-09-16
"20150917","NOIRMOUTIER EN",47.004667,-2.257167,16.2583333333333,11.45,73.5833333333333,5.7625,2015-09-17
"20150918","NOIRMOUTIER EN",47.004667,-2.257167,16.4458333333333,12.8791666666667,79.5,7.10833333333333,2015-09-18
"20150919","NOIRMOUTIER EN",47.004667,-2.257167,16.2833333333333,10.5833333333333,69.375,2.79583333333333,2015-09-19
"20150920","NOIRMOUTIER EN",47.004667,-2.257167,15.8791666666667,12.85,83.0833333333333,1.83333333333333,2015-09-20
"20150921","NOIRMOUTIER EN",47.004667,-2.257167,15.575,12.4625,82.2916666666667,3.7125,2015-09-21
"20150922","NOIRMOUTIER EN",47.004667,-2.257167,15.3083333333333,10.2291666666667,72.0833333333333,8.27916666666667,2015-09-22
"20150923","NOIRMOUTIER EN",47.004667,-2.257167,14.8791666666667,9.60833333333333,71.0416666666667,3.22083333333333,2015-09-23
"20150924","NOIRMOUTIER EN",47.004667,-2.257167,16.3291666666667,14.1083333333333,86.7083333333333,4.05,2015-09-24
"20150925","NOIRMOUTIER EN",47.004667,-2.257167,15.5791666666667,10.625,73.5833333333333,2.43333333333333,2015-09-25
"20150926","NOIRMOUTIER EN",47.004667,-2.257167,15.5541666666667,10.1375,71.0833333333333,4.2,2015-09-26
"20150927","NOIRMOUTIER EN",47.004667,-2.257167,15.6291666666667,9.11666666666667,66.4583333333333,5.0125,2015-09-27
"20150928","NOIRMOUTIER EN",47.004667,-2.257167,16.0416666666667,7.7875,59.0416666666667,5.6125,2015-09-28
"20150929","NOIRMOUTIER EN",47.004667,-2.257167,15.4458333333333,6.8375,57.25,6.03333333333333,2015-09-29
"20150930","NOIRMOUTIER EN",47.004667,-2.257167,15.4916666666667,8.0125,61.625,5.87916666666667,2015-09-30
"20151001","NOIRMOUTIER EN",47.004667,-2.257167,14.1458333333333,6.15416666666667,59.5833333333333,4.79583333333333,2015-10-01
"20151002","NOIRMOUTIER EN",47.004667,-2.257167,12.3458333333333,7.24166666666667,71.7916666666667,3.32083333333333,2015-10-02
"20151003","NOIRMOUTIER EN",47.004667,-2.257167,13.8125,11.0291666666667,83.9166666666667,2.6875,2015-10-03
"20151004","NOIRMOUTIER EN",47.004667,-2.257167,13.275,11.4666666666667,88.9166666666667,4.40833333333333,2015-10-04
"20151005","NOIRMOUTIER EN",47.004667,-2.257167,17.0458333333333,15.3916666666667,90.125,4.99583333333333,2015-10-05
"20151006","NOIRMOUTIER EN",47.004667,-2.257167,16.2333333333333,13.4916666666667,84,9.79583333333333,2015-10-06
"20151007","NOIRMOUTIER EN",47.004667,-2.257167,15.175,10.9791666666667,76.4166666666667,5.2875,2015-10-07
"20151008","NOIRMOUTIER EN",47.004667,-2.257167,14.45,10.6625,78.9583333333333,1.22083333333333,2015-10-08
"20151009","NOIRMOUTIER EN",47.004667,-2.257167,14.2083333333333,8.6375,70.1666666666667,3.2125,2015-10-09
"20151010","NOIRMOUTIER EN",47.004667,-2.257167,13.7458333333333,9.75416666666667,77.25,4.73333333333333,2015-10-10
"20151011","NOIRMOUTIER EN",47.004667,-2.257167,14.2666666666667,10.2,76.9166666666667,5.30833333333333,2015-10-11
"20151012","NOIRMOUTIER EN",47.004667,-2.257167,13.5916666666667,9.55,76.9166666666667,5.25,2015-10-12
"20151013","NOIRMOUTIER EN",47.004667,-2.257167,12.0875,6.31666666666667,68.5,4.51666666666667,2015-10-13
"20151014","NOIRMOUTIER EN",47.004667,-2.257167,11.7833333333333,5.275,65.0416666666667,3.1625,2015-10-14
"20151015","NOIRMOUTIER EN",47.004667,-2.257167,11.2666666666667,5.92916666666667,70.2916666666667,3.70416666666667,2015-10-15
"20151016","NOIRMOUTIER EN",47.004667,-2.257167,10.1916666666667,6.48333333333333,78.2916666666667,2.26666666666667,2015-10-16
"20151017","NOIRMOUTIER EN",47.004667,-2.257167,12.7,8.5375,76.1666666666667,3.57916666666667,2015-10-17
"20151018","NOIRMOUTIER EN",47.004667,-2.257167,12.1416666666667,8.00833333333333,76.5,4.59583333333333,2015-10-18
"20151019","NOIRMOUTIER EN",47.004667,-2.257167,11.3833333333333,6.64166666666667,73.6666666666667,5.7625,2015-10-19
"20151020","NOIRMOUTIER EN",47.004667,-2.257167,12.85,8.95833333333333,77.9166666666667,4.19583333333333,2015-10-20
"20151021","NOIRMOUTIER EN",47.004667,-2.257167,11.8458333333333,8.86666666666667,82.3333333333333,2.375,2015-10-21
"20151022","NOIRMOUTIER EN",47.004667,-2.257167,14.1291666666667,11.4375,84.1666666666667,3.5125,2015-10-22
"20151023","NOIRMOUTIER EN",47.004667,-2.257167,12.9541666666667,10.8125,87,1.68333333333333,2015-10-23
"20151024","NOIRMOUTIER EN",47.004667,-2.257167,13.8458333333333,11.3333333333333,84.9166666666667,3.9125,2015-10-24
"20151025","NOIRMOUTIER EN",47.004667,-2.257167,12.6583333333333,8.0125,73.8333333333333,3.15416666666667,2015-10-25
"20151026","NOIRMOUTIER EN",47.004667,-2.257167,15.2833333333333,10.8083333333333,75.4166666666667,4.52916666666667,2015-10-26
"20151027","NOIRMOUTIER EN",47.004667,-2.257167,13.6291666666667,11.4083333333333,86.75,3.51666666666667,2015-10-27
"20151028","NOIRMOUTIER EN",47.004667,-2.257167,13.6416666666667,11.0375,84.4166666666667,3.9,2015-10-28
"20151029","NOIRMOUTIER EN",47.004667,-2.257167,14.9583333333333,13.3125,90.0416666666667,5.62916666666667,2015-10-29
"20151030","NOIRMOUTIER EN",47.004667,-2.257167,15.9541666666667,11.3875,74.5833333333333,3.775,2015-10-30
"20151031","NOIRMOUTIER EN",47.004667,-2.257167,15.8916666666667,10.95,72.875,2.83333333333333,2015-10-31
"20151101","NOIRMOUTIER EN",47.004667,-2.257167,16.175,9.2375,64.625,3.4125,2015-11-01
"20151102","NOIRMOUTIER EN",47.004667,-2.257167,14.9541666666667,8.54583333333333,66.2916666666667,3.87083333333333,2015-11-02
"20151103","NOIRMOUTIER EN",47.004667,-2.257167,14.8583333333333,12.15,84.25,4.67083333333333,2015-11-03
"20151104","NOIRMOUTIER EN",47.004667,-2.257167,15.225,13.3916666666667,88.8333333333333,4.25,2015-11-04
"20151105","NOIRMOUTIER EN",47.004667,-2.257167,15.4166666666667,14.3916666666667,93.625,4.72916666666667,2015-11-05
"20151106","NOIRMOUTIER EN",47.004667,-2.257167,16.3708333333333,14.7541666666667,90.4166666666667,4.75,2015-11-06
"20151107","NOIRMOUTIER EN",47.004667,-2.257167,16.1958333333333,14.5416666666667,90,3.05416666666667,2015-11-07
"20151108","NOIRMOUTIER EN",47.004667,-2.257167,15.825,14.3833333333333,91.4583333333333,4.25833333333333,2015-11-08
"20151109","NOIRMOUTIER EN",47.004667,-2.257167,14.6208333333333,12.8458333333333,89.4166666666667,3.75833333333333,2015-11-09
"20151110","NOIRMOUTIER EN",47.004667,-2.257167,14.6666666666667,13.5625,93.0833333333333,2.1625,2015-11-10
"20151111","NOIRMOUTIER EN",47.004667,-2.257167,14.1916666666667,13.05,92.8333333333333,2.725,2015-11-11
"20151112","NOIRMOUTIER EN",47.004667,-2.257167,14.3333333333333,13.1166666666667,92.375,2.84583333333333,2015-11-12
"20151113","NOIRMOUTIER EN",47.004667,-2.257167,14.4833333333333,10.9041666666667,79.5833333333333,4.55,2015-11-13
"20151114","NOIRMOUTIER EN",47.004667,-2.257167,12.5916666666667,9.44583333333333,81.5416666666667,3.60833333333333,2015-11-14
"20151115","NOIRMOUTIER EN",47.004667,-2.257167,14.8375,11.3458333333333,79.75,5.34583333333333,2015-11-15
"20151116","NOIRMOUTIER EN",47.004667,-2.257167,14.9541666666667,12.55,85.8333333333333,7.36666666666667,2015-11-16
"20151117","NOIRMOUTIER EN",47.004667,-2.257167,15.575,14.3583333333333,92.5,8.825,2015-11-17
"20151118","NOIRMOUTIER EN",47.004667,-2.257167,14.8208333333333,13.1666666666667,89.875,6.25416666666667,2015-11-18
"20151119","NOIRMOUTIER EN",47.004667,-2.257167,15.3,13.9875,91.8333333333333,7.09166666666667,2015-11-19
"20151120","NOIRMOUTIER EN",47.004667,-2.257167,13.8041666666667,11.9583333333333,88.875,9.87083333333333,2015-11-20
"20151121","NOIRMOUTIER EN",47.004667,-2.257167,8.79583333333333,2.39583333333333,64.3333333333333,8.7625,2015-11-21
"20151122","NOIRMOUTIER EN",47.004667,-2.257167,7.20833333333333,2.03333333333333,70.4583333333333,2.18333333333333,2015-11-22
"20151123","NOIRMOUTIER EN",47.004667,-2.257167,6.67916666666667,3.8125,82.25,2.57916666666667,2015-11-23
"20151124","NOIRMOUTIER EN",47.004667,-2.257167,10.6083333333333,7.39583333333333,80.8333333333333,6.31666666666667,2015-11-24
"20151125","NOIRMOUTIER EN",47.004667,-2.257167,12.3791666666667,9.325,81.7083333333333,6.59583333333333,2015-11-25
"20151126","NOIRMOUTIER EN",47.004667,-2.257167,11.7416666666667,8.275,79.375,4.0875,2015-11-26
"20151127","NOIRMOUTIER EN",47.004667,-2.257167,10.7,8.7125,87.75,4.24166666666667,2015-11-27
"20151128","NOIRMOUTIER EN",47.004667,-2.257167,10.2125,4.7375,69.0416666666667,7.10833333333333,2015-11-28
"20151129","NOIRMOUTIER EN",47.004667,-2.257167,13.4291666666667,9.6875,78.2083333333333,9.64583333333333,2015-11-29
"20151130","NOIRMOUTIER EN",47.004667,-2.257167,12.9875,9.7125,80.75,7.575,2015-11-30
"20151201","NOIRMOUTIER EN",47.004667,-2.257167,13.1041666666667,8.13333333333333,72.0833333333333,3.45,2015-12-01
"20151202","NOIRMOUTIER EN",47.004667,-2.257167,11.7833333333333,8.7625,81.8333333333333,3.94166666666667,2015-12-02
"20151203","NOIRMOUTIER EN",47.004667,-2.257167,10.875,9.36666666666667,90.375,5.7125,2015-12-03
"20151204","NOIRMOUTIER EN",47.004667,-2.257167,10.475,6.43333333333333,76.7916666666667,3.62916666666667,2015-12-04
"20151205","NOIRMOUTIER EN",47.004667,-2.257167,10.675,8.01666666666667,83.875,4.3625,2015-12-05
"20151206","NOIRMOUTIER EN",47.004667,-2.257167,12.8375,11.1041666666667,89.5416666666667,4.88333333333333,2015-12-06
"20151207","NOIRMOUTIER EN",47.004667,-2.257167,11.6375,9.83333333333333,88.7916666666667,4.60833333333333,2015-12-07
"20151208","NOIRMOUTIER EN",47.004667,-2.257167,12.5666666666667,9.85833333333333,84.0833333333333,4.64166666666667,2015-12-08
"20151209","NOIRMOUTIER EN",47.004667,-2.257167,9.09583333333333,6.825,85.9583333333333,2.39583333333333,2015-12-09
"20151210","NOIRMOUTIER EN",47.004667,-2.257167,8.01666666666667,5.6625,85.2916666666667,2.98333333333333,2015-12-10
"20151211","NOIRMOUTIER EN",47.004667,-2.257167,11.4583333333333,9.775,89.4583333333333,3.76666666666667,2015-12-11
"20151212","NOIRMOUTIER EN",47.004667,-2.257167,10.1458333333333,8.90833333333333,92.0833333333333,2.53333333333333,2015-12-12
"20151213","NOIRMOUTIER EN",47.004667,-2.257167,8.72083333333333,6.97916666666667,88.875,2.87083333333333,2015-12-13
"20151214","NOIRMOUTIER EN",47.004667,-2.257167,10.0708333333333,8.39166666666667,89.3333333333333,5.025,2015-12-14
"20151215","NOIRMOUTIER EN",47.004667,-2.257167,12.7041666666667,11.1541666666667,90.375,5.68333333333333,2015-12-15
"20151217","NOIRMOUTIER EN",47.004667,-2.257167,12.6375,10.5875,87.5,4.63333333333333,2015-12-17
"20151218","NOIRMOUTIER EN",47.004667,-2.257167,13.1208333333333,12.1583333333333,94.0416666666667,3.79583333333333,2015-12-18
"20151219","NOIRMOUTIER EN",47.004667,-2.257167,13.1416666666667,10.1333333333333,82.0833333333333,6.3375,2015-12-19
"20151220","NOIRMOUTIER EN",47.004667,-2.257167,13.3458333333333,10.7041666666667,84.125,5.04583333333333,2015-12-20
"20151221","NOIRMOUTIER EN",47.004667,-2.257167,12.825,9.7375,81.625,8.61666666666667,2015-12-21
"20151222","NOIRMOUTIER EN",47.004667,-2.257167,13.6833333333333,10.8041666666667,82.9166666666667,7.74583333333333,2015-12-22
"20151223","NOIRMOUTIER EN",47.004667,-2.257167,12.5708333333333,10.4,86.7916666666667,4.45833333333333,2015-12-23
"20151224","NOIRMOUTIER EN",47.004667,-2.257167,12.4833333333333,10.3166666666667,86.875,5.89166666666667,2015-12-24
"20151225","NOIRMOUTIER EN",47.004667,-2.257167,13.3291666666667,11.6666666666667,89.875,5.39166666666667,2015-12-25
"20151226","NOIRMOUTIER EN",47.004667,-2.257167,11.9916666666667,11.0416666666667,93.9583333333333,4.99166666666667,2015-12-26
"20151227","NOIRMOUTIER EN",47.004667,-2.257167,11.6375,10.2166666666667,91.0833333333333,4.01666666666667,2015-12-27
"20151228","NOIRMOUTIER EN",47.004667,-2.257167,12.4666666666667,9.07916666666667,79.8333333333333,7.2125,2015-12-28
"20151229","NOIRMOUTIER EN",47.004667,-2.257167,12.3416666666667,8.34583333333333,76.7916666666667,6.9625,2015-12-29
"20151230","NOIRMOUTIER EN",47.004667,-2.257167,12.2583333333333,9.64583333333333,84.25,7.975,2015-12-30
"20151231","NOIRMOUTIER EN",47.004667,-2.257167,11.1708333333333,6.55,73.625,6.1875,2015-12-31
"20160101","NOIRMOUTIER EN",47.004667,-2.257167,10.475,8.36666666666667,87.0833333333333,5.75833333333333,2016-01-01
"20160102","NOIRMOUTIER EN",47.004667,-2.257167,10.7208333333333,6.25416666666667,74.125,11.6541666666667,2016-01-02
"20160103","NOIRMOUTIER EN",47.004667,-2.257167,10.9083333333333,8.26666666666667,84.0416666666667,9.47083333333333,2016-01-03
"20160104","NOIRMOUTIER EN",47.004667,-2.257167,10.2958333333333,5.54166666666667,72.5416666666667,10.175,2016-01-04
"20160105","NOIRMOUTIER EN",47.004667,-2.257167,9.55416666666667,6.28333333333333,80.1666666666667,9.65833333333333,2016-01-05
"20160106","NOIRMOUTIER EN",47.004667,-2.257167,10.2041666666667,7.0875,81.3333333333333,6.675,2016-01-06
"20160107","NOIRMOUTIER EN",47.004667,-2.257167,10.9125,7.5625,80.4166666666667,7.48333333333333,2016-01-07
"20160108","NOIRMOUTIER EN",47.004667,-2.257167,9.55416666666667,8.4875,93.125,3.07083333333333,2016-01-08
"20160109","NOIRMOUTIER EN",47.004667,-2.257167,11.1708333333333,7.825,79.9583333333333,8.52916666666667,2016-01-09
"20160110","NOIRMOUTIER EN",47.004667,-2.257167,9.98333333333333,5.85833333333333,75.6666666666667,7.68333333333333,2016-01-10
"20160111","NOIRMOUTIER EN",47.004667,-2.257167,9.80416666666667,5.94583333333333,77.0833333333333,12.0875,2016-01-11
"20160112","NOIRMOUTIER EN",47.004667,-2.257167,9.04166666666667,3.79166666666667,69.75,9.42083333333333,2016-01-12
"20160113","NOIRMOUTIER EN",47.004667,-2.257167,7.53333333333333,4.35,80.5833333333333,3.06666666666667,2016-01-13
"20160114","NOIRMOUTIER EN",47.004667,-2.257167,7.97916666666667,4.35416666666667,78.5833333333333,4.39583333333333,2016-01-14
"20160115","NOIRMOUTIER EN",47.004667,-2.257167,6.16666666666667,1.2125,70.6666666666667,5.67083333333333,2016-01-15
"20160116","NOIRMOUTIER EN",47.004667,-2.257167,5.70833333333333,1.1375,73.0833333333333,2.425,2016-01-16
"20160117","NOIRMOUTIER EN",47.004667,-2.257167,5.475,3.16666666666667,85.2083333333333,3.73333333333333,2016-01-17
"20160118","NOIRMOUTIER EN",47.004667,-2.257167,5.28333333333333,3.45833333333333,88.125,4.1875,2016-01-18
"20160119","NOIRMOUTIER EN",47.004667,-2.257167,4.35833333333333,2.9375,90.5833333333333,2.475,2016-01-19
"20160120","NOIRMOUTIER EN",47.004667,-2.257167,5.44583333333333,3.53333333333333,87.5,3.1625,2016-01-20
"20160121","NOIRMOUTIER EN",47.004667,-2.257167,3.50833333333333,1.75833333333333,88.5833333333333,3.42083333333333,2016-01-21
"20160122","NOIRMOUTIER EN",47.004667,-2.257167,9.575,8.89583333333333,95.5,4.77083333333333,2016-01-22
"20160123","NOIRMOUTIER EN",47.004667,-2.257167,7.8375,7.0625,95,3.3625,2016-01-23
"20160124","NOIRMOUTIER EN",47.004667,-2.257167,11.2583333333333,7.9875,81.5416666666667,3.6625,2016-01-24
"20160125","NOIRMOUTIER EN",47.004667,-2.257167,10.7875,8.85416666666667,87.9583333333333,4.7875,2016-01-25
"20160126","NOIRMOUTIER EN",47.004667,-2.257167,10.5708333333333,8.7,88.4583333333333,4.94166666666667,2016-01-26
"20160127","NOIRMOUTIER EN",47.004667,-2.257167,12.025,9.44166666666667,84.4166666666667,7.99166666666667,2016-01-27
"20160128","NOIRMOUTIER EN",47.004667,-2.257167,8.96666666666667,6.75,86.2916666666667,2.5625,2016-01-28
"20160129","NOIRMOUTIER EN",47.004667,-2.257167,9.34166666666667,7.40833333333333,87.875,5.39583333333333,2016-01-29
"20160130","NOIRMOUTIER EN",47.004667,-2.257167,10.65,9.42916666666667,92.25,7.54583333333333,2016-01-30
"20160131","NOIRMOUTIER EN",47.004667,-2.257167,11.8708333333333,11.0875,95.1666666666667,8.59583333333333,2016-01-31
"20160201","NOIRMOUTIER EN",47.004667,-2.257167,11.6208333333333,10.0958333333333,90.4583333333333,5.975,2016-02-01
"20160202","NOIRMOUTIER EN",47.004667,-2.257167,11.1333333333333,9.42916666666667,89.2916666666667,6.00416666666667,2016-02-02
"20160203","NOIRMOUTIER EN",47.004667,-2.257167,8.72916666666667,3.45,69.7916666666667,6.29583333333333,2016-02-03
"20160204","NOIRMOUTIER EN",47.004667,-2.257167,10.0125,8.52916666666667,90.5833333333333,4.68333333333333,2016-02-04
"20160205","NOIRMOUTIER EN",47.004667,-2.257167,10.3083333333333,8.75416666666667,90.0833333333333,3.73333333333333,2016-02-05
"20160206","NOIRMOUTIER EN",47.004667,-2.257167,11.2666666666667,8.5625,83.4166666666667,8.6,2016-02-06
"20160207","NOIRMOUTIER EN",47.004667,-2.257167,9.6375,5.89583333333333,77.7083333333333,9.7125,2016-02-07
"20160208","NOIRMOUTIER EN",47.004667,-2.257167,11.3875,7.90416666666667,79.5,12.0958333333333,2016-02-08
"20160209","NOIRMOUTIER EN",47.004667,-2.257167,9.22083333333333,5.69583333333333,78.9583333333333,13.8416666666667,2016-02-09
"20160210","NOIRMOUTIER EN",47.004667,-2.257167,6.975,2.68333333333333,74.2916666666667,5.69583333333333,2016-02-10
"20160211","NOIRMOUTIER EN",47.004667,-2.257167,7.19166666666667,4.32916666666667,82.2083333333333,2.50833333333333,2016-02-11
"20160212","NOIRMOUTIER EN",47.004667,-2.257167,9.84583333333333,7.0375,83.0833333333333,7.43333333333333,2016-02-12
"20160213","NOIRMOUTIER EN",47.004667,-2.257167,10.6041666666667,7.55416666666667,81.7083333333333,10.9541666666667,2016-02-13
"20160214","NOIRMOUTIER EN",47.004667,-2.257167,8.0625,4.33333333333333,77.625,4.60833333333333,2016-02-14
"20160215","NOIRMOUTIER EN",47.004667,-2.257167,5.90416666666667,-0.408333333333333,64.3333333333333,6.30833333333333,2016-02-15
"20160216","NOIRMOUTIER EN",47.004667,-2.257167,5.03333333333333,0.475,73.0416666666667,2.10416666666667,2016-02-16
"20160217","NOIRMOUTIER EN",47.004667,-2.257167,3.92916666666667,0.416666666666667,78.2916666666667,4.42083333333333,2016-02-17
"20160218","NOIRMOUTIER EN",47.004667,-2.257167,5.70416666666667,2.57916666666667,81,4.16666666666667,2016-02-18
"20160219","NOIRMOUTIER EN",47.004667,-2.257167,7.675,4.74583333333333,82.1666666666667,4.53333333333333,2016-02-19
"20160220","NOIRMOUTIER EN",47.004667,-2.257167,10.8833333333333,10.1583333333333,95.25,6.49583333333333,2016-02-20
"20160221","NOIRMOUTIER EN",47.004667,-2.257167,10.6791666666667,9.2,90.6666666666667,4.2875,2016-02-21
"20160222","NOIRMOUTIER EN",47.004667,-2.257167,10.7625,9.34583333333333,90.9166666666667,5.20416666666667,2016-02-22
"20160223","NOIRMOUTIER EN",47.004667,-2.257167,8.74583333333333,7.18333333333333,90.0416666666667,4.29583333333333,2016-02-23
"20160224","NOIRMOUTIER EN",47.004667,-2.257167,9.14583333333333,8.425,95.25,4.70416666666667,2016-02-24
"20160225","NOIRMOUTIER EN",47.004667,-2.257167,6.17083333333333,1.8125,74.7083333333333,3.65833333333333,2016-02-25
"20160226","NOIRMOUTIER EN",47.004667,-2.257167,7.0125,0.841666666666667,65.375,4.5625,2016-02-26
"20160227","NOIRMOUTIER EN",47.004667,-2.257167,5.71666666666667,0.504166666666667,69.4583333333333,7.09583333333333,2016-02-27
"20160228","NOIRMOUTIER EN",47.004667,-2.257167,6.12083333333333,-0.3125,63.8333333333333,7.15833333333333,2016-02-28
"20160229","NOIRMOUTIER EN",47.004667,-2.257167,5.94583333333333,-0.216666666666667,65.125,5.13333333333333,2016-02-29
"20160301","NOIRMOUTIER EN",47.004667,-2.257167,8.85833333333333,7.29166666666667,90.125,5.74583333333333,2016-03-01
"20160302","NOIRMOUTIER EN",47.004667,-2.257167,9.6625,6.10416666666667,79,10.225,2016-03-02
"20160303","NOIRMOUTIER EN",47.004667,-2.257167,9.60416666666667,6.125,79.4166666666667,8.26666666666667,2016-03-03
"20160304","NOIRMOUTIER EN",47.004667,-2.257167,7.94583333333333,5.27916666666667,83.4583333333333,5.88333333333333,2016-03-04
"20160305","NOIRMOUTIER EN",47.004667,-2.257167,7.05416666666667,2.41666666666667,72.4166666666667,6.79583333333333,2016-03-05
"20160306","NOIRMOUTIER EN",47.004667,-2.257167,7.14583333333333,2.94166666666667,74.9166666666667,4.1875,2016-03-06
"20160307","NOIRMOUTIER EN",47.004667,-2.257167,6.70833333333333,1.52083333333333,70.1666666666667,4.19583333333333,2016-03-07
"20160308","NOIRMOUTIER EN",47.004667,-2.257167,7.39583333333333,4.8125,83.9166666666667,3.31666666666667,2016-03-08
"20160309","NOIRMOUTIER EN",47.004667,-2.257167,9.26666666666667,4.17916666666667,71.5416666666667,12.0291666666667,2016-03-09
"20160310","NOIRMOUTIER EN",47.004667,-2.257167,8.125,4.74166666666667,79.2916666666667,5.84583333333333,2016-03-10
"20160311","NOIRMOUTIER EN",47.004667,-2.257167,8.2875,4.275,76.5,3.25416666666667,2016-03-11
"20160312","NOIRMOUTIER EN",47.004667,-2.257167,8.27083333333333,4.15416666666667,75.5416666666667,2.825,2016-03-12
"20160313","NOIRMOUTIER EN",47.004667,-2.257167,8.175,2.62083333333333,69.25,4.54166666666667,2016-03-13
"20160314","NOIRMOUTIER EN",47.004667,-2.257167,8.22916666666667,2.87083333333333,69.625,5.55833333333333,2016-03-14
"20160315","NOIRMOUTIER EN",47.004667,-2.257167,8.65416666666667,3.1875,69.375,4.27916666666667,2016-03-15
"20160316","NOIRMOUTIER EN",47.004667,-2.257167,8.5,1.77916666666667,63.9583333333333,5.80833333333333,2016-03-16
"20160317","NOIRMOUTIER EN",47.004667,-2.257167,7.6375,1.29583333333333,64.625,3.60833333333333,2016-03-17
"20160318","NOIRMOUTIER EN",47.004667,-2.257167,9.77083333333333,3.24166666666667,64.5833333333333,4.05416666666667,2016-03-18
"20160319","NOIRMOUTIER EN",47.004667,-2.257167,7.40833333333333,3.55,77.0833333333333,6.4875,2016-03-19
"20160320","NOIRMOUTIER EN",47.004667,-2.257167,7.775,2.92916666666667,71.9166666666667,6.69583333333333,2016-03-20
"20160321","NOIRMOUTIER EN",47.004667,-2.257167,8.2625,2.45,67.5,5.625,2016-03-21
"20160322","NOIRMOUTIER EN",47.004667,-2.257167,9.14166666666667,2.24583333333333,62.7083333333333,4.89583333333333,2016-03-22
"20160323","NOIRMOUTIER EN",47.004667,-2.257167,9.1625,4.40416666666667,73.125,3.78333333333333,2016-03-23
"20160324","NOIRMOUTIER EN",47.004667,-2.257167,8.8,5.3875,79.4583333333333,2.6125,2016-03-24
"20160325","NOIRMOUTIER EN",47.004667,-2.257167,10.75,8.8625,88.25,5.22916666666667,2016-03-25
"20160326","NOIRMOUTIER EN",47.004667,-2.257167,11.175,9.79166666666667,91.375,7.925,2016-03-26
"20160327","NOIRMOUTIER EN",47.004667,-2.257167,10.6125,6.98333333333333,78.4166666666667,9.65416666666667,2016-03-27
"20160328","NOIRMOUTIER EN",47.004667,-2.257167,11.25,7.81666666666667,79.625,11.3208333333333,2016-03-28
"20160329","NOIRMOUTIER EN",47.004667,-2.257167,11.3708333333333,8.87916666666667,84.875,6.38333333333333,2016-03-29
"20160330","NOIRMOUTIER EN",47.004667,-2.257167,8.57916666666667,7.4375,92.625,3.50416666666667,2016-03-30
"20160331","NOIRMOUTIER EN",47.004667,-2.257167,8.72916666666667,4.3375,74.8333333333333,5.3125,2016-03-31
"20160401","NOIRMOUTIER EN",47.004667,-2.257167,8.70416666666667,4.20833333333333,74.625,2.15416666666667,2016-04-01
"20160402","NOIRMOUTIER EN",47.004667,-2.257167,9.39166666666667,4.77916666666667,73.625,2.2875,2016-04-02
"20160403","NOIRMOUTIER EN",47.004667,-2.257167,10.5791666666667,7.39583333333333,80.9166666666667,4.7,2016-04-03
"20160404","NOIRMOUTIER EN",47.004667,-2.257167,11.6708333333333,8.74166666666667,82.5416666666667,5.13333333333333,2016-04-04
"20160405","NOIRMOUTIER EN",47.004667,-2.257167,11.1333333333333,8.17083333333333,82.3333333333333,4.29583333333333,2016-04-05
"20160406","NOIRMOUTIER EN",47.004667,-2.257167,10.9583333333333,7.94583333333333,81.9166666666667,6.4625,2016-04-06
"20160407","NOIRMOUTIER EN",47.004667,-2.257167,9.575,4.16666666666667,69.125,6.10833333333333,2016-04-07
"20160408","NOIRMOUTIER EN",47.004667,-2.257167,10.1958333333333,6.3125,77,6.13333333333333,2016-04-08
"20160409","NOIRMOUTIER EN",47.004667,-2.257167,9.53333333333333,5.775,78.0833333333333,5.4875,2016-04-09
"20160410","NOIRMOUTIER EN",47.004667,-2.257167,10.7666666666667,6.88333333333333,77.6666666666667,5.75416666666667,2016-04-10
"20160411","NOIRMOUTIER EN",47.004667,-2.257167,11.225,7.3625,78.5416666666667,2.77083333333333,2016-04-11
"20160412","NOIRMOUTIER EN",47.004667,-2.257167,11.9041666666667,9.35833333333333,84.9166666666667,2.86666666666667,2016-04-12
"20160413","NOIRMOUTIER EN",47.004667,-2.257167,10.7125,8.54583333333333,87.7083333333333,2.65833333333333,2016-04-13
"20160414","NOIRMOUTIER EN",47.004667,-2.257167,11.4458333333333,9.20416666666667,86.375,4.88333333333333,2016-04-14
"20160415","NOIRMOUTIER EN",47.004667,-2.257167,12.3375,10.0375,86.0416666666667,6.70833333333333,2016-04-15
"20160416","NOIRMOUTIER EN",47.004667,-2.257167,11.3291666666667,7.21666666666667,76.4166666666667,4.33333333333333,2016-04-16
"20160417","NOIRMOUTIER EN",47.004667,-2.257167,9.06666666666667,2.71666666666667,65.2083333333333,3.725,2016-04-17
"20160418","NOIRMOUTIER EN",47.004667,-2.257167,9.86666666666667,2.25833333333333,60.375,2.57083333333333,2016-04-18
"20160419","NOIRMOUTIER EN",47.004667,-2.257167,13.3625,4.20833333333333,54.9166666666667,5.3,2016-04-19
"20160420","NOIRMOUTIER EN",47.004667,-2.257167,13.825,7.35416666666667,65.1666666666667,5.29583333333333,2016-04-20
"20160421","NOIRMOUTIER EN",47.004667,-2.257167,14.6208333333333,11.1666666666667,80.4166666666667,2.3625,2016-04-21
"20160422","NOIRMOUTIER EN",47.004667,-2.257167,13.0416666666667,11.2875,89.2083333333333,5.0875,2016-04-22
"20160423","NOIRMOUTIER EN",47.004667,-2.257167,11.4833333333333,7.225,75.6666666666667,4.24583333333333,2016-04-23
"20160424","NOIRMOUTIER EN",47.004667,-2.257167,9.475,3.56666666666667,67,4.2375,2016-04-24
"20160425","NOIRMOUTIER EN",47.004667,-2.257167,8.83333333333333,5.07916666666667,78.125,4.5375,2016-04-25
"20160426","NOIRMOUTIER EN",47.004667,-2.257167,10.1416666666667,3.69166666666667,64.9166666666667,4.8125,2016-04-26
"20160427","NOIRMOUTIER EN",47.004667,-2.257167,9.15,2.34166666666667,62.8333333333333,4.01666666666667,2016-04-27
"20160428","NOIRMOUTIER EN",47.004667,-2.257167,9.04166666666667,2.72916666666667,65.3333333333333,3.9375,2016-04-28
"20160429","NOIRMOUTIER EN",47.004667,-2.257167,11.1541666666667,6.35833333333333,72.75,5.61666666666667,2016-04-29
"20160430","NOIRMOUTIER EN",47.004667,-2.257167,9.86666666666667,3.66666666666667,67.7083333333333,5.17083333333333,2016-04-30
"20160501","NOIRMOUTIER EN",47.004667,-2.257167,10.4083333333333,5.0375,70.0833333333333,3.275,2016-05-01
"20160502","NOIRMOUTIER EN",47.004667,-2.257167,12.7,10.4791666666667,86.5416666666667,4.31666666666667,2016-05-02
"20160503","NOIRMOUTIER EN",47.004667,-2.257167,11.9416666666667,7.51666666666667,75.0416666666667,3.60833333333333,2016-05-03
"20160504","NOIRMOUTIER EN",47.004667,-2.257167,14.7458333333333,5.23333333333333,55.1666666666667,3.8625,2016-05-04
"20160505","NOIRMOUTIER EN",47.004667,-2.257167,17.1375,6.19166666666667,50.2916666666667,4.3125,2016-05-05
"20160506","NOIRMOUTIER EN",47.004667,-2.257167,15.5583333333333,10.4708333333333,72.25,4.7375,2016-05-06
"20160507","NOIRMOUTIER EN",47.004667,-2.257167,15.6333333333333,11.2041666666667,75.1666666666667,4.65,2016-05-07
"20160508","NOIRMOUTIER EN",47.004667,-2.257167,17.2125,11.0708333333333,67.4166666666667,3.95833333333333,2016-05-08
"20160509","NOIRMOUTIER EN",47.004667,-2.257167,17.25,12.5666666666667,74.75,4.7375,2016-05-09
"20160510","NOIRMOUTIER EN",47.004667,-2.257167,15.325,13.1541666666667,87.5416666666667,2.75416666666667,2016-05-10
"20160511","NOIRMOUTIER EN",47.004667,-2.257167,14.5875,12.3375,86.625,2.35833333333333,2016-05-11
"20160512","NOIRMOUTIER EN",47.004667,-2.257167,14.1458333333333,12.8041666666667,91.625,3.86666666666667,2016-05-12
"20160513","NOIRMOUTIER EN",47.004667,-2.257167,14.1291666666667,12.6541666666667,90.875,5.92083333333333,2016-05-13
"20160514","NOIRMOUTIER EN",47.004667,-2.257167,13.6083333333333,9.9625,79.2916666666667,3.5,2016-05-14
"20160515","NOIRMOUTIER EN",47.004667,-2.257167,12.6291666666667,7.14583333333333,70.2916666666667,3.10833333333333,2016-05-15
"20160516","NOIRMOUTIER EN",47.004667,-2.257167,14.275,10.8375,80.3333333333333,3.11666666666667,2016-05-16
"20160517","NOIRMOUTIER EN",47.004667,-2.257167,14.1875,10.9416666666667,81.1666666666667,3.38333333333333,2016-05-17
"20160518","NOIRMOUTIER EN",47.004667,-2.257167,14.0291666666667,10.2125,78,8.14583333333333,2016-05-18
"20160519","NOIRMOUTIER EN",47.004667,-2.257167,14.1125,10.2875,78.3333333333333,5.70833333333333,2016-05-19
"20160520","NOIRMOUTIER EN",47.004667,-2.257167,14.9416666666667,13.5916666666667,91.7916666666667,4.475,2016-05-20
"20160521","NOIRMOUTIER EN",47.004667,-2.257167,15.3208333333333,13.1875,87.5,3.24166666666667,2016-05-21
"20160522","NOIRMOUTIER EN",47.004667,-2.257167,13.375,10.9208333333333,85.4166666666667,5.49583333333333,2016-05-22
"20160523","NOIRMOUTIER EN",47.004667,-2.257167,13.5083333333333,8.87083333333333,73.875,5.32083333333333,2016-05-23
"20160524","NOIRMOUTIER EN",47.004667,-2.257167,15.0875,8.89166666666667,68.875,3.95,2016-05-24
"20160525","NOIRMOUTIER EN",47.004667,-2.257167,15.8083333333333,10.725,72.75,4.29583333333333,2016-05-25
"20160526","NOIRMOUTIER EN",47.004667,-2.257167,14.9541666666667,13.1208333333333,89.4166666666667,1.475,2016-05-26
"20160527","NOIRMOUTIER EN",47.004667,-2.257167,15.9708333333333,12.8541666666667,83.25,1.65,2016-05-27
"20160528","NOIRMOUTIER EN",47.004667,-2.257167,18.0208333333333,14.4583333333333,80.6666666666667,3.02916666666667,2016-05-28
"20160529","NOIRMOUTIER EN",47.004667,-2.257167,15.1541666666667,14.4791666666667,95.9166666666667,3.54583333333333,2016-05-29
"20160530","NOIRMOUTIER EN",47.004667,-2.257167,16.0625,13.4291666666667,84.8333333333333,4.25416666666667,2016-05-30
"20160531","NOIRMOUTIER EN",47.004667,-2.257167,16.6083333333333,12.4958333333333,77.2083333333333,5.575,2016-05-31
"20160601","NOIRMOUTIER EN",47.004667,-2.257167,15.9333333333333,12.9166666666667,82.375,3.64583333333333,2016-06-01
"20160602","NOIRMOUTIER EN",47.004667,-2.257167,15.6875,13.2333333333333,85.5833333333333,3.2375,2016-06-02
"20160603","NOIRMOUTIER EN",47.004667,-2.257167,15.3208333333333,12.5541666666667,83.7083333333333,3.24166666666667,2016-06-03
"20160604","NOIRMOUTIER EN",47.004667,-2.257167,15.625,12.5,82,2.70416666666667,2016-06-04
"20160605","NOIRMOUTIER EN",47.004667,-2.257167,16.7166666666667,13.5833333333333,82.7916666666667,2.2625,2016-06-05
"20160606","NOIRMOUTIER EN",47.004667,-2.257167,17.9833333333333,15.3375,85.0833333333333,2.4625,2016-06-06
"20160607","NOIRMOUTIER EN",47.004667,-2.257167,17.8,15.6333333333333,87.5,3.6125,2016-06-07
"20160608","NOIRMOUTIER EN",47.004667,-2.257167,19,15.1375,79.6666666666667,2.8375,2016-06-08
"20160609","NOIRMOUTIER EN",47.004667,-2.257167,20.6375,16.2833333333333,77.2083333333333,2.42083333333333,2016-06-09
"20160610","NOIRMOUTIER EN",47.004667,-2.257167,17.9541666666667,15.3833333333333,85.3333333333333,4.14583333333333,2016-06-10
"20160611","NOIRMOUTIER EN",47.004667,-2.257167,16.9291666666667,14.675,86.9166666666667,6.09583333333333,2016-06-11
"20160612","NOIRMOUTIER EN",47.004667,-2.257167,17.0125,15.825,92.7916666666667,5.15,2016-06-12
"20160613","NOIRMOUTIER EN",47.004667,-2.257167,16.4375,14.6375,89.2083333333333,6.22083333333333,2016-06-13
"20160614","NOIRMOUTIER EN",47.004667,-2.257167,15.8166666666667,12.8625,82.7916666666667,6.375,2016-06-14
"20160615","NOIRMOUTIER EN",47.004667,-2.257167,15.2916666666667,11.7375,79.875,3.10833333333333,2016-06-15
"20160616","NOIRMOUTIER EN",47.004667,-2.257167,15.7291666666667,12.3583333333333,81.0416666666667,3.825,2016-06-16
"20160617","NOIRMOUTIER EN",47.004667,-2.257167,16.1958333333333,12.8791666666667,81.0833333333333,5.4625,2016-06-17
"20160618","NOIRMOUTIER EN",47.004667,-2.257167,16.1375,12.1625,77.5,5.125,2016-06-18
"20160619","NOIRMOUTIER EN",47.004667,-2.257167,16.4166666666667,12.875,80.3333333333333,3.11666666666667,2016-06-19
"20160620","NOIRMOUTIER EN",47.004667,-2.257167,16.6791666666667,15.3958333333333,92.25,5.80416666666667,2016-06-20
"20160621","NOIRMOUTIER EN",47.004667,-2.257167,17.6583333333333,16.8416666666667,95.1666666666667,3.6,2016-06-21
"20160622","NOIRMOUTIER EN",47.004667,-2.257167,19.6083333333333,18.8083333333333,95.2916666666667,2.64583333333333,2016-06-22
"20160623","NOIRMOUTIER EN",47.004667,-2.257167,19.5,17.7625,90,3.65833333333333,2016-06-23
"20160624","NOIRMOUTIER EN",47.004667,-2.257167,17.3166666666667,13.4708333333333,78.7916666666667,4.64166666666667,2016-06-24
"20160625","NOIRMOUTIER EN",47.004667,-2.257167,16.875,12.625,76.4583333333333,5.04583333333333,2016-06-25
"20160626","NOIRMOUTIER EN",47.004667,-2.257167,16.475,11.8583333333333,74.75,4.82083333333333,2016-06-26
"20160627","NOIRMOUTIER EN",47.004667,-2.257167,17.5625,15.5333333333333,88.125,5.10833333333333,2016-06-27
"20160628","NOIRMOUTIER EN",47.004667,-2.257167,17.5625,14.4541666666667,82.1666666666667,4.3375,2016-06-28
"20160629","NOIRMOUTIER EN",47.004667,-2.257167,17.4125,13.0958333333333,76.2916666666667,4.65416666666667,2016-06-29
"20160630","NOIRMOUTIER EN",47.004667,-2.257167,18.0375,16.0291666666667,88.25,5.375,2016-06-30
"20160701","NOIRMOUTIER EN",47.004667,-2.257167,17.4458333333333,15.0666666666667,86.2916666666667,5.7,2016-07-01
"20160702","NOIRMOUTIER EN",47.004667,-2.257167,16.8375,10.8333333333333,67.9166666666667,5.54166666666667,2016-07-02
"20160703","NOIRMOUTIER EN",47.004667,-2.257167,16.9041666666667,14.6708333333333,87.0416666666667,5.46666666666667,2016-07-03
"20160704","NOIRMOUTIER EN",47.004667,-2.257167,17.7541666666667,15.2583333333333,85.7083333333333,2.94583333333333,2016-07-04
"20160705","NOIRMOUTIER EN",47.004667,-2.257167,17.4583333333333,14.6041666666667,83.6666666666667,4.25833333333333,2016-07-05
"20160706","NOIRMOUTIER EN",47.004667,-2.257167,17.4291666666667,12.9708333333333,75.7916666666667,3.2875,2016-07-06
"20160707","NOIRMOUTIER EN",47.004667,-2.257167,19.3791666666667,14.9166666666667,76.2083333333333,3.40416666666667,2016-07-07
"20160708","NOIRMOUTIER EN",47.004667,-2.257167,18.5,15.8625,85.0833333333333,4.59166666666667,2016-07-08
"20160709","NOIRMOUTIER EN",47.004667,-2.257167,18.8625,15.4166666666667,81.2916666666667,2.4125,2016-07-09
"20160710","NOIRMOUTIER EN",47.004667,-2.257167,18.5958333333333,16.0708333333333,85.625,4.38333333333333,2016-07-10
"20160711","NOIRMOUTIER EN",47.004667,-2.257167,18.7333333333333,14.5541666666667,77,4.69166666666667,2016-07-11
"20160712","NOIRMOUTIER EN",47.004667,-2.257167,17.2208333333333,12.7,75.0416666666667,5.47916666666667,2016-07-12
"20160713","NOIRMOUTIER EN",47.004667,-2.257167,16.8458333333333,10.6875,67.25,5.5125,2016-07-13
"20160714","NOIRMOUTIER EN",47.004667,-2.257167,16.7208333333333,11.2625,70.5,4.8,2016-07-14
"20160715","NOIRMOUTIER EN",47.004667,-2.257167,17.6041666666667,11.4333333333333,68.375,3.25,2016-07-15
"20160716","NOIRMOUTIER EN",47.004667,-2.257167,20.3666666666667,12.9333333333333,64,3.25416666666667,2016-07-16
"20160717","NOIRMOUTIER EN",47.004667,-2.257167,24.3583333333333,16.6875,64.4166666666667,3.99166666666667,2016-07-17
"20160718","NOIRMOUTIER EN",47.004667,-2.257167,26.1541666666667,17.7916666666667,62.1666666666667,3.2375,2016-07-18
"20160719","NOIRMOUTIER EN",47.004667,-2.257167,25.0166666666667,16.725,63.75,4.41666666666667,2016-07-19
"20160720","NOIRMOUTIER EN",47.004667,-2.257167,20.2458333333333,17.1791666666667,83.0416666666667,4.17916666666667,2016-07-20
"20160721","NOIRMOUTIER EN",47.004667,-2.257167,19.95,16.1708333333333,79.75,2.95,2016-07-21
"20160722","NOIRMOUTIER EN",47.004667,-2.257167,19.8208333333333,15.2208333333333,75.7916666666667,3.91666666666667,2016-07-22
"20160723","NOIRMOUTIER EN",47.004667,-2.257167,18.85,14.8416666666667,77.9583333333333,4.05,2016-07-23
"20160724","NOIRMOUTIER EN",47.004667,-2.257167,19.2416666666667,16.3458333333333,84.2083333333333,3.275,2016-07-24
"20160725","NOIRMOUTIER EN",47.004667,-2.257167,19.7625,17.1666666666667,85.5,4.34583333333333,2016-07-25
"20160726","NOIRMOUTIER EN",47.004667,-2.257167,18.6875,13.8125,73.7916666666667,4.1625,2016-07-26
"20160727","NOIRMOUTIER EN",47.004667,-2.257167,18.8083333333333,16.0416666666667,84.2083333333333,3.57083333333333,2016-07-27
"20160728","NOIRMOUTIER EN",47.004667,-2.257167,19.5583333333333,16.9041666666667,84.9583333333333,3.87916666666667,2016-07-28
"20160729","NOIRMOUTIER EN",47.004667,-2.257167,19.1458333333333,16.7125,86.375,3.45,2016-07-29
"20160730","NOIRMOUTIER EN",47.004667,-2.257167,18.9875,14.525,75.875,2.40833333333333,2016-07-30
"20160731","NOIRMOUTIER EN",47.004667,-2.257167,19,14.5583333333333,76.2083333333333,4.0375,2016-07-31
"20160801","NOIRMOUTIER EN",47.004667,-2.257167,18.4625,12.5791666666667,70.0833333333333,3.22083333333333,2016-08-01
"20160802","NOIRMOUTIER EN",47.004667,-2.257167,20.2791666666667,16.2833333333333,78.3333333333333,5.43333333333333,2016-08-02
"20160803","NOIRMOUTIER EN",47.004667,-2.257167,19.5916666666667,16.9833333333333,85.375,4.97083333333333,2016-08-03
"20160804","NOIRMOUTIER EN",47.004667,-2.257167,18.0291666666667,15.3833333333333,85.0833333333333,3.21666666666667,2016-08-04
"20160805","NOIRMOUTIER EN",47.004667,-2.257167,18.0416666666667,14.8,82,3.69583333333333,2016-08-05
"20160806","NOIRMOUTIER EN",47.004667,-2.257167,19.2,14.6208333333333,76.4166666666667,2.68333333333333,2016-08-06
"20160807","NOIRMOUTIER EN",47.004667,-2.257167,20.5458333333333,15.9,76.875,3.05,2016-08-07
"20160808","NOIRMOUTIER EN",47.004667,-2.257167,18.9666666666667,15.7375,82.25,4.12916666666667,2016-08-08
"20160809","NOIRMOUTIER EN",47.004667,-2.257167,18.1291666666667,11.0416666666667,64.75,4.51666666666667,2016-08-09
"20160810","NOIRMOUTIER EN",47.004667,-2.257167,17.0333333333333,10.5416666666667,66.4166666666667,4.075,2016-08-10
"20160811","NOIRMOUTIER EN",47.004667,-2.257167,17.7458333333333,13.4458333333333,76.3333333333333,3.025,2016-08-11
"20160812","NOIRMOUTIER EN",47.004667,-2.257167,18.7375,13.5208333333333,73.75,2.4125,2016-08-12
"20160813","NOIRMOUTIER EN",47.004667,-2.257167,21.8541666666667,12.675,59,3.6375,2016-08-13
"20160814","NOIRMOUTIER EN",47.004667,-2.257167,23.7791666666667,13.9875,57.2083333333333,4.31666666666667,2016-08-14
"20160815","NOIRMOUTIER EN",47.004667,-2.257167,24.8208333333333,14.35,54.6666666666667,3.9375,2016-08-15
"20160816","NOIRMOUTIER EN",47.004667,-2.257167,24.25,14.0791666666667,55.5416666666667,2.82083333333333,2016-08-16
"20160817","NOIRMOUTIER EN",47.004667,-2.257167,20.0125,18.3375,90.375,3.66666666666667,2016-08-17
"20160818","NOIRMOUTIER EN",47.004667,-2.257167,18.5083333333333,14.8916666666667,80.0833333333333,4.52083333333333,2016-08-18
"20160819","NOIRMOUTIER EN",47.004667,-2.257167,18.4208333333333,16.2333333333333,87.5,4.55416666666667,2016-08-19
"20160820","NOIRMOUTIER EN",47.004667,-2.257167,18.9125,13.9708333333333,73.625,5.675,2016-08-20
"20160821","NOIRMOUTIER EN",47.004667,-2.257167,18.3041666666667,13.8541666666667,75.9166666666667,4.0625,2016-08-21
"20160822","NOIRMOUTIER EN",47.004667,-2.257167,19.5666666666667,13.5166666666667,71,1.97083333333333,2016-08-22
"20160823","NOIRMOUTIER EN",47.004667,-2.257167,24.1416666666667,14.375,57.6666666666667,3.05833333333333,2016-08-23
"20160824","NOIRMOUTIER EN",47.004667,-2.257167,20.5833333333333,17.4416666666667,83,2.59583333333333,2016-08-24
"20160825","NOIRMOUTIER EN",47.004667,-2.257167,23.0416666666667,17.0583333333333,70.4583333333333,2.74166666666667,2016-08-25
"20160826","NOIRMOUTIER EN",47.004667,-2.257167,23.05,17.25,71.2083333333333,3.32083333333333,2016-08-26
"20160827","NOIRMOUTIER EN",47.004667,-2.257167,21.4125,18.8,85.4583333333333,3.64583333333333,2016-08-27
"20160828","NOIRMOUTIER EN",47.004667,-2.257167,20.0333333333333,15.9333333333333,78.25,5.475,2016-08-28
"20160829","NOIRMOUTIER EN",47.004667,-2.257167,19.2416666666667,14.95,76.6666666666667,4.6375,2016-08-29
"20160830","NOIRMOUTIER EN",47.004667,-2.257167,19.2541666666667,13.9375,72.7916666666667,3.8,2016-08-30
"20160831","NOIRMOUTIER EN",47.004667,-2.257167,19.5041666666667,15.2583333333333,77.7083333333333,2.83333333333333,2016-08-31
"20160901","NOIRMOUTIER EN",47.004667,-2.257167,19.0583333333333,15.0083333333333,78.0416666666667,4.22916666666667,2016-09-01
"20160902","NOIRMOUTIER EN",47.004667,-2.257167,17.9833333333333,15.4208333333333,85.6666666666667,3.45,2016-09-02
"20160903","NOIRMOUTIER EN",47.004667,-2.257167,19.4291666666667,16.8875,86.1666666666667,2.525,2016-09-03
"20160904","NOIRMOUTIER EN",47.004667,-2.257167,20.0625,18.35,89.9583333333333,3.7,2016-09-04
"20160905","NOIRMOUTIER EN",47.004667,-2.257167,20.1625,18.3666666666667,89.5833333333333,3.425,2016-09-05
"20160906","NOIRMOUTIER EN",47.004667,-2.257167,20.3041666666667,17.2833333333333,83.9583333333333,2.02083333333333,2016-09-06
"20160907","NOIRMOUTIER EN",47.004667,-2.257167,22.6166666666667,15.4375,67.4166666666667,2.95,2016-09-07
"20160908","NOIRMOUTIER EN",47.004667,-2.257167,19.1208333333333,14.7916666666667,77.2083333333333,4.60416666666667,2016-09-08
"20160909","NOIRMOUTIER EN",47.004667,-2.257167,18.7041666666667,15.1666666666667,81.0833333333333,3.02916666666667,2016-09-09
"20160910","NOIRMOUTIER EN",47.004667,-2.257167,20.2625,17.6291666666667,85.4166666666667,4.64583333333333,2016-09-10
"20160911","NOIRMOUTIER EN",47.004667,-2.257167,19.1833333333333,15.4208333333333,80.0416666666667,2.2,2016-09-11
"20160912","NOIRMOUTIER EN",47.004667,-2.257167,20.9666666666667,16.2416666666667,76,2.36666666666667,2016-09-12
"20160913","NOIRMOUTIER EN",47.004667,-2.257167,19.8916666666667,18.0458333333333,89.4166666666667,4.10416666666667,2016-09-13
"20160914","NOIRMOUTIER EN",47.004667,-2.257167,19.0916666666667,13.6791666666667,71.7916666666667,5.95833333333333,2016-09-14
"20160915","NOIRMOUTIER EN",47.004667,-2.257167,17.6863636363636,13.2045454545455,75.6818181818182,3.17727272727273,2016-09-15
"20160916","NOIRMOUTIER EN",47.004667,-2.257167,17.3458333333333,13.1458333333333,77.4166666666667,5.80833333333333,2016-09-16
"20160917","NOIRMOUTIER EN",47.004667,-2.257167,16.8583333333333,11.8625,72.625,4.95,2016-09-17
"20160918","NOIRMOUTIER EN",47.004667,-2.257167,17.2166666666667,13.7041666666667,80.0833333333333,3.99166666666667,2016-09-18
"20160919","NOIRMOUTIER EN",47.004667,-2.257167,17.0875,13.2333333333333,78.7083333333333,3.00833333333333,2016-09-19
"20160920","NOIRMOUTIER EN",47.004667,-2.257167,17.4916666666667,13.5791666666667,79.375,2.04583333333333,2016-09-20
"20160921","NOIRMOUTIER EN",47.004667,-2.257167,16.8,13.7583333333333,83.4583333333333,2.17083333333333,2016-09-21
"20160922","NOIRMOUTIER EN",47.004667,-2.257167,16.5208333333333,12.0916666666667,78.0416666666667,1.55,2016-09-22
"20160923","NOIRMOUTIER EN",47.004667,-2.257167,16.8125,13.7791666666667,83.875,2.01666666666667,2016-09-23
"20160924","NOIRMOUTIER EN",47.004667,-2.257167,18.2583333333333,14.8916666666667,81.4583333333333,4.20416666666667,2016-09-24
"20160925","NOIRMOUTIER EN",47.004667,-2.257167,17.7875,12.2916666666667,71.125,4.61666666666667,2016-09-25
"20160926","NOIRMOUTIER EN",47.004667,-2.257167,16.7291666666667,11.8458333333333,73.3333333333333,3.04166666666667,2016-09-26
"20160927","NOIRMOUTIER EN",47.004667,-2.257167,18.475,16.2541666666667,87.0833333333333,3.27916666666667,2016-09-27
"20160928","NOIRMOUTIER EN",47.004667,-2.257167,17.85,16.4458333333333,91.625,1.97916666666667,2016-09-28
"20160929","NOIRMOUTIER EN",47.004667,-2.257167,18.4333333333333,16.1333333333333,86.75,2.87916666666667,2016-09-29
"20160930","NOIRMOUTIER EN",47.004667,-2.257167,14.1166666666667,12.1625,88.2083333333333,1.79583333333333,2016-09-30
"20161001","NOIRMOUTIER EN",47.004667,-2.257167,15.675,10.8916666666667,74,5.41666666666667,2016-10-01
"20161002","NOIRMOUTIER EN",47.004667,-2.257167,14.3166666666667,8.10833333333333,67.9166666666667,1.60416666666667,2016-10-02
"20161003","NOIRMOUTIER EN",47.004667,-2.257167,15.5875,8.575,64.9583333333333,3.54166666666667,2016-10-03
"20161004","NOIRMOUTIER EN",47.004667,-2.257167,16.25,8.41666666666667,60.625,4.45833333333333,2016-10-04
"20161005","NOIRMOUTIER EN",47.004667,-2.257167,15.025,10.475,74.625,2.56666666666667,2016-10-05
"20161006","NOIRMOUTIER EN",47.004667,-2.257167,13.3,4.7375,57.0833333333333,5.27916666666667,2016-10-06
"20161007","NOIRMOUTIER EN",47.004667,-2.257167,12.2416666666667,7.12916666666667,71.25,3.275,2016-10-07
"20161008","NOIRMOUTIER EN",47.004667,-2.257167,14.3958333333333,8.97083333333333,70.625,2.45,2016-10-08
"20161009","NOIRMOUTIER EN",47.004667,-2.257167,14.2416666666667,9.9375,75.75,2.72083333333333,2016-10-09
"20161010","NOIRMOUTIER EN",47.004667,-2.257167,13.4208333333333,8.10833333333333,71.9166666666667,1.77916666666667,2016-10-10
"20161011","NOIRMOUTIER EN",47.004667,-2.257167,12.4958333333333,6.05416666666667,65.6666666666667,4.01666666666667,2016-10-11
"20161012","NOIRMOUTIER EN",47.004667,-2.257167,11.5,4.03333333333333,61.3333333333333,6.32916666666667,2016-10-12
"20161013","NOIRMOUTIER EN",47.004667,-2.257167,10.9416666666667,5.925,71.4166666666667,5.20416666666667,2016-10-13
"20161014","NOIRMOUTIER EN",47.004667,-2.257167,11.7625,8.45,80.5416666666667,1.95416666666667,2016-10-14
"20161015","NOIRMOUTIER EN",47.004667,-2.257167,14.7625,12.2916666666667,85.4583333333333,4.79583333333333,2016-10-15
"20161016","NOIRMOUTIER EN",47.004667,-2.257167,15.3041666666667,13.5958333333333,89.7083333333333,4.5375,2016-10-16
"20161017","NOIRMOUTIER EN",47.004667,-2.257167,15.4875,12.5041666666667,82.9583333333333,2.81666666666667,2016-10-17
"20161018","NOIRMOUTIER EN",47.004667,-2.257167,13.4875,10.3208333333333,81.8333333333333,3.0625,2016-10-18
"20161019","NOIRMOUTIER EN",47.004667,-2.257167,13.0083333333333,6.9375,67.4166666666667,2.65416666666667,2016-10-19
"20161020","NOIRMOUTIER EN",47.004667,-2.257167,12.1333333333333,7.71666666666667,75.4166666666667,1.99166666666667,2016-10-20
"20161021","NOIRMOUTIER EN",47.004667,-2.257167,12.4333333333333,8.70416666666667,78.6666666666667,2.26666666666667,2016-10-21
"20161022","NOIRMOUTIER EN",47.004667,-2.257167,11.9166666666667,7.79583333333333,76.8333333333333,4.2875,2016-10-22
"20161023","NOIRMOUTIER EN",47.004667,-2.257167,11.8958333333333,10.0875,88.9166666666667,4.375,2016-10-23
"20161024","NOIRMOUTIER EN",47.004667,-2.257167,12.7333333333333,11.9083333333333,94.7916666666667,1.7875,2016-10-24
"20161025","NOIRMOUTIER EN",47.004667,-2.257167,12.1708333333333,10.8791666666667,92.3333333333333,1.89583333333333,2016-10-25
"20161026","NOIRMOUTIER EN",47.004667,-2.257167,12.0208333333333,10.675,91.6666666666667,2.85416666666667,2016-10-26
"20161027","NOIRMOUTIER EN",47.004667,-2.257167,12.0625,9.825,86.7083333333333,3.19166666666667,2016-10-27
"20161028","NOIRMOUTIER EN",47.004667,-2.257167,11.8166666666667,8.9625,83.4583333333333,4.44166666666667,2016-10-28
"20161029","NOIRMOUTIER EN",47.004667,-2.257167,12.1541666666667,9.14583333333333,82.5833333333333,4.7875,2016-10-29
"20161030","NOIRMOUTIER EN",47.004667,-2.257167,13.2125,9.9875,81.3333333333333,3.5,2016-10-30
"20161031","NOIRMOUTIER EN",47.004667,-2.257167,13.5958333333333,9.5875,77.6666666666667,3.075,2016-10-31
"20161101","NOIRMOUTIER EN",47.004667,-2.257167,12.2333333333333,9.81666666666667,85.9166666666667,1.77083333333333,2016-11-01
"20161102","NOIRMOUTIER EN",47.004667,-2.257167,10.8291666666667,9.8375,93.75,2.85416666666667,2016-11-02
"20161103","NOIRMOUTIER EN",47.004667,-2.257167,9.82916666666667,5.44166666666667,74.9166666666667,2.79583333333333,2016-11-03
"20161104","NOIRMOUTIER EN",47.004667,-2.257167,10.5208333333333,8.02083333333333,85,2.575,2016-11-04
"20161105","NOIRMOUTIER EN",47.004667,-2.257167,10.7833333333333,6.44583333333333,75.1666666666667,3.50833333333333,2016-11-05
"20161106","NOIRMOUTIER EN",47.004667,-2.257167,8.27083333333333,3.32916666666667,71.875,3.28333333333333,2016-11-06
"20161107","NOIRMOUTIER EN",47.004667,-2.257167,8.41666666666667,3.89583333333333,73.4583333333333,4.47916666666667,2016-11-07
"20161108","NOIRMOUTIER EN",47.004667,-2.257167,9.72083333333333,5.53333333333333,75.6666666666667,3.77916666666667,2016-11-08
"20161109","NOIRMOUTIER EN",47.004667,-2.257167,12.1833333333333,7.85833333333333,75.4583333333333,9.90416666666667,2016-11-09
"20161110","NOIRMOUTIER EN",47.004667,-2.257167,12.8583333333333,9.74166666666667,81.4166666666667,8.17083333333333,2016-11-10
"20161111","NOIRMOUTIER EN",47.004667,-2.257167,11.6875,7.12916666666667,74.1666666666667,2.77083333333333,2016-11-11
"20161112","NOIRMOUTIER EN",47.004667,-2.257167,13.4041666666667,12.5,94.3333333333333,4.8125,2016-11-12
"20161113","NOIRMOUTIER EN",47.004667,-2.257167,12.4458333333333,9.12916666666667,80.4583333333333,3.99583333333333,2016-11-13
"20161114","NOIRMOUTIER EN",47.004667,-2.257167,10.3791666666667,7.48333333333333,82.7083333333333,1.875,2016-11-14
"20161115","NOIRMOUTIER EN",47.004667,-2.257167,12.8083333333333,10.8166666666667,87.7083333333333,2.69583333333333,2016-11-15
"20161116","NOIRMOUTIER EN",47.004667,-2.257167,13.4208333333333,11.0666666666667,86.0833333333333,6.0875,2016-11-16
"20161117","NOIRMOUTIER EN",47.004667,-2.257167,13.9166666666667,11.7458333333333,86.9583333333333,7.60416666666667,2016-11-17
"20161118","NOIRMOUTIER EN",47.004667,-2.257167,10.7166666666667,6.01666666666667,73.2083333333333,8.5,2016-11-18
"20161119","NOIRMOUTIER EN",47.004667,-2.257167,10.6791666666667,6.27083333333333,74.7916666666667,8.37083333333333,2016-11-19
"20161120","NOIRMOUTIER EN",47.004667,-2.257167,13.0958333333333,11.7875,91.875,7.79166666666667,2016-11-20
"20161121","NOIRMOUTIER EN",47.004667,-2.257167,12.6875,9.7125,82.3333333333333,9.89166666666667,2016-11-21
"20161122","NOIRMOUTIER EN",47.004667,-2.257167,10.5916666666667,6.25,75,4.05,2016-11-22
"20161123","NOIRMOUTIER EN",47.004667,-2.257167,9.5375,7.4375,86.9583333333333,4.7625,2016-11-23
"20161124","NOIRMOUTIER EN",47.004667,-2.257167,12.3625,9.77083333333333,84.25,4.59166666666667,2016-11-24
"20161125","NOIRMOUTIER EN",47.004667,-2.257167,9.70833333333333,8.2125,90.4583333333333,4.49583333333333,2016-11-25
"20161126","NOIRMOUTIER EN",47.004667,-2.257167,9.32916666666667,7.95,91.25,4.10416666666667,2016-11-26
"20161127","NOIRMOUTIER EN",47.004667,-2.257167,8.7625,6.5875,86.625,5.35833333333333,2016-11-27
"20161128","NOIRMOUTIER EN",47.004667,-2.257167,6.7625,0.741666666666667,66.0833333333333,6.65416666666667,2016-11-28
"20161129","NOIRMOUTIER EN",47.004667,-2.257167,3.18333333333333,-2.125,68.2083333333333,5.5875,2016-11-29
"20161130","NOIRMOUTIER EN",47.004667,-2.257167,6.95,3.12083333333333,76.6666666666667,3.99583333333333,2016-11-30
"20161201","NOIRMOUTIER EN",47.004667,-2.257167,7.10416666666667,3.575,78.8333333333333,3.8625,2016-12-01
"20161202","NOIRMOUTIER EN",47.004667,-2.257167,4,1.54166666666667,84,5.06666666666667,2016-12-02
"20161203","NOIRMOUTIER EN",47.004667,-2.257167,5.24166666666667,2.76666666666667,84.25,5.57916666666667,2016-12-03
"20161204","NOIRMOUTIER EN",47.004667,-2.257167,5.3125,3.03333333333333,85.4166666666667,5.1,2016-12-04
"20161205","NOIRMOUTIER EN",47.004667,-2.257167,9.52916666666667,7.4375,87,3.32916666666667,2016-12-05
"20161206","NOIRMOUTIER EN",47.004667,-2.257167,9.8125,8.3,90.4166666666667,2.2875,2016-12-06
"20161207","NOIRMOUTIER EN",47.004667,-2.257167,9.375,7.66666666666667,89.375,2.24583333333333,2016-12-07
"20161208","NOIRMOUTIER EN",47.004667,-2.257167,9.42083333333333,8.25416666666667,92.4166666666667,2.975,2016-12-08
"20161209","NOIRMOUTIER EN",47.004667,-2.257167,9.05416666666667,7.84583333333333,92.2916666666667,2.9625,2016-12-09
"20161210","NOIRMOUTIER EN",47.004667,-2.257167,8.88333333333333,8.85833333333333,99.9583333333333,2.42083333333333,2016-12-10
"20161211","NOIRMOUTIER EN",47.004667,-2.257167,11.3416666666667,11.3208333333333,100,1.75833333333333,2016-12-11
"20161212","NOIRMOUTIER EN",47.004667,-2.257167,11.4458333333333,11.2375,98.7083333333333,3.12083333333333,2016-12-12
"20161213","NOIRMOUTIER EN",47.004667,-2.257167,10.85,9.7375,93,3.54166666666667,2016-12-13
"20161214","NOIRMOUTIER EN",47.004667,-2.257167,8.875,6.8375,87.2083333333333,3.71666666666667,2016-12-14
"20161215","NOIRMOUTIER EN",47.004667,-2.257167,9.34166666666667,8.7,95.8333333333333,3.52083333333333,2016-12-15
"20161216","NOIRMOUTIER EN",47.004667,-2.257167,9.3875,7.74166666666667,89.9583333333333,2.38333333333333,2016-12-16
"20161217","NOIRMOUTIER EN",47.004667,-2.257167,7.57916666666667,6.575,93.7916666666667,2.32916666666667,2016-12-17
"20161218","NOIRMOUTIER EN",47.004667,-2.257167,4.52083333333333,4.24583333333333,98.2083333333333,3.54583333333333,2016-12-18
"20161219","NOIRMOUTIER EN",47.004667,-2.257167,3.83333333333333,2.92916666666667,93.7916666666667,4.16666666666667,2016-12-19
"20161220","NOIRMOUTIER EN",47.004667,-2.257167,5.3625,3.50833333333333,88,2.875,2016-12-20
"20161221","NOIRMOUTIER EN",47.004667,-2.257167,10,9.50869565217391,96.8695652173913,4.85217391304348,2016-12-21
"20161222","NOIRMOUTIER EN",47.004667,-2.257167,9.78,9.11,95.8,1.705,2016-12-22
"20161223","NOIRMOUTIER EN",47.004667,-2.257167,8.7125,8.32916666666667,97.5833333333333,3.9,2016-12-23
"20161224","NOIRMOUTIER EN",47.004667,-2.257167,10.3041666666667,9.04166666666667,92.1666666666667,3.00416666666667,2016-12-24
"20161225","NOIRMOUTIER EN",47.004667,-2.257167,11.625,10.3875,92.2916666666667,3.4125,2016-12-25
"20161226","NOIRMOUTIER EN",47.004667,-2.257167,10.8291666666667,9.41666666666667,91.2916666666667,3.30416666666667,2016-12-26
"20161227","NOIRMOUTIER EN",47.004667,-2.257167,6.47916666666667,2.69166666666667,77.0416666666667,5.375,2016-12-27
"20161228","NOIRMOUTIER EN",47.004667,-2.257167,6.01666666666667,0.958333333333333,70.4166666666667,3.55416666666667,2016-12-28
"20161229","NOIRMOUTIER EN",47.004667,-2.257167,4.14166666666667,1.725,84.5,2.09583333333333,2016-12-29
"20161230","NOIRMOUTIER EN",47.004667,-2.257167,1.67916666666667,1.4,98.0833333333333,2.23333333333333,2016-12-30
"20161231","NOIRMOUTIER EN",47.004667,-2.257167,-0.908333333333333,-0.954166666666667,99.875,1.75416666666667,2016-12-31
"20170101","NOIRMOUTIER EN",47.004667,-2.257167,4.0125,3.78333333333333,98.7083333333333,NA,2017-01-01
"20170102","NOIRMOUTIER EN",47.004667,-2.257167,5.725,5.26666666666667,96.875,3.4,2017-01-02
"20170103","NOIRMOUTIER EN",47.004667,-2.257167,2.44583333333333,0.183333333333333,85.4166666666667,4.05,2017-01-03
"20170104","NOIRMOUTIER EN",47.004667,-2.257167,3.6125,1.83333333333333,89.1666666666667,1.9125,2017-01-04
"20170105","NOIRMOUTIER EN",47.004667,-2.257167,5.3875,2.57083333333333,82.5833333333333,1.99583333333333,2017-01-05
"20170106","NOIRMOUTIER EN",47.004667,-2.257167,2.275,-0.1875,84.25,2.64166666666667,2017-01-06
"20170107","NOIRMOUTIER EN",47.004667,-2.257167,2.10833333333333,-2.98333333333333,70.6666666666667,1.39583333333333,2017-01-07
"20170108","NOIRMOUTIER EN",47.004667,-2.257167,7.78333333333333,6.6875,92.7916666666667,1.76666666666667,2017-01-08
"20170109","NOIRMOUTIER EN",47.004667,-2.257167,8.55833333333333,7.93333333333333,95.9166666666667,3.44583333333333,2017-01-09
"20170110","NOIRMOUTIER EN",47.004667,-2.257167,9.15416666666667,7.14166666666667,87.375,4.5,2017-01-10
"20170111","NOIRMOUTIER EN",47.004667,-2.257167,10.0708333333333,8.60833333333333,90.875,4.52083333333333,2017-01-11
"20170112","NOIRMOUTIER EN",47.004667,-2.257167,8.7875,6.4625,85.9583333333333,6.59166666666667,2017-01-12
"20170113","NOIRMOUTIER EN",47.004667,-2.257167,7.23333333333333,0.754166666666667,63.5416666666667,7.70416666666667,2017-01-13
"20170114","NOIRMOUTIER EN",47.004667,-2.257167,7.1375,3.19583333333333,76.2083333333333,4.49166666666667,2017-01-14
"20170115","NOIRMOUTIER EN",47.004667,-2.257167,8.57083333333333,6.32916666666667,85.8333333333333,5.04583333333333,2017-01-15
"20170116","NOIRMOUTIER EN",47.004667,-2.257167,8.61666666666667,7.60833333333333,93.5,3.4125,2017-01-16
"20170117","NOIRMOUTIER EN",47.004667,-2.257167,3.175,-2.14166666666667,69.9166666666667,4.3125,2017-01-17
"20170118","NOIRMOUTIER EN",47.004667,-2.257167,0.725,-5.475,64.4166666666667,6.0375,2017-01-18
"20170119","NOIRMOUTIER EN",47.004667,-2.257167,-0.65,-5.49583333333333,69.9583333333333,4.85416666666667,2017-01-19
"20170120","NOIRMOUTIER EN",47.004667,-2.257167,-0.616666666666667,-3.65416666666667,80.25,3.1625,2017-01-20
"20170121","NOIRMOUTIER EN",47.004667,-2.257167,1.65416666666667,-1.90833333333333,78.125,2.74166666666667,2017-01-21
"20170122","NOIRMOUTIER EN",47.004667,-2.257167,3.72083333333333,-1.2875,71.2916666666667,2.69583333333333,2017-01-22
"20170123","NOIRMOUTIER EN",47.004667,-2.257167,4.37083333333333,-2.57083333333333,61.4166666666667,3.24583333333333,2017-01-23
"20170124","NOIRMOUTIER EN",47.004667,-2.257167,2.92916666666667,-0.775,77.875,1.6,2017-01-24
"20170125","NOIRMOUTIER EN",47.004667,-2.257167,0.8375,-1.85,82.9166666666667,2.64166666666667,2017-01-25
"20170126","NOIRMOUTIER EN",47.004667,-2.257167,1.92083333333333,-2.18333333333333,75.5833333333333,3.92916666666667,2017-01-26
"20170127","NOIRMOUTIER EN",47.004667,-2.257167,6.94583333333333,3.68333333333333,80.25,4.45416666666667,2017-01-27
"20170128","NOIRMOUTIER EN",47.004667,-2.257167,7.09583333333333,5.45833333333333,89.75,2.79583333333333,2017-01-28
"20170129","NOIRMOUTIER EN",47.004667,-2.257167,8.17083333333333,7.24583333333333,94.0833333333333,5.19583333333333,2017-01-29
"20170130","NOIRMOUTIER EN",47.004667,-2.257167,10.7791666666667,10.7625,99.9583333333333,4.97916666666667,2017-01-30
"20170131","NOIRMOUTIER EN",47.004667,-2.257167,10.4916666666667,9.7375,95.2916666666667,3.11666666666667,2017-01-31
"20170201","NOIRMOUTIER EN",47.004667,-2.257167,9.98333333333333,9.325,95.8333333333333,4.54166666666667,2017-02-01
"20170202","NOIRMOUTIER EN",47.004667,-2.257167,10.1125,8.3375,88.9583333333333,7.75833333333333,2017-02-02
"20170203","NOIRMOUTIER EN",47.004667,-2.257167,9.09166666666667,6.80416666666667,85.8333333333333,7.88333333333333,2017-02-03
"20170204","NOIRMOUTIER EN",47.004667,-2.257167,8.65,6.44166666666667,86.625,5.8125,2017-02-04
"20170205","NOIRMOUTIER EN",47.004667,-2.257167,8.65833333333333,5.76666666666667,82.5,7.56666666666667,2017-02-05
"20170206","NOIRMOUTIER EN",47.004667,-2.257167,7.88333333333333,6.67916666666667,92.3333333333333,4.8125,2017-02-06
"20170207","NOIRMOUTIER EN",47.004667,-2.257167,8.96666666666667,7.03333333333333,88,3.88333333333333,2017-02-07
"20170208","NOIRMOUTIER EN",47.004667,-2.257167,7.12916666666667,4.42916666666667,83.25,3.92083333333333,2017-02-08
"20170209","NOIRMOUTIER EN",47.004667,-2.257167,4.94583333333333,2.33333333333333,83.5,3.675,2017-02-09
"20170210","NOIRMOUTIER EN",47.004667,-2.257167,4.04583333333333,-0.075,75.5416666666667,5.67916666666667,2017-02-10
"20170211","NOIRMOUTIER EN",47.004667,-2.257167,3.0125,-0.05,80.5416666666667,2.92916666666667,2017-02-11
"20170212","NOIRMOUTIER EN",47.004667,-2.257167,3.9,1.40416666666667,83.9583333333333,6.37083333333333,2017-02-12
"20170213","NOIRMOUTIER EN",47.004667,-2.257167,10.4458333333333,6.97916666666667,79.5,4.67083333333333,2017-02-13
"20170214","NOIRMOUTIER EN",47.004667,-2.257167,10.3,9.21666666666667,93.25,2.64583333333333,2017-02-14
"20170215","NOIRMOUTIER EN",47.004667,-2.257167,10.35,8.69583333333333,90.0416666666667,2.85,2017-02-15
"20170216","NOIRMOUTIER EN",47.004667,-2.257167,9.90416666666667,8.05,89.125,1.37083333333333,2017-02-16
"20170217","NOIRMOUTIER EN",47.004667,-2.257167,8.6875,7.0875,90.1666666666667,1.39583333333333,2017-02-17
"20170218","NOIRMOUTIER EN",47.004667,-2.257167,7.99583333333333,5.15416666666667,83.2083333333333,2.3625,2017-02-18
"20170219","NOIRMOUTIER EN",47.004667,-2.257167,7.46666666666667,5.77083333333333,89.5,1.73333333333333,2017-02-19
"20170220","NOIRMOUTIER EN",47.004667,-2.257167,10.1083333333333,9.98333333333333,99.2083333333333,3.7,2017-02-20
"20170221","NOIRMOUTIER EN",47.004667,-2.257167,9.57083333333333,8.875,95.5833333333333,3.24583333333333,2017-02-21
"20170222","NOIRMOUTIER EN",47.004667,-2.257167,10.0833333333333,8.13333333333333,87.6666666666667,4.12083333333333,2017-02-22
"20170223","NOIRMOUTIER EN",47.004667,-2.257167,9.99166666666667,7.62916666666667,85.3333333333333,6.61666666666667,2017-02-23
"20170224","NOIRMOUTIER EN",47.004667,-2.257167,8.13333333333333,4.9625,80.9166666666667,3.43333333333333,2017-02-24
"20170225","NOIRMOUTIER EN",47.004667,-2.257167,8.0375,6.2875,89.25,3.875,2017-02-25
"20170226","NOIRMOUTIER EN",47.004667,-2.257167,10.6916666666667,9.31666666666667,91.3333333333333,5.20833333333333,2017-02-26
"20170227","NOIRMOUTIER EN",47.004667,-2.257167,9.4875,6.82083333333333,83.6666666666667,10.3208333333333,2017-02-27
"20170228","NOIRMOUTIER EN",47.004667,-2.257167,8.37083333333333,4.68333333333333,78.0416666666667,9.69583333333333,2017-02-28
"20170301","NOIRMOUTIER EN",47.004667,-2.257167,9.98333333333333,8.78333333333333,92.375,7.6625,2017-03-01
"20170302","NOIRMOUTIER EN",47.004667,-2.257167,8.7875,6.17083333333333,84.1666666666667,2.84583333333333,2017-03-02
"20170303","NOIRMOUTIER EN",47.004667,-2.257167,10.35,8.75416666666667,89.7916666666667,5.25416666666667,2017-03-03
"20170304","NOIRMOUTIER EN",47.004667,-2.257167,8.84166666666667,6.00416666666667,82.75,5.10833333333333,2017-03-04
"20170305","NOIRMOUTIER EN",47.004667,-2.257167,10.0958333333333,7.9875,87.0833333333333,8.01666666666667,2017-03-05
"20170306","NOIRMOUTIER EN",47.004667,-2.257167,10.1083333333333,6.72083333333333,80.0833333333333,10.0875,2017-03-06
"20170307","NOIRMOUTIER EN",47.004667,-2.257167,9.45833333333333,8.41666666666667,93.4583333333333,4.55416666666667,2017-03-07
"20170308","NOIRMOUTIER EN",47.004667,-2.257167,11.0375,10.6583333333333,97.5833333333333,6.28333333333333,2017-03-08
"20170309","NOIRMOUTIER EN",47.004667,-2.257167,11.3666666666667,10.1375,92.375,3.59166666666667,2017-03-09
"20170310","NOIRMOUTIER EN",47.004667,-2.257167,11.2583333333333,8.4375,84.4166666666667,1.81666666666667,2017-03-10
"20170311","NOIRMOUTIER EN",47.004667,-2.257167,11.725,9.33333333333333,85.625,1.93333333333333,2017-03-11
"20170312","NOIRMOUTIER EN",47.004667,-2.257167,10.3083333333333,9.1625,92.7916666666667,4.69583333333333,2017-03-12
"20170313","NOIRMOUTIER EN",47.004667,-2.257167,11.1083333333333,7.11666666666667,77.125,3.82916666666667,2017-03-13
"20170314","NOIRMOUTIER EN",47.004667,-2.257167,10.0083333333333,6.64583333333333,79.875,2.82916666666667,2017-03-14
"20170315","NOIRMOUTIER EN",47.004667,-2.257167,10.7791666666667,7.93333333333333,82.875,3.66666666666667,2017-03-15
"20170316","NOIRMOUTIER EN",47.004667,-2.257167,10.8041666666667,8.3875,85.8333333333333,2.05833333333333,2017-03-16
"20170317","NOIRMOUTIER EN",47.004667,-2.257167,10.0583333333333,7.4125,84.125,4.22916666666667,2017-03-17
"20170318","NOIRMOUTIER EN",47.004667,-2.257167,10.7583333333333,9.19583333333333,90.2916666666667,5.8875,2017-03-18
"20170319","NOIRMOUTIER EN",47.004667,-2.257167,11.0166666666667,9.975,93.5,4.55416666666667,2017-03-19
"20170320","NOIRMOUTIER EN",47.004667,-2.257167,11.0291666666667,9.2625,89.0416666666667,5.84166666666667,2017-03-20
"20170321","NOIRMOUTIER EN",47.004667,-2.257167,9.8625,5.72083333333333,76.125,4.05416666666667,2017-03-21
"20170322","NOIRMOUTIER EN",47.004667,-2.257167,8.20416666666667,5.36666666666667,82.625,4.44166666666667,2017-03-22
"20170323","NOIRMOUTIER EN",47.004667,-2.257167,6.87083333333333,5.38333333333333,90.3333333333333,2.275,2017-03-23
"20170324","NOIRMOUTIER EN",47.004667,-2.257167,9.3125,5.9,79.9583333333333,4.27083333333333,2017-03-24
"20170325","NOIRMOUTIER EN",47.004667,-2.257167,12.5875,7.74166666666667,73.125,6.02916666666667,2017-03-25
"20170326","NOIRMOUTIER EN",47.004667,-2.257167,12.4,6.57083333333333,68.8333333333333,3.13333333333333,2017-03-26
"20170327","NOIRMOUTIER EN",47.004667,-2.257167,12.7541666666667,7.38333333333333,70.9166666666667,4.2625,2017-03-27
"20170328","NOIRMOUTIER EN",47.004667,-2.257167,12.4791666666667,9.88333333333333,84.8333333333333,4.025,2017-03-28
"20170329","NOIRMOUTIER EN",47.004667,-2.257167,13.5083333333333,9.36666666666667,76.5833333333333,3.75,2017-03-29
"20170330","NOIRMOUTIER EN",47.004667,-2.257167,14.5666666666667,9.4625,72.875,3.76666666666667,2017-03-30
"20170331","NOIRMOUTIER EN",47.004667,-2.257167,13,10.1208333333333,82.875,5.95,2017-03-31
"20170401","NOIRMOUTIER EN",47.004667,-2.257167,11.9166666666667,9.12916666666667,83.125,6.25,2017-04-01
"20170402","NOIRMOUTIER EN",47.004667,-2.257167,11.775,8.73333333333333,82.0833333333333,3.84166666666667,2017-04-02
"20170403","NOIRMOUTIER EN",47.004667,-2.257167,11.8958333333333,8.65416666666667,81.9166666666667,2.075,2017-04-03
"20170404","NOIRMOUTIER EN",47.004667,-2.257167,12.1666666666667,9.08333333333333,81.9583333333333,3.925,2017-04-04
"20170405","NOIRMOUTIER EN",47.004667,-2.257167,12.8083333333333,8.6625,77.125,4.3375,2017-04-05
"20170406","NOIRMOUTIER EN",47.004667,-2.257167,12.0833333333333,5.67916666666667,66.3333333333333,4.09583333333333,2017-04-06
"20170407","NOIRMOUTIER EN",47.004667,-2.257167,13.1166666666667,6.85,67.125,3.4,2017-04-07
"20170408","NOIRMOUTIER EN",47.004667,-2.257167,15.3125,9.57916666666667,69.6666666666667,2.87916666666667,2017-04-08
"20170409","NOIRMOUTIER EN",47.004667,-2.257167,14.9083333333333,10.8583333333333,77.8333333333333,2.19166666666667,2017-04-09
"20170410","NOIRMOUTIER EN",47.004667,-2.257167,12.9458333333333,8.69166666666667,76.0416666666667,4.4625,2017-04-10
"20170411","NOIRMOUTIER EN",47.004667,-2.257167,11.7208333333333,6.24166666666667,71.125,3.22083333333333,2017-04-11
"20170412","NOIRMOUTIER EN",47.004667,-2.257167,12.6333333333333,8.54583333333333,76.875,2.85833333333333,2017-04-12
"20170413","NOIRMOUTIER EN",47.004667,-2.257167,11.0166666666667,7.36666666666667,78.625,3.08333333333333,2017-04-13
"20170414","NOIRMOUTIER EN",47.004667,-2.257167,11.6791666666667,6.8875,72.7916666666667,3.47083333333333,2017-04-14
"20170415","NOIRMOUTIER EN",47.004667,-2.257167,12.825,8.775,76.625,3.87916666666667,2017-04-15
"20170416","NOIRMOUTIER EN",47.004667,-2.257167,12.4083333333333,7.26666666666667,71.7083333333333,3.05416666666667,2017-04-16
"20170417","NOIRMOUTIER EN",47.004667,-2.257167,12.05,7.69583333333333,75.125,3.07916666666667,2017-04-17
"20170418","NOIRMOUTIER EN",47.004667,-2.257167,12.2625,4.1625,59.0833333333333,4.375,2017-04-18
"20170419","NOIRMOUTIER EN",47.004667,-2.257167,10.6375,1.025,53.25,5.28333333333333,2017-04-19
"20170420","NOIRMOUTIER EN",47.004667,-2.257167,10.2458333333333,-1.35416666666667,45.375,5.16666666666667,2017-04-20
"20170421","NOIRMOUTIER EN",47.004667,-2.257167,12.8666666666667,-0.05,43.375,3.9375,2017-04-21
"20170422","NOIRMOUTIER EN",47.004667,-2.257167,14.6458333333333,5.59166666666667,56.0416666666667,4.02916666666667,2017-04-22
"20170423","NOIRMOUTIER EN",47.004667,-2.257167,13.475,4.91666666666667,59,4.4875,2017-04-23
"20170424","NOIRMOUTIER EN",47.004667,-2.257167,12.725,5.6,63.125,3.07083333333333,2017-04-24
"20170425","NOIRMOUTIER EN",47.004667,-2.257167,9.0375,3.3625,68.625,4.85416666666667,2017-04-25
"20170426","NOIRMOUTIER EN",47.004667,-2.257167,7.79166666666667,1.2625,63.7083333333333,3.85416666666667,2017-04-26
"20170427","NOIRMOUTIER EN",47.004667,-2.257167,8.33333333333333,2.9625,69.5416666666667,3.60833333333333,2017-04-27
"20170428","NOIRMOUTIER EN",47.004667,-2.257167,9.67916666666667,5.3625,75.25,2.55833333333333,2017-04-28
"20170429","NOIRMOUTIER EN",47.004667,-2.257167,12.6958333333333,4.975,62.625,3.94166666666667,2017-04-29
"20170430","NOIRMOUTIER EN",47.004667,-2.257167,11.3375,7.34583333333333,77.2083333333333,7.21666666666667,2017-04-30
"20170501","NOIRMOUTIER EN",47.004667,-2.257167,11.55,7.10416666666667,74.625,7.6,2017-05-01
"20170502","NOIRMOUTIER EN",47.004667,-2.257167,12.9,9.25833333333333,79,4.5,2017-05-02
"20170503","NOIRMOUTIER EN",47.004667,-2.257167,13.25,8.85416666666667,76.125,2.5,2017-05-03
"20170504","NOIRMOUTIER EN",47.004667,-2.257167,13.2625,7.52083333333333,69.875,4.2625,2017-05-04
"20170505","NOIRMOUTIER EN",47.004667,-2.257167,14.9958333333333,9.175,70.375,5.375,2017-05-05
"20170506","NOIRMOUTIER EN",47.004667,-2.257167,14.0916666666667,11.9541666666667,87.375,5.79583333333333,2017-05-06
"20170507","NOIRMOUTIER EN",47.004667,-2.257167,14.1666666666667,11.3416666666667,83.5,4.53333333333333,2017-05-07
"20170508","NOIRMOUTIER EN",47.004667,-2.257167,13.7,8.55416666666667,71.7916666666667,3.8375,2017-05-08
"20170509","NOIRMOUTIER EN",47.004667,-2.257167,13.5541666666667,6.73333333333333,65,5.65833333333333,2017-05-09
"20170510","NOIRMOUTIER EN",47.004667,-2.257167,14.125,9.475,74.2916666666667,4.93333333333333,2017-05-10
"20170511","NOIRMOUTIER EN",47.004667,-2.257167,14.6541666666667,12.7833333333333,88.7083333333333,4.69166666666667,2017-05-11
"20170512","NOIRMOUTIER EN",47.004667,-2.257167,15.0458333333333,12.7958333333333,86.5,5.84166666666667,2017-05-12
"20170513","NOIRMOUTIER EN",47.004667,-2.257167,15.0333333333333,11.9,81.75,5.98333333333333,2017-05-13
"20170514","NOIRMOUTIER EN",47.004667,-2.257167,15.3208333333333,11.4125,78.0833333333333,4.47083333333333,2017-05-14
"20170515","NOIRMOUTIER EN",47.004667,-2.257167,17.4916666666667,12.5041666666667,73.2083333333333,3.04583333333333,2017-05-15
"20170516","NOIRMOUTIER EN",47.004667,-2.257167,20.3666666666667,13.8375,68.75,2.075,2017-05-16
"20170517","NOIRMOUTIER EN",47.004667,-2.257167,16.0375,14.5625,91.2083333333333,3.24583333333333,2017-05-17
"20170518","NOIRMOUTIER EN",47.004667,-2.257167,13.1,9.28333333333333,78.3333333333333,5.51666666666667,2017-05-18
"20170519","NOIRMOUTIER EN",47.004667,-2.257167,12.5875,8.375,75.9166666666667,4.37916666666667,2017-05-19
"20170520","NOIRMOUTIER EN",47.004667,-2.257167,13.85,9.28333333333333,74.4166666666667,3.4125,2017-05-20
"20170521","NOIRMOUTIER EN",47.004667,-2.257167,17.2375,10.3166666666667,66.1666666666667,3.0625,2017-05-21
"20170522","NOIRMOUTIER EN",47.004667,-2.257167,17.4166666666667,13.0333333333333,76.1666666666667,3.7125,2017-05-22
"20170523","NOIRMOUTIER EN",47.004667,-2.257167,16.5875,12.9291666666667,79.75,3.075,2017-05-23
"20170524","NOIRMOUTIER EN",47.004667,-2.257167,20.975,15.225,71.2916666666667,3.57916666666667,2017-05-24
"20170525","NOIRMOUTIER EN",47.004667,-2.257167,23.1375,14.6125,61.25,4.4125,2017-05-25
"20170526","NOIRMOUTIER EN",47.004667,-2.257167,21.6791666666667,15.4833333333333,69.0833333333333,4.40416666666667,2017-05-26
"20170527","NOIRMOUTIER EN",47.004667,-2.257167,18.7666666666667,15.3291666666667,81,3.07916666666667,2017-05-27
"20170528","NOIRMOUTIER EN",47.004667,-2.257167,20.3875,16.9708333333333,81.5833333333333,3.14166666666667,2017-05-28
"20170529","NOIRMOUTIER EN",47.004667,-2.257167,17.0583333333333,15.9916666666667,93.5416666666667,3.3,2017-05-29
"20170530","NOIRMOUTIER EN",47.004667,-2.257167,17.3125,14.3666666666667,83.5,3.20833333333333,2017-05-30
"20170531","NOIRMOUTIER EN",47.004667,-2.257167,18.875,13.9166666666667,74.7916666666667,2.74166666666667,2017-05-31
"20170601","NOIRMOUTIER EN",47.004667,-2.257167,20.6,15.675,74.625,2.6875,2017-06-01
"20170602","NOIRMOUTIER EN",47.004667,-2.257167,19.2583333333333,15.6625,80.4166666666667,3.55,2017-06-02
"20170603","NOIRMOUTIER EN",47.004667,-2.257167,16.8875,13.125,79.2916666666667,5.04166666666667,2017-06-03
"20170604","NOIRMOUTIER EN",47.004667,-2.257167,16.1291666666667,10.55,70.25,2.8,2017-06-04
"20170605","NOIRMOUTIER EN",47.004667,-2.257167,16.3208333333333,12.4208333333333,78.75,6.64166666666667,2017-06-05
"20170606","NOIRMOUTIER EN",47.004667,-2.257167,14.9875,9.70833333333333,70.875,9.21666666666667,2017-06-06
"20170607","NOIRMOUTIER EN",47.004667,-2.257167,15.8875,11.0375,73.25,4.84583333333333,2017-06-07
"20170608","NOIRMOUTIER EN",47.004667,-2.257167,17.2916666666667,14.2708333333333,82.9166666666667,3.7375,2017-06-08
"20170609","NOIRMOUTIER EN",47.004667,-2.257167,17.1583333333333,13.6125,79.9166666666667,3.82916666666667,2017-06-09
"20170610","NOIRMOUTIER EN",47.004667,-2.257167,18.6541666666667,13.9833333333333,75.6666666666667,2.5875,2017-06-10
"20170611","NOIRMOUTIER EN",47.004667,-2.257167,17.5083333333333,14.9916666666667,85.5416666666667,3.38333333333333,2017-06-11
"20170612","NOIRMOUTIER EN",47.004667,-2.257167,16.9875,11.55,71.4166666666667,3.82083333333333,2017-06-12
"20170613","NOIRMOUTIER EN",47.004667,-2.257167,19.0666666666667,12.1791666666667,65.2083333333333,3.94166666666667,2017-06-13
"20170614","NOIRMOUTIER EN",47.004667,-2.257167,20.4541666666667,15.6625,75.125,2.45416666666667,2017-06-14
"20170615","NOIRMOUTIER EN",47.004667,-2.257167,18.4875,15.15,81.25,4.89583333333333,2017-06-15
"20170616","NOIRMOUTIER EN",47.004667,-2.257167,18.25,12.6583333333333,70.5,3.58333333333333,2017-06-16
"20170617","NOIRMOUTIER EN",47.004667,-2.257167,22.4708333333333,13.5666666666667,58.8333333333333,4.10833333333333,2017-06-17
"20170618","NOIRMOUTIER EN",47.004667,-2.257167,25.5583333333333,15.55,56.4166666666667,4.14166666666667,2017-06-18
"20170619","NOIRMOUTIER EN",47.004667,-2.257167,25.2958333333333,16.9416666666667,60.8333333333333,2.9375,2017-06-19
"20170620","NOIRMOUTIER EN",47.004667,-2.257167,22.5875,18.6791666666667,79.8333333333333,2.37083333333333,2017-06-20
"20170621","NOIRMOUTIER EN",47.004667,-2.257167,20.4333333333333,17.1375,82.125,2.38333333333333,2017-06-21
"20170622","NOIRMOUTIER EN",47.004667,-2.257167,20.1125,17.1583333333333,83.5833333333333,4.07083333333333,2017-06-22
"20170623","NOIRMOUTIER EN",47.004667,-2.257167,19.1333333333333,13.8166666666667,71.7916666666667,3.31666666666667,2017-06-23
"20170624","NOIRMOUTIER EN",47.004667,-2.257167,19.4916666666667,15.1583333333333,76.7916666666667,4.23333333333333,2017-06-24
"20170625","NOIRMOUTIER EN",47.004667,-2.257167,18.8166666666667,14.9291666666667,78.7916666666667,3.24166666666667,2017-06-25
"20170626","NOIRMOUTIER EN",47.004667,-2.257167,19.9291666666667,16.0291666666667,79.2916666666667,3.57916666666667,2017-06-26
"20170627","NOIRMOUTIER EN",47.004667,-2.257167,18.8916666666667,16.15,84.4166666666667,4.04166666666667,2017-06-27
"20170628","NOIRMOUTIER EN",47.004667,-2.257167,18.3041666666667,14.5875,79.5416666666667,4.8125,2017-06-28
"20170629","NOIRMOUTIER EN",47.004667,-2.257167,16.55,13.1625,80.7083333333333,6.0375,2017-06-29
"20170630","NOIRMOUTIER EN",47.004667,-2.257167,15.425,12.0458333333333,80.4166666666667,7.675,2017-06-30
"20170701","NOIRMOUTIER EN",47.004667,-2.257167,16.4041666666667,12.6166666666667,78.7083333333333,6.63333333333333,2017-07-01
"20170702","NOIRMOUTIER EN",47.004667,-2.257167,17.4458333333333,14.9041666666667,85.2916666666667,5.02916666666667,2017-07-02
"20170703","NOIRMOUTIER EN",47.004667,-2.257167,17.3041666666667,13.4583333333333,78.5416666666667,4.03333333333333,2017-07-03
"20170704","NOIRMOUTIER EN",47.004667,-2.257167,20.4625,14.9208333333333,72.25,2.3375,2017-07-04
"20170705","NOIRMOUTIER EN",47.004667,-2.257167,23.9333333333333,16.3333333333333,64.375,3.22083333333333,2017-07-05
"20170706","NOIRMOUTIER EN",47.004667,-2.257167,20.0625,17.9333333333333,87.875,3.59583333333333,2017-07-06
"20170707","NOIRMOUTIER EN",47.004667,-2.257167,20.9125,17.2375,79.7916666666667,2.65,2017-07-07
"20170708","NOIRMOUTIER EN",47.004667,-2.257167,22.6291666666667,15.15,63.2916666666667,3.9625,2017-07-08
"20170709","NOIRMOUTIER EN",47.004667,-2.257167,21.45,16.475,74.125,5.1,2017-07-09
"20170710","NOIRMOUTIER EN",47.004667,-2.257167,19.0083333333333,14.725,76.8333333333333,4.9125,2017-07-10
"20170711","NOIRMOUTIER EN",47.004667,-2.257167,19.325,14.7916666666667,75.875,5.97083333333333,2017-07-11
"20170712","NOIRMOUTIER EN",47.004667,-2.257167,18.9208333333333,15.8291666666667,82.75,6.02083333333333,2017-07-12
"20170713","NOIRMOUTIER EN",47.004667,-2.257167,19.175,15.725,80.7916666666667,4.6125,2017-07-13
"20170714","NOIRMOUTIER EN",47.004667,-2.257167,18.2125,13.425,73.9583333333333,4.26666666666667,2017-07-14
"20170715","NOIRMOUTIER EN",47.004667,-2.257167,18.3125,13.3041666666667,73.1666666666667,3.75833333333333,2017-07-15
"20170716","NOIRMOUTIER EN",47.004667,-2.257167,22.1416666666667,14.7666666666667,64.8333333333333,3.9,2017-07-16
"20170717","NOIRMOUTIER EN",47.004667,-2.257167,25.1083333333333,16.5833333333333,62,4.5375,2017-07-17
"20170718","NOIRMOUTIER EN",47.004667,-2.257167,24.3875,17.3166666666667,67,5.175,2017-07-18
"20170719","NOIRMOUTIER EN",47.004667,-2.257167,20.0541666666667,17.5958333333333,85.875,6.12916666666667,2017-07-19
"20170720","NOIRMOUTIER EN",47.004667,-2.257167,17.6833333333333,12.2,71.0833333333333,5.36666666666667,2017-07-20
"20170721","NOIRMOUTIER EN",47.004667,-2.257167,18.7041666666667,13.0708333333333,70.25,6.725,2017-07-21
"20170722","NOIRMOUTIER EN",47.004667,-2.257167,18.0416666666667,12.2333333333333,69.125,6.6125,2017-07-22
"20170723","NOIRMOUTIER EN",47.004667,-2.257167,17.825,14.7916666666667,83.25,6.075,2017-07-23
"20170724","NOIRMOUTIER EN",47.004667,-2.257167,17.9625,15.0958333333333,83.5833333333333,6.12083333333333,2017-07-24
"20170725","NOIRMOUTIER EN",47.004667,-2.257167,18.1291666666667,14.8208333333333,81.125,5.56666666666667,2017-07-25
"20170726","NOIRMOUTIER EN",47.004667,-2.257167,19.1458333333333,17.2458333333333,89.125,5.74583333333333,2017-07-26
"20170727","NOIRMOUTIER EN",47.004667,-2.257167,18.4875,14.3625,77.8333333333333,5.20416666666667,2017-07-27
"20170728","NOIRMOUTIER EN",47.004667,-2.257167,19.3166666666667,15.0625,76.7083333333333,5.3625,2017-07-28
"20170729","NOIRMOUTIER EN",47.004667,-2.257167,20.0916666666667,18.2208333333333,89.25,6.43333333333333,2017-07-29
"20170730","NOIRMOUTIER EN",47.004667,-2.257167,19.1291666666667,14.5833333333333,75.3333333333333,6.61666666666667,2017-07-30
"20170731","NOIRMOUTIER EN",47.004667,-2.257167,18.4083333333333,13.4791666666667,73.625,2.79583333333333,2017-07-31
"20170801","NOIRMOUTIER EN",47.004667,-2.257167,18.6875,13.7791666666667,73.75,3.35,2017-08-01
"20170802","NOIRMOUTIER EN",47.004667,-2.257167,20.175,16.3166666666667,78.7083333333333,5.53333333333333,2017-08-02
"20170803","NOIRMOUTIER EN",47.004667,-2.257167,20.2875,16.1458333333333,77.5833333333333,6.83333333333333,2017-08-03
"20170804","NOIRMOUTIER EN",47.004667,-2.257167,19.3833333333333,17.1916666666667,87.2916666666667,5.4,2017-08-04
"20170805","NOIRMOUTIER EN",47.004667,-2.257167,18.2833333333333,13.1333333333333,72.3333333333333,5.4375,2017-08-05
"20170806","NOIRMOUTIER EN",47.004667,-2.257167,17.8625,10.6625,63.8333333333333,3.4,2017-08-06
"20170807","NOIRMOUTIER EN",47.004667,-2.257167,19.8916666666667,11.4791666666667,59.625,3.64166666666667,2017-08-07
"20170808","NOIRMOUTIER EN",47.004667,-2.257167,17.4041666666667,12.3583333333333,72.75,5.65416666666667,2017-08-08
"20170809","NOIRMOUTIER EN",47.004667,-2.257167,15.7916666666667,11.4666666666667,75.8333333333333,4.69166666666667,2017-08-09
"20170810","NOIRMOUTIER EN",47.004667,-2.257167,18.2791666666667,11.3416666666667,65.125,5.45,2017-08-10
"20170811","NOIRMOUTIER EN",47.004667,-2.257167,16.6208333333333,11.9208333333333,74.125,4.25416666666667,2017-08-11
"20170812","NOIRMOUTIER EN",47.004667,-2.257167,17.6875,15.8,88.7916666666667,4.91666666666667,2017-08-12
"20170813","NOIRMOUTIER EN",47.004667,-2.257167,17.7583333333333,13.1041666666667,75.1666666666667,3.1625,2017-08-13
"20170814","NOIRMOUTIER EN",47.004667,-2.257167,20.9,15.05,70.0416666666667,2.10833333333333,2017-08-14
"20170815","NOIRMOUTIER EN",47.004667,-2.257167,19.0041666666667,15.7458333333333,81.6666666666667,4.80416666666667,2017-08-15
"20170816","NOIRMOUTIER EN",47.004667,-2.257167,18.9375,15.9,83.2083333333333,3.4625,2017-08-16
"20170817","NOIRMOUTIER EN",47.004667,-2.257167,19.7958333333333,18.4666666666667,92.0416666666667,5.74166666666667,2017-08-17
"20170818","NOIRMOUTIER EN",47.004667,-2.257167,18.7333333333333,15.7458333333333,83.5,5.25,2017-08-18
"20170819","NOIRMOUTIER EN",47.004667,-2.257167,17.4166666666667,11.9666666666667,70.6666666666667,3.8,2017-08-19
"20170820","NOIRMOUTIER EN",47.004667,-2.257167,17.5458333333333,11.8625,70.2916666666667,2.35833333333333,2017-08-20
"20170821","NOIRMOUTIER EN",47.004667,-2.257167,20.5166666666667,13.55,67.25,1.96666666666667,2017-08-21
"20170822","NOIRMOUTIER EN",47.004667,-2.257167,22.8291666666667,16.6083333333333,69.5416666666667,3.36666666666667,2017-08-22
"20170823","NOIRMOUTIER EN",47.004667,-2.257167,18.5583333333333,16.0666666666667,85.9583333333333,4.7375,2017-08-23
"20170824","NOIRMOUTIER EN",47.004667,-2.257167,18.975,14.8875,77.7916666666667,3.525,2017-08-24
"20170825","NOIRMOUTIER EN",47.004667,-2.257167,19.4583333333333,14.6958333333333,74.5833333333333,2.99583333333333,2017-08-25
"20170826","NOIRMOUTIER EN",47.004667,-2.257167,19.85,16.1708333333333,80.7916666666667,1.95,2017-08-26
"20170827","NOIRMOUTIER EN",47.004667,-2.257167,22.6916666666667,17.875,75.2083333333333,2.32916666666667,2017-08-27
"20170828","NOIRMOUTIER EN",47.004667,-2.257167,24.6625,18.5708333333333,69.9583333333333,2.15,2017-08-28
"20170829","NOIRMOUTIER EN",47.004667,-2.257167,21.475,18.4916666666667,83.5833333333333,2.3625,2017-08-29
"20170830","NOIRMOUTIER EN",47.004667,-2.257167,16.2291666666667,13.1875,82.25,3.69166666666667,2017-08-30
"20170831","NOIRMOUTIER EN",47.004667,-2.257167,16.1708333333333,11.025,72.9166666666667,3.38333333333333,2017-08-31
"20170901","NOIRMOUTIER EN",47.004667,-2.257167,16.6875,12.525,76.875,3.82916666666667,2017-09-01
"20170902","NOIRMOUTIER EN",47.004667,-2.257167,16.5625,12.2708333333333,76.6666666666667,2.77083333333333,2017-09-02
"20170903","NOIRMOUTIER EN",47.004667,-2.257167,16.6958333333333,14.1208333333333,85.1666666666667,4.18333333333333,2017-09-03
"20170904","NOIRMOUTIER EN",47.004667,-2.257167,19.2166666666667,17.2291666666667,88.5416666666667,3.25833333333333,2017-09-04
"20170905","NOIRMOUTIER EN",47.004667,-2.257167,18.6583333333333,16.0125,84.9166666666667,4.975,2017-09-05
"20170906","NOIRMOUTIER EN",47.004667,-2.257167,17.5416666666667,11.8041666666667,69.5,4.30416666666667,2017-09-06
"20170907","NOIRMOUTIER EN",47.004667,-2.257167,17.3458333333333,12.9416666666667,75.8333333333333,3.49583333333333,2017-09-07
"20170908","NOIRMOUTIER EN",47.004667,-2.257167,17.3583333333333,15.3125,87.875,6.9625,2017-09-08
"20170909","NOIRMOUTIER EN",47.004667,-2.257167,16.2583333333333,11.6166666666667,74.2916666666667,6.92083333333333,2017-09-09
"20170910","NOIRMOUTIER EN",47.004667,-2.257167,16.675,13.0791666666667,79.7083333333333,6.97083333333333,2017-09-10
"20170911","NOIRMOUTIER EN",47.004667,-2.257167,15.8833333333333,11.2125,74.1666666666667,8.70416666666667,2017-09-11
"20170912","NOIRMOUTIER EN",47.004667,-2.257167,16.7458333333333,12.2833333333333,75.4583333333333,6.65,2017-09-12
"20170913","NOIRMOUTIER EN",47.004667,-2.257167,17.6333333333333,15.9625,90.1666666666667,9.5375,2017-09-13
"20170914","NOIRMOUTIER EN",47.004667,-2.257167,15.4916666666667,10.4083333333333,72.0416666666667,8.20416666666667,2017-09-14
"20170915","NOIRMOUTIER EN",47.004667,-2.257167,14.3791666666667,9.84166666666667,74.5416666666667,3.94166666666667,2017-09-15
"20170916","NOIRMOUTIER EN",47.004667,-2.257167,14.1333333333333,10.0166666666667,76.5833333333333,3.92916666666667,2017-09-16
"20170917","NOIRMOUTIER EN",47.004667,-2.257167,13.525,9.14166666666667,75.2916666666667,3.60416666666667,2017-09-17
"20170918","NOIRMOUTIER EN",47.004667,-2.257167,13.7458333333333,10.2625,80.5,2.70833333333333,2017-09-18
"20170919","NOIRMOUTIER EN",47.004667,-2.257167,14.5541666666667,10.6625,77.9166666666667,3.925,2017-09-19
"20170920","NOIRMOUTIER EN",47.004667,-2.257167,14.3,11.3291666666667,83.5416666666667,2.44166666666667,2017-09-20
"20170921","NOIRMOUTIER EN",47.004667,-2.257167,15.0208333333333,12.6833333333333,86.2916666666667,3.15416666666667,2017-09-21
"20170922","NOIRMOUTIER EN",47.004667,-2.257167,14.1666666666667,9.7125,75.8333333333333,2.3875,2017-09-22
"20170923","NOIRMOUTIER EN",47.004667,-2.257167,16.575,11.9,75.2083333333333,2.32916666666667,2017-09-23
"20170924","NOIRMOUTIER EN",47.004667,-2.257167,17.425,15.575,89.2916666666667,2.3125,2017-09-24
"20170925","NOIRMOUTIER EN",47.004667,-2.257167,16.1625,14.5,90.1666666666667,3.825,2017-09-25
"20170926","NOIRMOUTIER EN",47.004667,-2.257167,14.9291666666667,12.9791666666667,88.5,1.53333333333333,2017-09-26
"20170927","NOIRMOUTIER EN",47.004667,-2.257167,16.5791666666667,14.625,88.5833333333333,3.35416666666667,2017-09-27
"20170928","NOIRMOUTIER EN",47.004667,-2.257167,18.7458333333333,16.9125,89.5,3.15416666666667,2017-09-28
"20170929","NOIRMOUTIER EN",47.004667,-2.257167,16.7708333333333,15.3583333333333,91.4583333333333,3.63333333333333,2017-09-29
"20170930","NOIRMOUTIER EN",47.004667,-2.257167,16.2,11.5916666666667,74.5416666666667,4.2,2017-09-30
"20171001","NOIRMOUTIER EN",47.004667,-2.257167,17.0916666666667,16.4708333333333,96.2083333333333,5.47916666666667,2017-10-01
"20171002","NOIRMOUTIER EN",47.004667,-2.257167,17.2041666666667,16.3833333333333,94.875,5.06666666666667,2017-10-02
"20171003","NOIRMOUTIER EN",47.004667,-2.257167,16.2125,11.7875,76.5833333333333,3.89583333333333,2017-10-03
"20171004","NOIRMOUTIER EN",47.004667,-2.257167,14.5458333333333,9.82083333333333,74.3333333333333,2.49583333333333,2017-10-04
"20171005","NOIRMOUTIER EN",47.004667,-2.257167,14.8416666666667,12.3916666666667,85.4583333333333,4.25,2017-10-05
"20171006","NOIRMOUTIER EN",47.004667,-2.257167,14.025,8.77083333333333,71.875,2.69166666666667,2017-10-06
"20171007","NOIRMOUTIER EN",47.004667,-2.257167,14.3083333333333,9.7875,74.9583333333333,3.27916666666667,2017-10-07
"20171008","NOIRMOUTIER EN",47.004667,-2.257167,15.7375,13.7541666666667,88.125,4.27083333333333,2017-10-08
"20171009","NOIRMOUTIER EN",47.004667,-2.257167,16.0833333333333,14.3208333333333,89.4166666666667,2.4625,2017-10-09
"20171010","NOIRMOUTIER EN",47.004667,-2.257167,15.0541666666667,13.15,88.5,2.2125,2017-10-10
"20171011","NOIRMOUTIER EN",47.004667,-2.257167,16.6291666666667,14.1333333333333,85.3333333333333,3.74583333333333,2017-10-11
"20171012","NOIRMOUTIER EN",47.004667,-2.257167,17.0708333333333,15.7416666666667,92.0833333333333,3.38333333333333,2017-10-12
"20171013","NOIRMOUTIER EN",47.004667,-2.257167,16.1125,14.5875,91.25,1.75833333333333,2017-10-13
"20171014","NOIRMOUTIER EN",47.004667,-2.257167,17.1125,14.6791666666667,86.9583333333333,2.37083333333333,2017-10-14
"20171015","NOIRMOUTIER EN",47.004667,-2.257167,18.4541666666667,15.8291666666667,85.6666666666667,4.25833333333333,2017-10-15
"20171016","NOIRMOUTIER EN",47.004667,-2.257167,18.025,14.5,80.125,4.74166666666667,2017-10-16
"20171017","NOIRMOUTIER EN",47.004667,-2.257167,17.3,14.0416666666667,81.4583333333333,3.07083333333333,2017-10-17
"20171018","NOIRMOUTIER EN",47.004667,-2.257167,17.2833333333333,15.8333333333333,91.2916666666667,2.07083333333333,2017-10-18
"20171019","NOIRMOUTIER EN",47.004667,-2.257167,16.3958333333333,14.3,87.7083333333333,5.88333333333333,2017-10-19
"20171020","NOIRMOUTIER EN",47.004667,-2.257167,16.4375,11.2458333333333,71.625,6.77083333333333,2017-10-20
"20171021","NOIRMOUTIER EN",47.004667,-2.257167,15.1958333333333,9.85416666666667,70.875,10.7458333333333,2017-10-21
"20171022","NOIRMOUTIER EN",47.004667,-2.257167,13.9208333333333,8.7,70.8333333333333,7.55416666666667,2017-10-22
"20171023","NOIRMOUTIER EN",47.004667,-2.257167,15.7375,12.4041666666667,80.9166666666667,6.08333333333333,2017-10-23
"20171024","NOIRMOUTIER EN",47.004667,-2.257167,16.025,13.9916666666667,87.8333333333333,3.26666666666667,2017-10-24
"20171025","NOIRMOUTIER EN",47.004667,-2.257167,15.3875,14.2583333333333,93.25,1.67916666666667,2017-10-25
"20171026","NOIRMOUTIER EN",47.004667,-2.257167,15.8583333333333,14.2541666666667,90.6666666666667,2.42083333333333,2017-10-26
"20171027","NOIRMOUTIER EN",47.004667,-2.257167,14.9375,12.7458333333333,86.9583333333333,2.69166666666667,2017-10-27
"20171028","NOIRMOUTIER EN",47.004667,-2.257167,13.2,10.0541666666667,81.5,2.45,2017-10-28
"20171029","NOIRMOUTIER EN",47.004667,-2.257167,14.4208333333333,11.7458333333333,84.0416666666667,4.11666666666667,2017-10-29
"20171030","NOIRMOUTIER EN",47.004667,-2.257167,11.7875,6.5,70.875,4.54583333333333,2017-10-30
"20171031","NOIRMOUTIER EN",47.004667,-2.257167,10.4666666666667,4.95833333333333,69.375,3.90416666666667,2017-10-31
"20171101","NOIRMOUTIER EN",47.004667,-2.257167,11.5625,7.8,78.0833333333333,3.05,2017-11-01
"20171102","NOIRMOUTIER EN",47.004667,-2.257167,14.4333333333333,12.4,88.2916666666667,2.17083333333333,2017-11-02
"20171103","NOIRMOUTIER EN",47.004667,-2.257167,13.7083333333333,11.6875,87.7916666666667,3.15,2017-11-03
"20171104","NOIRMOUTIER EN",47.004667,-2.257167,14.1666666666667,11.5583333333333,84.5,5.83333333333333,2017-11-04
"20171105","NOIRMOUTIER EN",47.004667,-2.257167,11.2583333333333,4.85,64.875,6.14166666666667,2017-11-05
"20171106","NOIRMOUTIER EN",47.004667,-2.257167,9.99583333333333,5.09583333333333,72.25,2.4,2017-11-06
"20171107","NOIRMOUTIER EN",47.004667,-2.257167,9.59583333333333,5.77916666666667,77.2083333333333,4.9375,2017-11-07
"20171108","NOIRMOUTIER EN",47.004667,-2.257167,10.4041666666667,3.975,64.75,6.24166666666667,2017-11-08
"20171109","NOIRMOUTIER EN",47.004667,-2.257167,10.8958333333333,7.12916666666667,78.2083333333333,3.025,2017-11-09
"20171110","NOIRMOUTIER EN",47.004667,-2.257167,12.95,10.3541666666667,84.4583333333333,4.58333333333333,2017-11-10
"20171111","NOIRMOUTIER EN",47.004667,-2.257167,13.6958333333333,11.55,86.9583333333333,8.56666666666667,2017-11-11
"20171112","NOIRMOUTIER EN",47.004667,-2.257167,12.5125,8.70833333333333,78.5,7.75,2017-11-12
"20171113","NOIRMOUTIER EN",47.004667,-2.257167,9.125,3.00416666666667,65.75,3.35416666666667,2017-11-13
"20171114","NOIRMOUTIER EN",47.004667,-2.257167,6.8,3.0875,78.4583333333333,0.991666666666667,2017-11-14
"20171115","NOIRMOUTIER EN",47.004667,-2.257167,8.47916666666667,5.09166666666667,79.9583333333333,2.32083333333333,2017-11-15
"20171116","NOIRMOUTIER EN",47.004667,-2.257167,8.80833333333333,5.72083333333333,81.7083333333333,2.16666666666667,2017-11-16
"20171117","NOIRMOUTIER EN",47.004667,-2.257167,9.04166666666667,6.45416666666667,84.4583333333333,3.62916666666667,2017-11-17
"20171118","NOIRMOUTIER EN",47.004667,-2.257167,7.58333333333333,6.42083333333333,92.5833333333333,1.70833333333333,2017-11-18
"20171119","NOIRMOUTIER EN",47.004667,-2.257167,9.8,8.3875,91.3333333333333,1.95833333333333,2017-11-19
"20171120","NOIRMOUTIER EN",47.004667,-2.257167,10.2333333333333,8.875,91.6666666666667,3.1625,2017-11-20
"20171121","NOIRMOUTIER EN",47.004667,-2.257167,12.425,11.2166666666667,92.5416666666667,2.89166666666667,2017-11-21
"20171122","NOIRMOUTIER EN",47.004667,-2.257167,12.8875,10.85,88.0833333333333,7.05416666666667,2017-11-22
"20171123","NOIRMOUTIER EN",47.004667,-2.257167,14.5791666666667,12.3166666666667,86.5416666666667,7.21666666666667,2017-11-23
"20171124","NOIRMOUTIER EN",47.004667,-2.257167,12.3458333333333,9.39166666666667,82.4583333333333,3.75,2017-11-24
"20171125","NOIRMOUTIER EN",47.004667,-2.257167,8.88333333333333,3.09166666666667,67.2916666666667,5.23333333333333,2017-11-25
"20171126","NOIRMOUTIER EN",47.004667,-2.257167,8.91666666666667,2.87083333333333,65.875,3.09166666666667,2017-11-26
"20171127","NOIRMOUTIER EN",47.004667,-2.257167,10.4833333333333,5.88333333333333,73.8333333333333,5.49166666666667,2017-11-27
"20171128","NOIRMOUTIER EN",47.004667,-2.257167,9.86666666666667,5.70416666666667,75.625,5.00416666666667,2017-11-28
"20171129","NOIRMOUTIER EN",47.004667,-2.257167,6.6625,2.57916666666667,75.5,3.4625,2017-11-29
"20171130","NOIRMOUTIER EN",47.004667,-2.257167,7.15833333333333,2.82916666666667,74.125,4.34166666666667,2017-11-30
"20171201","NOIRMOUTIER EN",47.004667,-2.257167,5.9375,1.33333333333333,72.5416666666667,5.20416666666667,2017-12-01
"20171202","NOIRMOUTIER EN",47.004667,-2.257167,5.57916666666667,2.04166666666667,78.4583333333333,3.1,2017-12-02
"20171203","NOIRMOUTIER EN",47.004667,-2.257167,7.90833333333333,6.07916666666667,88.5,1.39583333333333,2017-12-03
"20171204","NOIRMOUTIER EN",47.004667,-2.257167,9.82916666666667,7.99583333333333,88.5416666666667,1.8625,2017-12-04
"20171205","NOIRMOUTIER EN",47.004667,-2.257167,8.8375,6.02916666666667,83,1.55833333333333,2017-12-05
"20171206","NOIRMOUTIER EN",47.004667,-2.257167,7.78333333333333,3.87916666666667,76.6666666666667,2.96666666666667,2017-12-06
"20171207","NOIRMOUTIER EN",47.004667,-2.257167,10.8166666666667,9.27916666666667,90.4583333333333,7.14583333333333,2017-12-07
"20171208","NOIRMOUTIER EN",47.004667,-2.257167,8.51666666666667,1.68333333333333,62.3333333333333,6.12916666666667,2017-12-08
"20171209","NOIRMOUTIER EN",47.004667,-2.257167,7.89583333333333,3.27916666666667,73.4166666666667,4.2375,2017-12-09
"20171210","NOIRMOUTIER EN",47.004667,-2.257167,11.6458333333333,9.9,89.375,8.5125,2017-12-10
"20171211","NOIRMOUTIER EN",47.004667,-2.257167,8.29166666666667,5.175,80.875,9.95416666666667,2017-12-11
"20171212","NOIRMOUTIER EN",47.004667,-2.257167,7.21666666666667,3.46666666666667,77.4166666666667,2.275,2017-12-12
"20171213","NOIRMOUTIER EN",47.004667,-2.257167,11.3083333333333,9.14166666666667,86.75,8.92916666666667,2017-12-13
"20171214","NOIRMOUTIER EN",47.004667,-2.257167,9.64166666666667,5.74166666666667,77,10.3333333333333,2017-12-14
"20171215","NOIRMOUTIER EN",47.004667,-2.257167,8.9375,4.37916666666667,73.4166666666667,7.07083333333333,2017-12-15
"20171216","NOIRMOUTIER EN",47.004667,-2.257167,7.375,3.26666666666667,75.2083333333333,3.7,2017-12-16
"20171217","NOIRMOUTIER EN",47.004667,-2.257167,9.97916666666667,6.97083333333333,81.7916666666667,4.05833333333333,2017-12-17
"20171218","NOIRMOUTIER EN",47.004667,-2.257167,10.3458333333333,7.85833333333333,85.0833333333333,5.02916666666667,2017-12-18
"20171219","NOIRMOUTIER EN",47.004667,-2.257167,5.17916666666667,3.04166666666667,86.4583333333333,1.34166666666667,2017-12-19
"20171220","NOIRMOUTIER EN",47.004667,-2.257167,5.45833333333333,4.07083333333333,91.25,1.23333333333333,2017-12-20
"20171221","NOIRMOUTIER EN",47.004667,-2.257167,9.45416666666667,8.05,90.9583333333333,1.30416666666667,2017-12-21
"20171222","NOIRMOUTIER EN",47.004667,-2.257167,9.91666666666667,8.35833333333333,90.0416666666667,1.52083333333333,2017-12-22
"20171223","NOIRMOUTIER EN",47.004667,-2.257167,10.1541666666667,8.70416666666667,90.9166666666667,2.2125,2017-12-23
"20171224","NOIRMOUTIER EN",47.004667,-2.257167,9.05833333333333,8.06666666666667,93.5833333333333,3.37916666666667,2017-12-24
"20171225","NOIRMOUTIER EN",47.004667,-2.257167,9.71666666666667,7.975,88.9166666666667,6.51666666666667,2017-12-25
"20171226","NOIRMOUTIER EN",47.004667,-2.257167,9.475,6.36666666666667,81.1666666666667,8.80416666666667,2017-12-26
"20171227","NOIRMOUTIER EN",47.004667,-2.257167,7.59583333333333,2.39583333333333,70.0833333333333,8.6375,2017-12-27
"20171228","NOIRMOUTIER EN",47.004667,-2.257167,6.8,2.64583333333333,75.375,2.31666666666667,2017-12-28
"20171229","NOIRMOUTIER EN",47.004667,-2.257167,10.9625,9.57916666666667,91.2916666666667,6.64583333333333,2017-12-29
"20171230","NOIRMOUTIER EN",47.004667,-2.257167,13.1625,11.725,91,11.025,2017-12-30
"20171231","NOIRMOUTIER EN",47.004667,-2.257167,12.0166666666667,8.5125,79.375,10.8791666666667,2017-12-31
"20180101","NOIRMOUTIER EN",47.004667,-2.257167,10.7041666666667,7.18333333333333,79.0833333333333,10.7833333333333,2018-01-01
"20180102","NOIRMOUTIER EN",47.004667,-2.257167,11.5041666666667,10.6041666666667,94.3333333333333,7.01666666666667,2018-01-02
"20180103","NOIRMOUTIER EN",47.004667,-2.257167,12.3041666666667,10.1625,87.0833333333333,11.4416666666667,2018-01-03
"20180104","NOIRMOUTIER EN",47.004667,-2.257167,12.4666666666667,11.3166666666667,92.7083333333333,10.3666666666667,2018-01-04
"20180105","NOIRMOUTIER EN",47.004667,-2.257167,10.5875,8.00833333333333,84.2083333333333,6.05,2018-01-05
"20180106","NOIRMOUTIER EN",47.004667,-2.257167,7.875,5.12916666666667,83.0833333333333,2.69583333333333,2018-01-06
"20180107","NOIRMOUTIER EN",47.004667,-2.257167,7.49166666666667,5.825,89.3333333333333,8.0625,2018-01-07
"20180108","NOIRMOUTIER EN",47.004667,-2.257167,7.92083333333333,5.85,86.875,5.55,2018-01-08
"20180109","NOIRMOUTIER EN",47.004667,-2.257167,9.37916666666667,8.16666666666667,92.25,4.45833333333333,2018-01-09
"20180110","NOIRMOUTIER EN",47.004667,-2.257167,9.76666666666667,7.5125,86.2083333333333,4.47916666666667,2018-01-10
"20180111","NOIRMOUTIER EN",47.004667,-2.257167,8.775,6.25833333333333,84.375,3.5375,2018-01-11
"20180112","NOIRMOUTIER EN",47.004667,-2.257167,5.44583333333333,4.07083333333333,91,2.64583333333333,2018-01-12
"20180113","NOIRMOUTIER EN",47.004667,-2.257167,6.10833333333333,3.64166666666667,84.4166666666667,4.17916666666667,2018-01-13
"20180114","NOIRMOUTIER EN",47.004667,-2.257167,6.40833333333333,5.7375,95.5,3.01666666666667,2018-01-14
"20180115","NOIRMOUTIER EN",47.004667,-2.257167,9.59583333333333,8.52916666666667,93.125,7.22916666666667,2018-01-15
"20180116","NOIRMOUTIER EN",47.004667,-2.257167,10.7,8.17916666666667,84.75,10.2416666666667,2018-01-16
"20180117","NOIRMOUTIER EN",47.004667,-2.257167,9.18333333333333,5.00833333333333,75.4583333333333,8.8875,2018-01-17
"20180118","NOIRMOUTIER EN",47.004667,-2.257167,10.8208333333333,9.4375,91.2916666666667,9.05,2018-01-18
"20180119","NOIRMOUTIER EN",47.004667,-2.257167,9.025,5.61666666666667,79.375,5.375,2018-01-19
"20180120","NOIRMOUTIER EN",47.004667,-2.257167,11.1958333333333,10.4166666666667,95.125,10.3166666666667,2018-01-20
"20180121","NOIRMOUTIER EN",47.004667,-2.257167,11.4833333333333,11.0125,96.9166666666667,8.1375,2018-01-21
"20180122","NOIRMOUTIER EN",47.004667,-2.257167,11.1291666666667,9.82083333333333,91.875,7.71666666666667,2018-01-22
"20180123","NOIRMOUTIER EN",47.004667,-2.257167,11.5083333333333,10.825,95.5416666666667,5.67083333333333,2018-01-23
"20180124","NOIRMOUTIER EN",47.004667,-2.257167,11.7916666666667,9.96666666666667,88.625,7.62083333333333,2018-01-24
"20180125","NOIRMOUTIER EN",47.004667,-2.257167,9.99166666666667,7.5875,85.2083333333333,4.48333333333333,2018-01-25
"20180126","NOIRMOUTIER EN",47.004667,-2.257167,9.0375,5.35833333333333,77.7916666666667,4.20833333333333,2018-01-26
"20180127","NOIRMOUTIER EN",47.004667,-2.257167,7.74166666666667,5.62916666666667,86.9166666666667,2.99166666666667,2018-01-27
"20180128","NOIRMOUTIER EN",47.004667,-2.257167,10.9083333333333,10.5708333333333,97.875,2.6,2018-01-28
"20180129","NOIRMOUTIER EN",47.004667,-2.257167,10.2041666666667,9.84583333333333,97.625,2.26666666666667,2018-01-29
"20180130","NOIRMOUTIER EN",47.004667,-2.257167,10.0708333333333,8.41666666666667,89.6666666666667,2.20416666666667,2018-01-30
"20180131","NOIRMOUTIER EN",47.004667,-2.257167,9.82083333333333,7.85833333333333,87.875,7.79583333333333,2018-01-31
"20180201","NOIRMOUTIER EN",47.004667,-2.257167,7.6625,2.82083333333333,71.5,5.87083333333333,2018-02-01
"20180202","NOIRMOUTIER EN",47.004667,-2.257167,6.775,2.74583333333333,75.625,4.41666666666667,2018-02-02
"20180203","NOIRMOUTIER EN",47.004667,-2.257167,7.60416666666667,4.22916666666667,79.4166666666667,5.13333333333333,2018-02-03
"20180204","NOIRMOUTIER EN",47.004667,-2.257167,5.2875,1.85416666666667,78.7083333333333,6.67083333333333,2018-02-04
"20180205","NOIRMOUTIER EN",47.004667,-2.257167,1.96666666666667,-3.425,68,5.95416666666667,2018-02-05
"20180206","NOIRMOUTIER EN",47.004667,-2.257167,3.1,-0.691666666666667,76.2083333333333,4.72916666666667,2018-02-06
"20180207","NOIRMOUTIER EN",47.004667,-2.257167,4.51666666666667,-0.941666666666667,67.7916666666667,4.98333333333333,2018-02-07
"20180208","NOIRMOUTIER EN",47.004667,-2.257167,4.47083333333333,0.325,74.9583333333333,2.425,2018-02-08
"20180209","NOIRMOUTIER EN",47.004667,-2.257167,7.32083333333333,1.7625,68.875,6.45416666666667,2018-02-09
"20180210","NOIRMOUTIER EN",47.004667,-2.257167,7.05833333333333,4.30416666666667,82.9166666666667,4.7375,2018-02-10
"20180211","NOIRMOUTIER EN",47.004667,-2.257167,8.50416666666667,4.84166666666667,78.375,5.9875,2018-02-11
"20180212","NOIRMOUTIER EN",47.004667,-2.257167,5.89166666666667,1.05416666666667,71.4166666666667,3.45833333333333,2018-02-12
"20180213","NOIRMOUTIER EN",47.004667,-2.257167,7.1,2.5125,73.0416666666667,8.54583333333333,2018-02-13
"20180214","NOIRMOUTIER EN",47.004667,-2.257167,7.85833333333333,6.48333333333333,91.3333333333333,6.125,2018-02-14
"20180215","NOIRMOUTIER EN",47.004667,-2.257167,10.4208333333333,9.8,96,4.54166666666667,2018-02-15
"20180216","NOIRMOUTIER EN",47.004667,-2.257167,7.9625,5.25833333333333,83.2916666666667,3.2375,2018-02-16
"20180217","NOIRMOUTIER EN",47.004667,-2.257167,8.29166666666667,6.3625,87.875,3.76666666666667,2018-02-17
"20180218","NOIRMOUTIER EN",47.004667,-2.257167,9.9,9.2625,95.9583333333333,2.66666666666667,2018-02-18
"20180219","NOIRMOUTIER EN",47.004667,-2.257167,10.0625,9.49583333333333,96.3333333333333,2.6375,2018-02-19
"20180220","NOIRMOUTIER EN",47.004667,-2.257167,9.72916666666667,6.97083333333333,83.2916666666667,5.35833333333333,2018-02-20
"20180221","NOIRMOUTIER EN",47.004667,-2.257167,7.025,1.14583333333333,67.4166666666667,5.08333333333333,2018-02-21
"20180222","NOIRMOUTIER EN",47.004667,-2.257167,4.0125,-1.4875,68.375,5.09583333333333,2018-02-22
"20180223","NOIRMOUTIER EN",47.004667,-2.257167,2.85416666666667,-2.86666666666667,66.4583333333333,4.95833333333333,2018-02-23
"20180224","NOIRMOUTIER EN",47.004667,-2.257167,3.13333333333333,-2.34583333333333,67.6666666666667,4.45416666666667,2018-02-24
"20180225","NOIRMOUTIER EN",47.004667,-2.257167,3.17083333333333,-4.39166666666667,58.625,5.82916666666667,2018-02-25
"20180226","NOIRMOUTIER EN",47.004667,-2.257167,0.316666666666667,-9.1625,49.5,7.4375,2018-02-26
"20180227","NOIRMOUTIER EN",47.004667,-2.257167,-1.72916666666667,-10.325,52.9166666666667,6.12083333333333,2018-02-27
"20180228","NOIRMOUTIER EN",47.004667,-2.257167,-2.35833333333333,-9.72916666666667,58.7083333333333,7.57916666666667,2018-02-28
"20180301","NOIRMOUTIER EN",47.004667,-2.257167,3.375,1.8625,90,6.39583333333333,2018-03-01
"20180302","NOIRMOUTIER EN",47.004667,-2.257167,7.86666666666667,3.96666666666667,77.0833333333333,8.60416666666667,2018-03-02
"20180303","NOIRMOUTIER EN",47.004667,-2.257167,9.0375,5.9625,81.2083333333333,6.0125,2018-03-03
"20180304","NOIRMOUTIER EN",47.004667,-2.257167,8.63333333333333,6.7,88.0833333333333,4.2875,2018-03-04
"20180305","NOIRMOUTIER EN",47.004667,-2.257167,8.38333333333333,6.53333333333333,88.3333333333333,4.89166666666667,2018-03-05
"20180306","NOIRMOUTIER EN",47.004667,-2.257167,8.00833333333333,6.075,87.75,4.93333333333333,2018-03-06
"20180307","NOIRMOUTIER EN",47.004667,-2.257167,8.74166666666667,5.47083333333333,80.25,5.22083333333333,2018-03-07
"20180308","NOIRMOUTIER EN",47.004667,-2.257167,10.1208333333333,8.06666666666667,87.2916666666667,4.97916666666667,2018-03-08
"20180309","NOIRMOUTIER EN",47.004667,-2.257167,10.8041666666667,9.12083333333333,89.4583333333333,5.52083333333333,2018-03-09
"20180310","NOIRMOUTIER EN",47.004667,-2.257167,11.3833333333333,9.75416666666667,89.7916666666667,4.75833333333333,2018-03-10
"20180311","NOIRMOUTIER EN",47.004667,-2.257167,11.0958333333333,8.18333333333333,82.5416666666667,7.92916666666667,2018-03-11
"20180312","NOIRMOUTIER EN",47.004667,-2.257167,10.1416666666667,7.50416666666667,83.875,9.8625,2018-03-12
"20180313","NOIRMOUTIER EN",47.004667,-2.257167,9.65416666666667,6.3875,80.7083333333333,3.68333333333333,2018-03-13
"20180314","NOIRMOUTIER EN",47.004667,-2.257167,10.2166666666667,7.05,81.4583333333333,6.35,2018-03-14
"20180315","NOIRMOUTIER EN",47.004667,-2.257167,10.1583333333333,8.2625,88.125,6.425,2018-03-15
"20180316","NOIRMOUTIER EN",47.004667,-2.257167,9.275,6.38333333333333,82.375,4.39583333333333,2018-03-16
"20180317","NOIRMOUTIER EN",47.004667,-2.257167,8.21666666666667,5.8625,85.5416666666667,3.8,2018-03-17
"20180318","NOIRMOUTIER EN",47.004667,-2.257167,5.4875,1.475,76.625,4.72916666666667,2018-03-18
"20180319","NOIRMOUTIER EN",47.004667,-2.257167,4.15,-1.4375,67.6666666666667,4.4125,2018-03-19
"20180320","NOIRMOUTIER EN",47.004667,-2.257167,5.25416666666667,-1.85416666666667,61.2083333333333,6.93333333333333,2018-03-20
"20180321","NOIRMOUTIER EN",47.004667,-2.257167,6.2125,-0.325,63.5416666666667,3.5875,2018-03-21
"20180322","NOIRMOUTIER EN",47.004667,-2.257167,6.325,1.49583333333333,71.7916666666667,2.27916666666667,2018-03-22
"20180323","NOIRMOUTIER EN",47.004667,-2.257167,9.52083333333333,7.27916666666667,86.25,5.52916666666667,2018-03-23
"20180324","NOIRMOUTIER EN",47.004667,-2.257167,10.0291666666667,6.28333333333333,77.9583333333333,3.45833333333333,2018-03-24
"20180325","NOIRMOUTIER EN",47.004667,-2.257167,9.82083333333333,7.27083333333333,84.8333333333333,3.53333333333333,2018-03-25
"20180326","NOIRMOUTIER EN",47.004667,-2.257167,9.21666666666667,6.2625,81.9166666666667,4.44583333333333,2018-03-26
"20180327","NOIRMOUTIER EN",47.004667,-2.257167,11.15,10.5333333333333,96.1666666666667,6.74166666666667,2018-03-27
"20180328","NOIRMOUTIER EN",47.004667,-2.257167,10.3708333333333,8.38333333333333,87.875,8.01666666666667,2018-03-28
"20180329","NOIRMOUTIER EN",47.004667,-2.257167,8.64583333333333,5.53333333333333,80.9583333333333,6.2,2018-03-29
"20180330","NOIRMOUTIER EN",47.004667,-2.257167,7.55416666666667,5.24166666666667,85.7916666666667,4.625,2018-03-30
"20180331","NOIRMOUTIER EN",47.004667,-2.257167,8.22916666666667,4.58333333333333,78.25,6.7625,2018-03-31
"20180401","NOIRMOUTIER EN",47.004667,-2.257167,8.94583333333333,6.00416666666667,82.0416666666667,4.175,2018-04-01
"20180402","NOIRMOUTIER EN",47.004667,-2.257167,11.4583333333333,8.55,82.875,5.41666666666667,2018-04-02
"20180403","NOIRMOUTIER EN",47.004667,-2.257167,11.1208333333333,8.975,86.7083333333333,5.79583333333333,2018-04-03
"20180404","NOIRMOUTIER EN",47.004667,-2.257167,10.9708333333333,8.39166666666667,84.25,7.7875,2018-04-04
"20180405","NOIRMOUTIER EN",47.004667,-2.257167,10.6041666666667,5.83333333333333,72.7083333333333,3.74583333333333,2018-04-05
"20180406","NOIRMOUTIER EN",47.004667,-2.257167,12.0833333333333,7.77083333333333,75.2083333333333,4.0875,2018-04-06
"20180407","NOIRMOUTIER EN",47.004667,-2.257167,11.4416666666667,9.3875,87.4166666666667,2.95833333333333,2018-04-07
"20180408","NOIRMOUTIER EN",47.004667,-2.257167,10.7875,10.0583333333333,95.25,2.70416666666667,2018-04-08
"20180409","NOIRMOUTIER EN",47.004667,-2.257167,11.4791666666667,10.2333333333333,92.1666666666667,2.25833333333333,2018-04-09
"20180410","NOIRMOUTIER EN",47.004667,-2.257167,10.6416666666667,8.25416666666667,85.5416666666667,3.475,2018-04-10
"20180411","NOIRMOUTIER EN",47.004667,-2.257167,12.4375,8.42916666666667,77.25,2.925,2018-04-11
"20180412","NOIRMOUTIER EN",47.004667,-2.257167,13.1333333333333,10.15,82.375,NA,2018-04-12
"20180413","NOIRMOUTIER EN",47.004667,-2.257167,12.8958333333333,10.1833333333333,84.0833333333333,2.42916666666667,2018-04-13
"20180414","NOIRMOUTIER EN",47.004667,-2.257167,12.0791666666667,10.15,88.1666666666667,2.59583333333333,2018-04-14
"20180415","NOIRMOUTIER EN",47.004667,-2.257167,12.7833333333333,10.6041666666667,86.9583333333333,5.3875,2018-04-15
"20180416","NOIRMOUTIER EN",47.004667,-2.257167,12.3791666666667,9.08333333333333,80.6666666666667,3.85,2018-04-16
"20180417","NOIRMOUTIER EN",47.004667,-2.257167,13.7958333333333,10.3125,80.1666666666667,3.97083333333333,2018-04-17
"20180418","NOIRMOUTIER EN",47.004667,-2.257167,17.2041666666667,11.2166666666667,69.7916666666667,3.08333333333333,2018-04-18
"20180419","NOIRMOUTIER EN",47.004667,-2.257167,17.2166666666667,11.4708333333333,70.0833333333333,2.6375,2018-04-19
"20180420","NOIRMOUTIER EN",47.004667,-2.257167,18.825,10.8333333333333,61.8333333333333,2.44166666666667,2018-04-20
"20180421","NOIRMOUTIER EN",47.004667,-2.257167,18.5,12.7083333333333,70.0416666666667,2.3875,2018-04-21
"20180422","NOIRMOUTIER EN",47.004667,-2.257167,14.6916666666667,12.4583333333333,86.5,3.325,2018-04-22
"20180423","NOIRMOUTIER EN",47.004667,-2.257167,13.975,10.0166666666667,77.4583333333333,4.02916666666667,2018-04-23
"20180424","NOIRMOUTIER EN",47.004667,-2.257167,12.8208333333333,8.8125,77,3.32916666666667,2018-04-24
"20180425","NOIRMOUTIER EN",47.004667,-2.257167,13.5625,9.96666666666667,79.375,6.85416666666667,2018-04-25
"20180426","NOIRMOUTIER EN",47.004667,-2.257167,12.1791666666667,7.58333333333333,74.0833333333333,2.60416666666667,2018-04-26
"20180427","NOIRMOUTIER EN",47.004667,-2.257167,12.275,8.57083333333333,78.625,7.975,2018-04-27
"20180428","NOIRMOUTIER EN",47.004667,-2.257167,12.25,7.4875,73,3.88333333333333,2018-04-28
"20180429","NOIRMOUTIER EN",47.004667,-2.257167,10.1875,7.57083333333333,83.8333333333333,4.60416666666667,2018-04-29
"20180430","NOIRMOUTIER EN",47.004667,-2.257167,10.2083333333333,5.3625,72.7083333333333,4.87916666666667,2018-04-30
"20180501","NOIRMOUTIER EN",47.004667,-2.257167,10.9333333333333,4.40416666666667,64.5,3.6375,2018-05-01
"20180502","NOIRMOUTIER EN",47.004667,-2.257167,11.0833333333333,8.66666666666667,85.3333333333333,6.6875,2018-05-02
"20180503","NOIRMOUTIER EN",47.004667,-2.257167,11.5375,7.54583333333333,76.8333333333333,4.57083333333333,2018-05-03
"20180504","NOIRMOUTIER EN",47.004667,-2.257167,12.45,7.87083333333333,74.0833333333333,3.875,2018-05-04
"20180505","NOIRMOUTIER EN",47.004667,-2.257167,15.8291666666667,9.9625,69.625,3.4125,2018-05-05
"20180506","NOIRMOUTIER EN",47.004667,-2.257167,17.8625,13.0916666666667,74.4166666666667,2.70416666666667,2018-05-06
"20180507","NOIRMOUTIER EN",47.004667,-2.257167,19.0708333333333,15.3833333333333,79.875,2.2375,2018-05-07
"20180508","NOIRMOUTIER EN",47.004667,-2.257167,15.975,13.7375,86.625,4.98333333333333,2018-05-08
"20180509","NOIRMOUTIER EN",47.004667,-2.257167,12.9541666666667,8.77916666666667,76.125,4.075,2018-05-09
"20180510","NOIRMOUTIER EN",47.004667,-2.257167,12.6458333333333,7.77083333333333,72.7083333333333,4.6125,2018-05-10
"20180511","NOIRMOUTIER EN",47.004667,-2.257167,13.4875,9.9125,79.375,4.14583333333333,2018-05-11
"20180512","NOIRMOUTIER EN",47.004667,-2.257167,10.9583333333333,7.77916666666667,80.9166666666667,3.36666666666667,2018-05-12
"20180513","NOIRMOUTIER EN",47.004667,-2.257167,11.3833333333333,6.8625,74,5.48333333333333,2018-05-13
"20180514","NOIRMOUTIER EN",47.004667,-2.257167,12.8625,8.55416666666667,75.625,4.89583333333333,2018-05-14
"20180515","NOIRMOUTIER EN",47.004667,-2.257167,13.8625,10.1666666666667,78.625,4.91666666666667,2018-05-15
"20180516","NOIRMOUTIER EN",47.004667,-2.257167,15.2416666666667,11.4458333333333,78.375,3.62916666666667,2018-05-16
"20180517","NOIRMOUTIER EN",47.004667,-2.257167,15.1291666666667,10.2125,72.875,4.68333333333333,2018-05-17
"20180518","NOIRMOUTIER EN",47.004667,-2.257167,15.7625,9.10833333333333,65.9583333333333,3.60833333333333,2018-05-18
"20180519","NOIRMOUTIER EN",47.004667,-2.257167,15.2291666666667,9.54583333333333,69.8333333333333,3.30416666666667,2018-05-19
"20180520","NOIRMOUTIER EN",47.004667,-2.257167,16.0625,10.1833333333333,69.4583333333333,3.20416666666667,2018-05-20
"20180521","NOIRMOUTIER EN",47.004667,-2.257167,18.2208333333333,11.9875,68.2083333333333,3.2,2018-05-21
"20180522","NOIRMOUTIER EN",47.004667,-2.257167,17.1916666666667,12.3083333333333,73.6666666666667,3.51666666666667,2018-05-22
"20180523","NOIRMOUTIER EN",47.004667,-2.257167,18.1666666666667,12.6583333333333,70.9166666666667,3.0375,2018-05-23
"20180524","NOIRMOUTIER EN",47.004667,-2.257167,17.9708333333333,14.2541666666667,79.5416666666667,3.10833333333333,2018-05-24
"20180525","NOIRMOUTIER EN",47.004667,-2.257167,16.5375,14.1833333333333,86.25,2.27083333333333,2018-05-25
"20180526","NOIRMOUTIER EN",47.004667,-2.257167,17.4791666666667,15.6583333333333,89.4583333333333,3.44166666666667,2018-05-26
"20180527","NOIRMOUTIER EN",47.004667,-2.257167,17.975,15.3958333333333,85.25,3.65,2018-05-27
"20180528","NOIRMOUTIER EN",47.004667,-2.257167,17.325,15.0291666666667,86.7083333333333,2.775,2018-05-28
"20180529","NOIRMOUTIER EN",47.004667,-2.257167,18.6291666666667,16.5041666666667,87.875,3.2125,2018-05-29
"20180530","NOIRMOUTIER EN",47.004667,-2.257167,17.6083333333333,15.3125,86.5833333333333,5.10416666666667,2018-05-30
"20180531","NOIRMOUTIER EN",47.004667,-2.257167,16.9875,14.9166666666667,87.7916666666667,4.26666666666667,2018-05-31
"20180601","NOIRMOUTIER EN",47.004667,-2.257167,17.3708333333333,14.125,81.5416666666667,2.85416666666667,2018-06-01
"20180602","NOIRMOUTIER EN",47.004667,-2.257167,18.8625,13.7625,73.375,2.4875,2018-06-02
"20180603","NOIRMOUTIER EN",47.004667,-2.257167,19.4791666666667,15.5791666666667,78.75,2.60833333333333,2018-06-03
"20180604","NOIRMOUTIER EN",47.004667,-2.257167,18.2,16.1833333333333,88.3333333333333,2.05,2018-06-04
"20180605","NOIRMOUTIER EN",47.004667,-2.257167,18.7916666666667,16.6291666666667,87.5416666666667,2.49166666666667,2018-06-05
"20180606","NOIRMOUTIER EN",47.004667,-2.257167,16.8791666666667,15.2583333333333,90.2083333333333,2.59166666666667,2018-06-06
"20180607","NOIRMOUTIER EN",47.004667,-2.257167,17.9458333333333,15.6583333333333,86.8333333333333,2.10833333333333,2018-06-07
"20180608","NOIRMOUTIER EN",47.004667,-2.257167,20.0083333333333,16.2083333333333,79.875,1.85833333333333,2018-06-08
"20180609","NOIRMOUTIER EN",47.004667,-2.257167,20.2333333333333,17.2541666666667,83.2083333333333,3.17916666666667,2018-06-09
"20180610","NOIRMOUTIER EN",47.004667,-2.257167,18.7375,16.0375,84.7083333333333,2.40833333333333,2018-06-10
"20180611","NOIRMOUTIER EN",47.004667,-2.257167,17.1958333333333,15.9791666666667,92.5416666666667,3.54583333333333,2018-06-11
"20180612","NOIRMOUTIER EN",47.004667,-2.257167,17.5916666666667,15.4375,87.6666666666667,3.14166666666667,2018-06-12
"20180613","NOIRMOUTIER EN",47.004667,-2.257167,17.0958333333333,13.5708333333333,80.0416666666667,3.82083333333333,2018-06-13
"20180614","NOIRMOUTIER EN",47.004667,-2.257167,16.9958333333333,14.15,83.7083333333333,4.53333333333333,2018-06-14
"20180615","NOIRMOUTIER EN",47.004667,-2.257167,16.5666666666667,12.6166666666667,78.0833333333333,3.79583333333333,2018-06-15
"20180616","NOIRMOUTIER EN",47.004667,-2.257167,16.5666666666667,12.9666666666667,79.625,3.36666666666667,2018-06-16
"20180617","NOIRMOUTIER EN",47.004667,-2.257167,17.1041666666667,12.5958333333333,75.5416666666667,4.4375,2018-06-17
"20180618","NOIRMOUTIER EN",47.004667,-2.257167,17.4333333333333,14.7,84.4583333333333,3.96666666666667,2018-06-18
"20180619","NOIRMOUTIER EN",47.004667,-2.257167,19.0583333333333,16.725,87.0833333333333,2.65833333333333,2018-06-19
"20180620","NOIRMOUTIER EN",47.004667,-2.257167,23.0083333333333,17.4,72.3333333333333,2.8125,2018-06-20
"20180621","NOIRMOUTIER EN",47.004667,-2.257167,19.0083333333333,13.0458333333333,69.8333333333333,5.26666666666667,2018-06-21
"20180622","NOIRMOUTIER EN",47.004667,-2.257167,17.8416666666667,7.875,53.7083333333333,5.57916666666667,2018-06-22
"20180623","NOIRMOUTIER EN",47.004667,-2.257167,19.3291666666667,8.6875,52.1666666666667,4.54166666666667,2018-06-23
"20180624","NOIRMOUTIER EN",47.004667,-2.257167,20.4666666666667,11.225,56.7083333333333,4.16666666666667,2018-06-24
"20180625","NOIRMOUTIER EN",47.004667,-2.257167,21.65,12.9041666666667,58.5,4.31666666666667,2018-06-25
"20180626","NOIRMOUTIER EN",47.004667,-2.257167,23.5833333333333,14.8291666666667,59.375,3.94583333333333,2018-06-26
"20180627","NOIRMOUTIER EN",47.004667,-2.257167,24.5333333333333,14.7875,56.1666666666667,3.5,2018-06-27
"20180628","NOIRMOUTIER EN",47.004667,-2.257167,24.3125,14.6333333333333,56.375,3.94583333333333,2018-06-28
"20180629","NOIRMOUTIER EN",47.004667,-2.257167,24.3208333333333,14.3208333333333,54.9166666666667,4.45833333333333,2018-06-29
"20180630","NOIRMOUTIER EN",47.004667,-2.257167,24.6791666666667,16.3875,61.7916666666667,3.07083333333333,2018-06-30
"20180701","NOIRMOUTIER EN",47.004667,-2.257167,22.475,18.8,80.125,3.67083333333333,2018-07-01
"20180702","NOIRMOUTIER EN",47.004667,-2.257167,21.0833333333333,18.1,83.5416666666667,2.67083333333333,2018-07-02
"20180703","NOIRMOUTIER EN",47.004667,-2.257167,21.2458333333333,17.3583333333333,78.9166666666667,4.6375,2018-07-03
"20180704","NOIRMOUTIER EN",47.004667,-2.257167,20.9416666666667,16.8625,77.9583333333333,3.45833333333333,2018-07-04
"20180705","NOIRMOUTIER EN",47.004667,-2.257167,19.5166666666667,17.0833333333333,85.9166666666667,4.2125,2018-07-05
"20180706","NOIRMOUTIER EN",47.004667,-2.257167,20.4416666666667,17.0583333333333,81.375,2.825,2018-07-06
"20180707","NOIRMOUTIER EN",47.004667,-2.257167,22.5583333333333,17.5375,74.4583333333333,2.90833333333333,2018-07-07
"20180708","NOIRMOUTIER EN",47.004667,-2.257167,25.4125,16.6,59.5416666666667,3.28333333333333,2018-07-08
"20180709","NOIRMOUTIER EN",47.004667,-2.257167,24.1916666666667,14.9125,57.5833333333333,3.70833333333333,2018-07-09
"20180710","NOIRMOUTIER EN",47.004667,-2.257167,22.7333333333333,15.6041666666667,65.0416666666667,3.45833333333333,2018-07-10
"20180711","NOIRMOUTIER EN",47.004667,-2.257167,21.025,12.8,60.2083333333333,3.92083333333333,2018-07-11
"20180712","NOIRMOUTIER EN",47.004667,-2.257167,20.4833333333333,14.6708333333333,70.8333333333333,3.5375,2018-07-12
"20180713","NOIRMOUTIER EN",47.004667,-2.257167,21.3,15.2583333333333,69.5833333333333,3.4375,2018-07-13
"20180714","NOIRMOUTIER EN",47.004667,-2.257167,22.4541666666667,15.3791666666667,65.75,3.57083333333333,2018-07-14
"20180715","NOIRMOUTIER EN",47.004667,-2.257167,22.3583333333333,15.2125,65.6666666666667,3.2375,2018-07-15
"20180716","NOIRMOUTIER EN",47.004667,-2.257167,20.4208333333333,16.175,77.0833333333333,4.22083333333333,2018-07-16
"20180717","NOIRMOUTIER EN",47.004667,-2.257167,19.6583333333333,13.8,70.5,3.40416666666667,2018-07-17
"20180718","NOIRMOUTIER EN",47.004667,-2.257167,19.0458333333333,14.4875,75.625,2.83333333333333,2018-07-18
"20180719","NOIRMOUTIER EN",47.004667,-2.257167,18.525,14.6583333333333,78.6666666666667,1.88333333333333,2018-07-19
"20180720","NOIRMOUTIER EN",47.004667,-2.257167,18.7291666666667,14.2208333333333,75.2916666666667,4.81666666666667,2018-07-20
"20180721","NOIRMOUTIER EN",47.004667,-2.257167,18.8541666666667,15.3791666666667,80.625,2.4,2018-07-21
"20180722","NOIRMOUTIER EN",47.004667,-2.257167,20.1166666666667,16.7083333333333,81.875,2.25416666666667,2018-07-22
"20180723","NOIRMOUTIER EN",47.004667,-2.257167,21.8541666666667,16.5958333333333,73.9166666666667,2.1875,2018-07-23
"20180724","NOIRMOUTIER EN",47.004667,-2.257167,21.7083333333333,17.3833333333333,77.0833333333333,3.4625,2018-07-24
"20180725","NOIRMOUTIER EN",47.004667,-2.257167,20.9333333333333,17.0875,79.375,2.84583333333333,2018-07-25
"20180726","NOIRMOUTIER EN",47.004667,-2.257167,21.025,17.75,82.3333333333333,2.73333333333333,2018-07-26
"20180727","NOIRMOUTIER EN",47.004667,-2.257167,20.4291666666667,17.8,85.375,2.85833333333333,2018-07-27
"20180728","NOIRMOUTIER EN",47.004667,-2.257167,19.9791666666667,13.7,67.9583333333333,4.93333333333333,2018-07-28
"20180729","NOIRMOUTIER EN",47.004667,-2.257167,20.2,16.75,80.8333333333333,6.41666666666667,2018-07-29
"20180730","NOIRMOUTIER EN",47.004667,-2.257167,19.8666666666667,18.1833333333333,90.2083333333333,4.60416666666667,2018-07-30
"20180731","NOIRMOUTIER EN",47.004667,-2.257167,19.7875,15,74.4166666666667,3.73333333333333,2018-07-31
"20180801","NOIRMOUTIER EN",47.004667,-2.257167,18.7666666666667,13.7333333333333,73.2916666666667,3.87083333333333,2018-08-01
"20180802","NOIRMOUTIER EN",47.004667,-2.257167,22.225,15.3208333333333,66.5,3.60833333333333,2018-08-02
"20180803","NOIRMOUTIER EN",47.004667,-2.257167,25.7791666666667,16.8583333333333,60.1666666666667,3.31666666666667,2018-08-03
"20180804","NOIRMOUTIER EN",47.004667,-2.257167,24.2416666666667,17.1541666666667,65.7916666666667,4.04166666666667,2018-08-04
"20180805","NOIRMOUTIER EN",47.004667,-2.257167,24.8416666666667,18.0916666666667,67.5833333333333,3.22916666666667,2018-08-05
"20180806","NOIRMOUTIER EN",47.004667,-2.257167,25.6625,17.1458333333333,61.0833333333333,2.12916666666667,2018-08-06
"20180807","NOIRMOUTIER EN",47.004667,-2.257167,22.0083333333333,17.9791666666667,78.5833333333333,4.24583333333333,2018-08-07
"20180808","NOIRMOUTIER EN",47.004667,-2.257167,19.8291666666667,14.6583333333333,72.8333333333333,3.96666666666667,2018-08-08
"20180809","NOIRMOUTIER EN",47.004667,-2.257167,17.8125,13.1666666666667,74.8333333333333,5.2,2018-08-09
"20180810","NOIRMOUTIER EN",47.004667,-2.257167,18.4416666666667,13.0958333333333,72.5416666666667,2.725,2018-08-10
"20180811","NOIRMOUTIER EN",47.004667,-2.257167,18.4375,13.9416666666667,76.75,2.02916666666667,2018-08-11
"20180812","NOIRMOUTIER EN",47.004667,-2.257167,18.9875,16.1416666666667,84.25,2.98333333333333,2018-08-12
"20180813","NOIRMOUTIER EN",47.004667,-2.257167,19.1708333333333,16.8416666666667,86.625,4.325,2018-08-13
"20180814","NOIRMOUTIER EN",47.004667,-2.257167,18.7708333333333,15.8666666666667,83.8333333333333,3.49166666666667,2018-08-14
"20180815","NOIRMOUTIER EN",47.004667,-2.257167,19.3208333333333,16.5666666666667,84.9166666666667,2.32916666666667,2018-08-15
"20180816","NOIRMOUTIER EN",47.004667,-2.257167,18.625,15.7375,83.75,3.6375,2018-08-16
"20180817","NOIRMOUTIER EN",47.004667,-2.257167,17.6958333333333,12.9666666666667,74.375,4.47916666666667,2018-08-17
"20180818","NOIRMOUTIER EN",47.004667,-2.257167,18.0583333333333,12.4958333333333,70.9166666666667,2.39583333333333,2018-08-18
"20180819","NOIRMOUTIER EN",47.004667,-2.257167,18.2708333333333,15.6083333333333,85,3.2,2018-08-19
"20180820","NOIRMOUTIER EN",47.004667,-2.257167,21.0166666666667,18.35,85.5,2.58333333333333,2018-08-20
"20180821","NOIRMOUTIER EN",47.004667,-2.257167,21.2541666666667,17.7916666666667,81.5833333333333,2.99166666666667,2018-08-21
"20180822","NOIRMOUTIER EN",47.004667,-2.257167,21.3333333333333,17.3625,78.8333333333333,3.49166666666667,2018-08-22
"20180823","NOIRMOUTIER EN",47.004667,-2.257167,19,16.0333333333333,83.25,3.48333333333333,2018-08-23
"20180824","NOIRMOUTIER EN",47.004667,-2.257167,17.5875,11.5666666666667,68.25,4.85416666666667,2018-08-24
"20180825","NOIRMOUTIER EN",47.004667,-2.257167,16.9458333333333,12.6458333333333,76,3.51666666666667,2018-08-25
"20180826","NOIRMOUTIER EN",47.004667,-2.257167,17.8333333333333,14.3083333333333,80.9166666666667,4.59583333333333,2018-08-26
"20180827","NOIRMOUTIER EN",47.004667,-2.257167,18.0625,14.7916666666667,82.625,3.40416666666667,2018-08-27
"20180828","NOIRMOUTIER EN",47.004667,-2.257167,19.5208333333333,14.5583333333333,73.7916666666667,3.65416666666667,2018-08-28
"20180829","NOIRMOUTIER EN",47.004667,-2.257167,17.4708333333333,14.6208333333333,83.8333333333333,4.42916666666667,2018-08-29
"20180830","NOIRMOUTIER EN",47.004667,-2.257167,16.4416666666667,12.5083333333333,78.2916666666667,2.75,2018-08-30
"20180831","NOIRMOUTIER EN",47.004667,-2.257167,16.55,12.6083333333333,78.1666666666667,2.8875,2018-08-31
"20180901","NOIRMOUTIER EN",47.004667,-2.257167,18.8041666666667,12.9416666666667,71,1.9875,2018-09-01
"20180902","NOIRMOUTIER EN",47.004667,-2.257167,19.725,10.5041666666667,57.5833333333333,2.45416666666667,2018-09-02
"20180903","NOIRMOUTIER EN",47.004667,-2.257167,19.1666666666667,11.9083333333333,64.2083333333333,3.45,2018-09-03
"20180904","NOIRMOUTIER EN",47.004667,-2.257167,19.5583333333333,13.3208333333333,68.1666666666667,3.70833333333333,2018-09-04
"20180905","NOIRMOUTIER EN",47.004667,-2.257167,19.4291666666667,15.1875,76.9166666666667,4.17916666666667,2018-09-05
"20180906","NOIRMOUTIER EN",47.004667,-2.257167,18.4375,14.0166666666667,76.375,3.54166666666667,2018-09-06
"20180907","NOIRMOUTIER EN",47.004667,-2.257167,16.6875,12.9875,79.2916666666667,2.97083333333333,2018-09-07
"20180908","NOIRMOUTIER EN",47.004667,-2.257167,17.4541666666667,12.9833333333333,76,2.2125,2018-09-08
"20180909","NOIRMOUTIER EN",47.004667,-2.257167,17.475,14.2291666666667,82.2916666666667,3.00833333333333,2018-09-09
"20180910","NOIRMOUTIER EN",47.004667,-2.257167,17.4208333333333,14.5875,84.3333333333333,2.22083333333333,2018-09-10
"20180911","NOIRMOUTIER EN",47.004667,-2.257167,17.4875,14.7125,84.7916666666667,1.825,2018-09-11
"20180912","NOIRMOUTIER EN",47.004667,-2.257167,17.6958333333333,15.1416666666667,85.9166666666667,3.69166666666667,2018-09-12
"20180913","NOIRMOUTIER EN",47.004667,-2.257167,17.8083333333333,13.9708333333333,78.875,2.9375,2018-09-13
"20180914","NOIRMOUTIER EN",47.004667,-2.257167,15.8125,10.7541666666667,73.1666666666667,3.49583333333333,2018-09-14
"20180915","NOIRMOUTIER EN",47.004667,-2.257167,16.7916666666667,11.0333333333333,70.125,2.7375,2018-09-15
"20180916","NOIRMOUTIER EN",47.004667,-2.257167,17.4916666666667,11.7541666666667,71.2083333333333,1.67083333333333,2018-09-16
"20180917","NOIRMOUTIER EN",47.004667,-2.257167,18.4791666666667,13.8166666666667,77.375,2.93333333333333,2018-09-17
"20180918","NOIRMOUTIER EN",47.004667,-2.257167,19.7708333333333,17.2375,85.75,3.70833333333333,2018-09-18
"20180919","NOIRMOUTIER EN",47.004667,-2.257167,19.5333333333333,16.9125,85.25,4.28333333333333,2018-09-19
"20180920","NOIRMOUTIER EN",47.004667,-2.257167,19.7208333333333,17.2166666666667,85.875,5,2018-09-20
"20180921","NOIRMOUTIER EN",47.004667,-2.257167,16.35,11.3958333333333,73.2083333333333,4.91666666666667,2018-09-21
"20180922","NOIRMOUTIER EN",47.004667,-2.257167,16.6166666666667,14.3541666666667,86.75,5.17083333333333,2018-09-22
"20180923","NOIRMOUTIER EN",47.004667,-2.257167,17.3208333333333,15.2041666666667,87.9166666666667,6.19583333333333,2018-09-23
"20180924","NOIRMOUTIER EN",47.004667,-2.257167,14.5,6.4875,59.8333333333333,4.47916666666667,2018-09-24
"20180925","NOIRMOUTIER EN",47.004667,-2.257167,14.9791666666667,5.4125,54.7916666666667,5.12083333333333,2018-09-25
"20180926","NOIRMOUTIER EN",47.004667,-2.257167,17.3,8.30416666666667,56.2916666666667,3.9375,2018-09-26
"20180927","NOIRMOUTIER EN",47.004667,-2.257167,17.8291666666667,12.35,71.625,2.72916666666667,2018-09-27
"20180928","NOIRMOUTIER EN",47.004667,-2.257167,18.4375,13.7875,76.9166666666667,2.9125,2018-09-28
"20180929","NOIRMOUTIER EN",47.004667,-2.257167,15.2625,7.975,62.875,4.45416666666667,2018-09-29
"20180930","NOIRMOUTIER EN",47.004667,-2.257167,14.2166666666667,7.42083333333333,64.5833333333333,3.6625,2018-09-30
"20181001","NOIRMOUTIER EN",47.004667,-2.257167,14.6666666666667,6.50833333333333,58.625,4.2875,2018-10-01
"20181002","NOIRMOUTIER EN",47.004667,-2.257167,13.7125,10.15,79.5833333333333,3.65416666666667,2018-10-02
"20181003","NOIRMOUTIER EN",47.004667,-2.257167,16.65,12.9666666666667,79.7083333333333,2.26666666666667,2018-10-03
"20181004","NOIRMOUTIER EN",47.004667,-2.257167,16.9708333333333,11.5208333333333,71.625,2.49583333333333,2018-10-04
"20181005","NOIRMOUTIER EN",47.004667,-2.257167,16.5416666666667,12.1375,76.3333333333333,2.35833333333333,2018-10-05
"20181006","NOIRMOUTIER EN",47.004667,-2.257167,15.825,13.6166666666667,87.0833333333333,5.17083333333333,2018-10-06
"20181007","NOIRMOUTIER EN",47.004667,-2.257167,13.5541666666667,9.98333333333333,79.0416666666667,6.84166666666667,2018-10-07
"20181008","NOIRMOUTIER EN",47.004667,-2.257167,14.4041666666667,10.6333333333333,78.75,2.5125,2018-10-08
"20181009","NOIRMOUTIER EN",47.004667,-2.257167,17.0541666666667,11.875,72.2916666666667,2.47916666666667,2018-10-09
"20181010","NOIRMOUTIER EN",47.004667,-2.257167,17.6333333333333,13.4125,76.5833333333333,4.375,2018-10-10
"20181011","NOIRMOUTIER EN",47.004667,-2.257167,16.4416666666667,14.1625,86.625,4.825,2018-10-11
"20181012","NOIRMOUTIER EN",47.004667,-2.257167,17.2541666666667,14.9375,86.5416666666667,5.65833333333333,2018-10-12
"20181013","NOIRMOUTIER EN",47.004667,-2.257167,18.4875,15.8,84.5416666666667,5.55833333333333,2018-10-13
"20181014","NOIRMOUTIER EN",47.004667,-2.257167,17.0541666666667,15.2833333333333,89.5,5.24583333333333,2018-10-14
"20181015","NOIRMOUTIER EN",47.004667,-2.257167,14.3,12.3958333333333,88.4166666666667,3.27916666666667,2018-10-15
"20181016","NOIRMOUTIER EN",47.004667,-2.257167,14.4708333333333,12.3666666666667,87.5416666666667,1.42083333333333,2018-10-16
"20181017","NOIRMOUTIER EN",47.004667,-2.257167,13.9541666666667,10.9083333333333,83.125,1.99583333333333,2018-10-17
"20181018","NOIRMOUTIER EN",47.004667,-2.257167,16.9291666666667,12.3833333333333,75.375,4.72916666666667,2018-10-18
"20181019","NOIRMOUTIER EN",47.004667,-2.257167,15.6291666666667,11.4708333333333,76.9583333333333,4.25833333333333,2018-10-19
"20181020","NOIRMOUTIER EN",47.004667,-2.257167,15.0125,10.45,74.75,4.73333333333333,2018-10-20
"20181021","NOIRMOUTIER EN",47.004667,-2.257167,14.3291666666667,9.32083333333333,72.625,3.57083333333333,2018-10-21
"20181022","NOIRMOUTIER EN",47.004667,-2.257167,14.625,10.7791666666667,78.0833333333333,5.57916666666667,2018-10-22
"20181023","NOIRMOUTIER EN",47.004667,-2.257167,12.1666666666667,7.93333333333333,76.5833333333333,3.52916666666667,2018-10-23
"20181024","NOIRMOUTIER EN",47.004667,-2.257167,13.0083333333333,11.1875,89.2083333333333,1.79583333333333,2018-10-24
"20181025","NOIRMOUTIER EN",47.004667,-2.257167,12.2083333333333,11.05,92.8333333333333,2.20416666666667,2018-10-25
"20181026","NOIRMOUTIER EN",47.004667,-2.257167,11.4375,7.5125,77.5416666666667,3.8375,2018-10-26
"20181027","NOIRMOUTIER EN",47.004667,-2.257167,8.8,3.42916666666667,69.6666666666667,4.8625,2018-10-27
"20181028","NOIRMOUTIER EN",47.004667,-2.257167,7.85,1.6625,66.3333333333333,7.0125,2018-10-28
"20181029","NOIRMOUTIER EN",47.004667,-2.257167,7.15,0.591666666666667,63.4166666666667,4.7125,2018-10-29
"20181030","NOIRMOUTIER EN",47.004667,-2.257167,9.65833333333333,4.8875,72.8333333333333,2.55833333333333,2018-10-30
"20181031","NOIRMOUTIER EN",47.004667,-2.257167,11.05,7.21666666666667,77.7083333333333,3.0375,2018-10-31
"20181101","NOIRMOUTIER EN",47.004667,-2.257167,11.5041666666667,8.62083333333333,82.5833333333333,2.8,2018-11-01
"20181102","NOIRMOUTIER EN",47.004667,-2.257167,9.925,6.79166666666667,81.8333333333333,1.62916666666667,2018-11-02
"20181103","NOIRMOUTIER EN",47.004667,-2.257167,8.59166666666667,3.88333333333333,73.3333333333333,2.16666666666667,2018-11-03
"20181104","NOIRMOUTIER EN",47.004667,-2.257167,9.72083333333333,6.65833333333333,81.625,3.21666666666667,2018-11-04
"20181105","NOIRMOUTIER EN",47.004667,-2.257167,12.2666666666667,9.575,83.7916666666667,3.12916666666667,2018-11-05
"20181106","NOIRMOUTIER EN",47.004667,-2.257167,12.1958333333333,10.35,89.0833333333333,4.42083333333333,2018-11-06
"20181107","NOIRMOUTIER EN",47.004667,-2.257167,12.5666666666667,9.62916666666667,82.625,7.5875,2018-11-07
"20181108","NOIRMOUTIER EN",47.004667,-2.257167,11.1791666666667,8.4375,83.5416666666667,4.29166666666667,2018-11-08
"20181109","NOIRMOUTIER EN",47.004667,-2.257167,12.7041666666667,9.82916666666667,83.0416666666667,7.275,2018-11-09
"20181110","NOIRMOUTIER EN",47.004667,-2.257167,13.7041666666667,11.475,86.5416666666667,7.3125,2018-11-10
"20181111","NOIRMOUTIER EN",47.004667,-2.257167,13.1875,11.2166666666667,87.9583333333333,5.70833333333333,2018-11-11
"20181112","NOIRMOUTIER EN",47.004667,-2.257167,12.8875,10.6416666666667,86.3333333333333,4.47916666666667,2018-11-12
"20181113","NOIRMOUTIER EN",47.004667,-2.257167,12.675,10.35,86.4583333333333,3.29166666666667,2018-11-13
"20181114","NOIRMOUTIER EN",47.004667,-2.257167,11.1416666666667,10.25,94.375,2.8875,2018-11-14
"20181115","NOIRMOUTIER EN",47.004667,-2.257167,13.3375,11.4458333333333,88.9166666666667,2.88333333333333,2018-11-15
"20181116","NOIRMOUTIER EN",47.004667,-2.257167,11.7916666666667,10.8708333333333,94.2916666666667,3.72083333333333,2018-11-16
"20181117","NOIRMOUTIER EN",47.004667,-2.257167,7.925,6.54166666666667,91.25,5.40416666666667,2018-11-17
"20181118","NOIRMOUTIER EN",47.004667,-2.257167,7.15833333333333,3.59166666666667,78.4583333333333,6.28333333333333,2018-11-18
"20181119","NOIRMOUTIER EN",47.004667,-2.257167,4.9,-0.154166666666667,70.2916666666667,6.32083333333333,2018-11-19
"20181120","NOIRMOUTIER EN",47.004667,-2.257167,3.93333333333333,0.508333333333333,78.7083333333333,3.02083333333333,2018-11-20
"20181121","NOIRMOUTIER EN",47.004667,-2.257167,5.1375,0.3375,72.625,3.67083333333333,2018-11-21
"20181122","NOIRMOUTIER EN",47.004667,-2.257167,6.775,5.05833333333333,88.875,3.00833333333333,2018-11-22
"20181123","NOIRMOUTIER EN",47.004667,-2.257167,8.12916666666667,7.175,93.875,3.2875,2018-11-23
"20181124","NOIRMOUTIER EN",47.004667,-2.257167,9.52083333333333,7.0875,85.25,2.74583333333333,2018-11-24
"20181125","NOIRMOUTIER EN",47.004667,-2.257167,8.09583333333333,6.01666666666667,87.125,4.6875,2018-11-25
"20181126","NOIRMOUTIER EN",47.004667,-2.257167,8.075,5.98333333333333,86.9583333333333,2.11666666666667,2018-11-26
"20181127","NOIRMOUTIER EN",47.004667,-2.257167,10.6708333333333,9.49583333333333,92.625,5.28333333333333,2018-11-27
"20181128","NOIRMOUTIER EN",47.004667,-2.257167,12.2375,10.0333333333333,86.7083333333333,6.62083333333333,2018-11-28
"20181129","NOIRMOUTIER EN",47.004667,-2.257167,12.3,10.3875,88.25,6.26666666666667,2018-11-29
"20181130","NOIRMOUTIER EN",47.004667,-2.257167,11.4541666666667,8.80833333333333,83.9166666666667,4.32916666666667,2018-11-30
"20181201","NOIRMOUTIER EN",47.004667,-2.257167,12.3416666666667,11.5,94.875,7.6125,2018-12-01
"20181202","NOIRMOUTIER EN",47.004667,-2.257167,13.65,13.0458333333333,95.875,9.5875,2018-12-02
"20181203","NOIRMOUTIER EN",47.004667,-2.257167,13.4333333333333,12.4166666666667,93.625,7.53333333333333,2018-12-03
"20181204","NOIRMOUTIER EN",47.004667,-2.257167,11.9916666666667,11.2083333333333,95,2.85833333333333,2018-12-04
"20181205","NOIRMOUTIER EN",47.004667,-2.257167,12.2916666666667,11.5666666666667,95.4166666666667,5.19166666666667,2018-12-05
"20181206","NOIRMOUTIER EN",47.004667,-2.257167,12.775,11.5208333333333,92.1666666666667,5.73333333333333,2018-12-06
"20181207","NOIRMOUTIER EN",47.004667,-2.257167,12.2416666666667,9.07083333333333,81.4166666666667,8.54166666666667,2018-12-07
"20181208","NOIRMOUTIER EN",47.004667,-2.257167,12.1166666666667,9.64166666666667,85.0416666666667,9.7,2018-12-08
"20181209","NOIRMOUTIER EN",47.004667,-2.257167,12.0666666666667,7.775,75.25,9.51666666666667,2018-12-09
"20181210","NOIRMOUTIER EN",47.004667,-2.257167,9.3875,6.46666666666667,82.4583333333333,2.275,2018-12-10
"20181211","NOIRMOUTIER EN",47.004667,-2.257167,7.34166666666667,5.52916666666667,88.7083333333333,2.53333333333333,2018-12-11
"20181212","NOIRMOUTIER EN",47.004667,-2.257167,5.8125,4.40833333333333,91,3.37916666666667,2018-12-12
"20181213","NOIRMOUTIER EN",47.004667,-2.257167,4.24166666666667,2.50833333333333,88.625,4.85416666666667,2018-12-13
"20181214","NOIRMOUTIER EN",47.004667,-2.257167,3.15833333333333,-0.0291666666666667,79.875,3.525,2018-12-14
"20181215","NOIRMOUTIER EN",47.004667,-2.257167,8.64583333333333,7.4625,92.2916666666667,6.65416666666667,2018-12-15
"20181216","NOIRMOUTIER EN",47.004667,-2.257167,9.875,7.875,87.5416666666667,4.7125,2018-12-16
"20181217","NOIRMOUTIER EN",47.004667,-2.257167,10.6541666666667,8.6,87.2083333333333,4.61666666666667,2018-12-17
"20181218","NOIRMOUTIER EN",47.004667,-2.257167,10.0625,8.29166666666667,88.75,6.82083333333333,2018-12-18
"20181219","NOIRMOUTIER EN",47.004667,-2.257167,10.1041666666667,7.3875,83.4166666666667,5.99583333333333,2018-12-19
"20181220","NOIRMOUTIER EN",47.004667,-2.257167,10.8291666666667,8.82083333333333,87.5,6.30833333333333,2018-12-20
"20181221","NOIRMOUTIER EN",47.004667,-2.257167,12.7666666666667,12.0166666666667,95.375,9.79583333333333,2018-12-21
"20181222","NOIRMOUTIER EN",47.004667,-2.257167,12.3291666666667,11.0208333333333,91.875,4.55833333333333,2018-12-22
"20181223","NOIRMOUTIER EN",47.004667,-2.257167,12.4541666666667,11.5916666666667,94.5416666666667,5.45,2018-12-23
"20181224","NOIRMOUTIER EN",47.004667,-2.257167,11.2708333333333,10.2875,93.8333333333333,1.3,2018-12-24
"20181225","NOIRMOUTIER EN",47.004667,-2.257167,8.82083333333333,7.29166666666667,90.375,3.11666666666667,2018-12-25
"20181226","NOIRMOUTIER EN",47.004667,-2.257167,5.64583333333333,3.05,83.6666666666667,3.05416666666667,2018-12-26
"20181227","NOIRMOUTIER EN",47.004667,-2.257167,4.68333333333333,3.275,90.5833333333333,1.32916666666667,2018-12-27
"20181228","NOIRMOUTIER EN",47.004667,-2.257167,5.65416666666667,4.27916666666667,91.1666666666667,2.24583333333333,2018-12-28
"20181229","NOIRMOUTIER EN",47.004667,-2.257167,7.20833333333333,5.45833333333333,88.8333333333333,1.10833333333333,2018-12-29
"20181230","NOIRMOUTIER EN",47.004667,-2.257167,8.87083333333333,7.73333333333333,92.5,1.4,2018-12-30
"20181231","NOIRMOUTIER EN",47.004667,-2.257167,8.32083333333333,6.83333333333333,90.5416666666667,3.17083333333333,2018-12-31
"20190101","NOIRMOUTIER EN",47.004667,-2.257167,8.53333333333333,5.22916666666667,79.8333333333333,2.79166666666667,2019-01-01
"20190102","NOIRMOUTIER EN",47.004667,-2.257167,7.55416666666667,3.20416666666667,74.4166666666667,3.47916666666667,2019-01-02
"20190103","NOIRMOUTIER EN",47.004667,-2.257167,4.6375,0.191666666666667,73.3333333333333,4.01666666666667,2019-01-03
"20190104","NOIRMOUTIER EN",47.004667,-2.257167,3.79583333333333,0.808333333333333,80.9583333333333,3.93333333333333,2019-01-04
"20190105","NOIRMOUTIER EN",47.004667,-2.257167,3.35833333333333,0.2125,79.9583333333333,2.88333333333333,2019-01-05
"20190106","NOIRMOUTIER EN",47.004667,-2.257167,5.01666666666667,1.58333333333333,78.5416666666667,2.2,2019-01-06
"20190107","NOIRMOUTIER EN",47.004667,-2.257167,8.3,6.04166666666667,85.8333333333333,1.8,2019-01-07
"20190108","NOIRMOUTIER EN",47.004667,-2.257167,9.45,7.2625,86.375,4.3,2019-01-08
"20190109","NOIRMOUTIER EN",47.004667,-2.257167,7.48333333333333,2.61666666666667,71.7083333333333,3.44166666666667,2019-01-09
"20190110","NOIRMOUTIER EN",47.004667,-2.257167,5.85,2.16666666666667,77.0833333333333,3.6625,2019-01-10
"20190111","NOIRMOUTIER EN",47.004667,-2.257167,7.53333333333333,5.30833333333333,85.8333333333333,2.30833333333333,2019-01-11
"20190112","NOIRMOUTIER EN",47.004667,-2.257167,8.6625,6.89583333333333,88.9166666666667,3.3875,2019-01-12
"20190113","NOIRMOUTIER EN",47.004667,-2.257167,10.2083333333333,8.3125,88.2083333333333,7.07916666666667,2019-01-13
"20190114","NOIRMOUTIER EN",47.004667,-2.257167,9.9375,5.8375,76.3333333333333,3.3125,2019-01-14
"20190115","NOIRMOUTIER EN",47.004667,-2.257167,7.34583333333333,1.75,68.2083333333333,1.29583333333333,2019-01-15
"20190116","NOIRMOUTIER EN",47.004667,-2.257167,7.34583333333333,5.3375,87.125,3.44583333333333,2019-01-16
"20190117","NOIRMOUTIER EN",47.004667,-2.257167,8.4625,4.05,73.9166666666667,4.8875,2019-01-17
"20190118","NOIRMOUTIER EN",47.004667,-2.257167,5.95833333333333,3.475,84.1666666666667,3.72916666666667,2019-01-18
"20190119","NOIRMOUTIER EN",47.004667,-2.257167,7.72083333333333,6.1875,90.4583333333333,2.13333333333333,2019-01-19
"20190120","NOIRMOUTIER EN",47.004667,-2.257167,6.99583333333333,4.7875,86.125,2.825,2019-01-20
"20190121","NOIRMOUTIER EN",47.004667,-2.257167,4.14583333333333,1.00833333333333,80.3333333333333,2.22916666666667,2019-01-21
"20190122","NOIRMOUTIER EN",47.004667,-2.257167,8.23333333333333,4.73333333333333,78.9166666666667,6.475,2019-01-22
"20190123","NOIRMOUTIER EN",47.004667,-2.257167,7.33333333333333,2.55,71.7916666666667,5.90833333333333,2019-01-23
"20190124","NOIRMOUTIER EN",47.004667,-2.257167,6.69166666666667,3.5,80.4166666666667,1.8375,2019-01-24
"20190125","NOIRMOUTIER EN",47.004667,-2.257167,10.1375,9.15416666666667,93.6666666666667,3.43333333333333,2019-01-25
"20190126","NOIRMOUTIER EN",47.004667,-2.257167,9.87083333333333,8.14166666666667,89.0833333333333,6.05416666666667,2019-01-26
"20190127","NOIRMOUTIER EN",47.004667,-2.257167,8.72083333333333,3.62083333333333,70.7916666666667,10.0083333333333,2019-01-27
"20190128","NOIRMOUTIER EN",47.004667,-2.257167,7,5.08333333333333,87.9583333333333,2.5875,2019-01-28
"20190129","NOIRMOUTIER EN",47.004667,-2.257167,7.45416666666667,4.9,84.5,7.86666666666667,2019-01-29
"20190130","NOIRMOUTIER EN",47.004667,-2.257167,6.3,2.89583333333333,79.4166666666667,5.65833333333333,2019-01-30
"20190131","NOIRMOUTIER EN",47.004667,-2.257167,6.70416666666667,4.9375,89,5.35833333333333,2019-01-31
"20190201","NOIRMOUTIER EN",47.004667,-2.257167,6.74583333333333,4.87083333333333,87.9583333333333,4.02916666666667,2019-02-01
"20190202","NOIRMOUTIER EN",47.004667,-2.257167,5.8125,0.829166666666667,70.7083333333333,6.93333333333333,2019-02-02
"20190203","NOIRMOUTIER EN",47.004667,-2.257167,6.17916666666667,1.62916666666667,73.4166666666667,3.30833333333333,2019-02-03
"20190204","NOIRMOUTIER EN",47.004667,-2.257167,8.52083333333333,6.84166666666667,89.5416666666667,5.78333333333333,2019-02-04
"20190205","NOIRMOUTIER EN",47.004667,-2.257167,7.6625,7.38333333333333,98.0416666666667,2.28333333333333,2019-02-05
"20190206","NOIRMOUTIER EN",47.004667,-2.257167,10.6708333333333,9.92083333333333,95.2083333333333,5.49583333333333,2019-02-06
"20190207","NOIRMOUTIER EN",47.004667,-2.257167,9.97916666666667,7.15,82.8333333333333,6.22083333333333,2019-02-07
"20190208","NOIRMOUTIER EN",47.004667,-2.257167,10.4416666666667,8.29583333333333,86.625,8.7875,2019-02-08
"20190209","NOIRMOUTIER EN",47.004667,-2.257167,10.575,8.275,85.8333333333333,7.425,2019-02-09
"20190210","NOIRMOUTIER EN",47.004667,-2.257167,9.52916666666667,6.08333333333333,79.4166666666667,10.3625,2019-02-10
"20190211","NOIRMOUTIER EN",47.004667,-2.257167,8.96666666666667,5.94166666666667,81.6666666666667,4.77916666666667,2019-02-11
"20190212","NOIRMOUTIER EN",47.004667,-2.257167,7.26666666666667,5.62916666666667,89.7083333333333,1.64166666666667,2019-02-12
"20190213","NOIRMOUTIER EN",47.004667,-2.257167,7.525,3.15416666666667,74.5416666666667,2.72083333333333,2019-02-13
"20190214","NOIRMOUTIER EN",47.004667,-2.257167,8.225,4.49583333333333,77.7083333333333,2.64583333333333,2019-02-14
"20190215","NOIRMOUTIER EN",47.004667,-2.257167,8.35,5.40416666666667,82.1666666666667,2.63333333333333,2019-02-15
"20190216","NOIRMOUTIER EN",47.004667,-2.257167,8.11666666666667,6.3375,89.0416666666667,2.25416666666667,2019-02-16
"20190217","NOIRMOUTIER EN",47.004667,-2.257167,10.3375,8.11666666666667,86.25,4.48333333333333,2019-02-17
"20190218","NOIRMOUTIER EN",47.004667,-2.257167,8.07916666666667,6.91666666666667,92.5416666666667,1.93333333333333,2019-02-18
"20190219","NOIRMOUTIER EN",47.004667,-2.257167,6.53333333333333,6.02916666666667,96.5833333333333,1.25,2019-02-19
"20190220","NOIRMOUTIER EN",47.004667,-2.257167,8.175,7.30833333333333,94.4583333333333,2.71666666666667,2019-02-20
"20190221","NOIRMOUTIER EN",47.004667,-2.257167,7.59583333333333,6.55416666666667,93.4166666666667,2.63333333333333,2019-02-21
"20190222","NOIRMOUTIER EN",47.004667,-2.257167,11.5291666666667,6.20833333333333,72.5,2.7,2019-02-22
"20190223","NOIRMOUTIER EN",47.004667,-2.257167,11.65,7.325,75.5,2.6625,2019-02-23
"20190224","NOIRMOUTIER EN",47.004667,-2.257167,10.45,5.35416666666667,72.5416666666667,2.18333333333333,2019-02-24
"20190225","NOIRMOUTIER EN",47.004667,-2.257167,10.4541666666667,4.45,67.7916666666667,2.60416666666667,2019-02-25
"20190226","NOIRMOUTIER EN",47.004667,-2.257167,11.2208333333333,6.5625,74,1.95833333333333,2019-02-26
"20190227","NOIRMOUTIER EN",47.004667,-2.257167,12.2458333333333,7.96666666666667,76.5,3.1375,2019-02-27
"20190228","NOIRMOUTIER EN",47.004667,-2.257167,11.5208333333333,9.89583333333333,89.875,6.3125,2019-02-28
"20190301","NOIRMOUTIER EN",47.004667,-2.257167,11.1208333333333,8.01666666666667,81.5416666666667,3.85416666666667,2019-03-01
"20190302","NOIRMOUTIER EN",47.004667,-2.257167,11.7,9.99583333333333,89.5,6.23333333333333,2019-03-02
"20190303","NOIRMOUTIER EN",47.004667,-2.257167,12.3,9.75416666666667,84.7916666666667,8.9625,2019-03-03
"20190304","NOIRMOUTIER EN",47.004667,-2.257167,10.175,5.7,73.875,11.6583333333333,2019-03-04
"20190305","NOIRMOUTIER EN",47.004667,-2.257167,11.1333333333333,8.05416666666667,81.5,6.91666666666667,2019-03-05
"20190306","NOIRMOUTIER EN",47.004667,-2.257167,11.1625,9.4,89.0416666666667,6.5875,2019-03-06
"20190307","NOIRMOUTIER EN",47.004667,-2.257167,9.82083333333333,6.30833333333333,78.9166666666667,7.02916666666667,2019-03-07
"20190308","NOIRMOUTIER EN",47.004667,-2.257167,9.675,7.3625,85.9166666666667,4.97083333333333,2019-03-08
"20190309","NOIRMOUTIER EN",47.004667,-2.257167,11.7,11.2791666666667,97.2916666666667,6.84166666666667,2019-03-09
"20190310","NOIRMOUTIER EN",47.004667,-2.257167,11.3333333333333,8.22916666666667,81.6666666666667,8.58333333333333,2019-03-10
"20190311","NOIRMOUTIER EN",47.004667,-2.257167,9.62916666666667,4.38333333333333,70.3333333333333,4.9,2019-03-11
"20190312","NOIRMOUTIER EN",47.004667,-2.257167,9.84583333333333,6.4125,79.3333333333333,7.9375,2019-03-12
"20190313","NOIRMOUTIER EN",47.004667,-2.257167,9.64166666666667,5.3625,74.7916666666667,9.15416666666667,2019-03-13
"20190314","NOIRMOUTIER EN",47.004667,-2.257167,10.9041666666667,8.34583333333333,84.4166666666667,9.92083333333333,2019-03-14
"20190315","NOIRMOUTIER EN",47.004667,-2.257167,11.3833333333333,9.6125,89.0416666666667,7.225,2019-03-15
"20190316","NOIRMOUTIER EN",47.004667,-2.257167,11.1083333333333,7.67916666666667,79.5833333333333,6.9,2019-03-16
"20190317","NOIRMOUTIER EN",47.004667,-2.257167,9.6625,4.82916666666667,72.3333333333333,8.4625,2019-03-17
"20190318","NOIRMOUTIER EN",47.004667,-2.257167,9.57916666666667,5.62916666666667,76.5833333333333,4.975,2019-03-18
"20190319","NOIRMOUTIER EN",47.004667,-2.257167,9.34583333333333,6.8375,84.5,1.44166666666667,2019-03-19
"20190320","NOIRMOUTIER EN",47.004667,-2.257167,9.0375,7.40416666666667,89.875,1.4875,2019-03-20
"20190321","NOIRMOUTIER EN",47.004667,-2.257167,11.35,7.75416666666667,79.9166666666667,2.35416666666667,2019-03-21
"20190322","NOIRMOUTIER EN",47.004667,-2.257167,10.9708333333333,7.05833333333333,78.625,2.00833333333333,2019-03-22
"20190323","NOIRMOUTIER EN",47.004667,-2.257167,12.0583333333333,6.52083333333333,71.4166666666667,2.6375,2019-03-23
"20190324","NOIRMOUTIER EN",47.004667,-2.257167,10.8333333333333,6.2875,74.4166666666667,3.92916666666667,2019-03-24
"20190325","NOIRMOUTIER EN",47.004667,-2.257167,9.9625,4.54583333333333,70.2916666666667,4.52916666666667,2019-03-25
"20190326","NOIRMOUTIER EN",47.004667,-2.257167,9.49583333333333,2.79583333333333,63.9583333333333,4.2125,2019-03-26
"20190327","NOIRMOUTIER EN",47.004667,-2.257167,10.3583333333333,4.17083333333333,66.625,4.06666666666667,2019-03-27
"20190328","NOIRMOUTIER EN",47.004667,-2.257167,10.5791666666667,5.26666666666667,70.625,3.97916666666667,2019-03-28
"20190329","NOIRMOUTIER EN",47.004667,-2.257167,11.2458333333333,5.56666666666667,69.6666666666667,3.17916666666667,2019-03-29
"20190330","NOIRMOUTIER EN",47.004667,-2.257167,11.55,7.3375,76.375,3.6,2019-03-30
"20190331","NOIRMOUTIER EN",47.004667,-2.257167,11.8958333333333,8.7,82.125,1.90416666666667,2019-03-31
"20190401","NOIRMOUTIER EN",47.004667,-2.257167,13.1708333333333,9.25,77.75,3.5625,2019-04-01
"20190402","NOIRMOUTIER EN",47.004667,-2.257167,10.5875,7.02916666666667,79.1666666666667,6.6,2019-04-02
"20190403","NOIRMOUTIER EN",47.004667,-2.257167,7.3625,2.7625,72.8333333333333,5.12083333333333,2019-04-03
"20190404","NOIRMOUTIER EN",47.004667,-2.257167,8.19166666666667,3.84583333333333,74.4166666666667,6.725,2019-04-04
"20190405","NOIRMOUTIER EN",47.004667,-2.257167,9.04166666666667,6.94166666666667,86.9583333333333,4.4625,2019-04-05
"20190406","NOIRMOUTIER EN",47.004667,-2.257167,8.175,7.12916666666667,93.2083333333333,2.46666666666667,2019-04-06
"20190407","NOIRMOUTIER EN",47.004667,-2.257167,10.8666666666667,8.2375,84.2083333333333,4.97083333333333,2019-04-07
"20190408","NOIRMOUTIER EN",47.004667,-2.257167,10.4958333333333,8.59166666666667,88.375,3.175,2019-04-08
"20190409","NOIRMOUTIER EN",47.004667,-2.257167,10.2083333333333,7.65416666666667,85.4166666666667,2.25416666666667,2019-04-09
"20190410","NOIRMOUTIER EN",47.004667,-2.257167,10.4125,7.89583333333333,84.75,3.55416666666667,2019-04-10
"20190411","NOIRMOUTIER EN",47.004667,-2.257167,11.0375,5.41666666666667,69.5833333333333,3.9125,2019-04-11
"20190412","NOIRMOUTIER EN",47.004667,-2.257167,9.65,4.5,71.6666666666667,NA,2019-04-12
"20190413","NOIRMOUTIER EN",47.004667,-2.257167,9.79583333333333,1.15416666666667,56.5416666666667,3.89166666666667,2019-04-13
"20190414","NOIRMOUTIER EN",47.004667,-2.257167,9.44583333333333,-1.45416666666667,47.1666666666667,4.09583333333333,2019-04-14
"20190415","NOIRMOUTIER EN",47.004667,-2.257167,10.4625,2.82083333333333,61.4166666666667,4.0125,2019-04-15
"20190416","NOIRMOUTIER EN",47.004667,-2.257167,12.25,10.2208333333333,87.7083333333333,4.19583333333333,2019-04-16
"20190417","NOIRMOUTIER EN",47.004667,-2.257167,14.8583333333333,8.77083333333333,69.2916666666667,4.19166666666667,2019-04-17
"20190418","NOIRMOUTIER EN",47.004667,-2.257167,14.8416666666667,9.51666666666667,71.0416666666667,3.19166666666667,2019-04-18
"20190419","NOIRMOUTIER EN",47.004667,-2.257167,16.9208333333333,8.80833333333333,61.125,2.79166666666667,2019-04-19
"20190420","NOIRMOUTIER EN",47.004667,-2.257167,17.7625,10.5458333333333,64.5,3.37916666666667,2019-04-20
"20190421","NOIRMOUTIER EN",47.004667,-2.257167,15.0375,10.2333333333333,74.125,2.40833333333333,2019-04-21
"20190422","NOIRMOUTIER EN",47.004667,-2.257167,16.2083333333333,9.85,68.0416666666667,2.75,2019-04-22
"20190423","NOIRMOUTIER EN",47.004667,-2.257167,14.8041666666667,10.7875,77.5416666666667,3.7875,2019-04-23
"20190424","NOIRMOUTIER EN",47.004667,-2.257167,12.4208333333333,8.575,78.0833333333333,6.14166666666667,2019-04-24
"20190425","NOIRMOUTIER EN",47.004667,-2.257167,11.9083333333333,7.58333333333333,75.125,7.7125,2019-04-25
"20190426","NOIRMOUTIER EN",47.004667,-2.257167,12.4291666666667,8.97083333333333,79.9166666666667,7.225,2019-04-26
"20190427","NOIRMOUTIER EN",47.004667,-2.257167,11.7875,6.625,71.2083333333333,8.42083333333333,2019-04-27
"20190428","NOIRMOUTIER EN",47.004667,-2.257167,11.8416666666667,8.56666666666667,80.5,5.05833333333333,2019-04-28
"20190429","NOIRMOUTIER EN",47.004667,-2.257167,12.9,7.74583333333333,72.2083333333333,2.57083333333333,2019-04-29
"20190430","NOIRMOUTIER EN",47.004667,-2.257167,13.9416666666667,7.50416666666667,66.375,2.5875,2019-04-30
"20190501","NOIRMOUTIER EN",47.004667,-2.257167,13.9166666666667,9.62916666666667,75.7083333333333,2.55,2019-05-01
"20190502","NOIRMOUTIER EN",47.004667,-2.257167,12.1083333333333,8.07083333333333,76.625,4.62916666666667,2019-05-02
"20190503","NOIRMOUTIER EN",47.004667,-2.257167,11.9583333333333,8.41666666666667,79.375,3.73333333333333,2019-05-03
"20190504","NOIRMOUTIER EN",47.004667,-2.257167,11.2916666666667,4.55833333333333,64.4166666666667,4.63333333333333,2019-05-04
"20190505","NOIRMOUTIER EN",47.004667,-2.257167,10.8333333333333,1.94166666666667,55.125,3.74166666666667,2019-05-05
"20190506","NOIRMOUTIER EN",47.004667,-2.257167,10.7541666666667,3.8,62.5833333333333,2.83333333333333,2019-05-06
"20190507","NOIRMOUTIER EN",47.004667,-2.257167,12.9083333333333,7.4375,70.9583333333333,4.075,2019-05-07
"20190508","NOIRMOUTIER EN",47.004667,-2.257167,14.1125,11.2875,83.4583333333333,9.77916666666667,2019-05-08
"20190509","NOIRMOUTIER EN",47.004667,-2.257167,13.2375,9.74583333333333,79.7916666666667,7.0125,2019-05-09
"20190510","NOIRMOUTIER EN",47.004667,-2.257167,12.9166666666667,11.4458333333333,90.875,5.92083333333333,2019-05-10
"20190511","NOIRMOUTIER EN",47.004667,-2.257167,13.7041666666667,9.75416666666667,77.5833333333333,5.57083333333333,2019-05-11
"20190512","NOIRMOUTIER EN",47.004667,-2.257167,14.2166666666667,6.76666666666667,62.9166666666667,3.6125,2019-05-12
"20190513","NOIRMOUTIER EN",47.004667,-2.257167,14.4291666666667,5.12916666666667,54.75,5.25833333333333,2019-05-13
"20190514","NOIRMOUTIER EN",47.004667,-2.257167,16.025,3.79583333333333,45.4166666666667,5.975,2019-05-14
"20190515","NOIRMOUTIER EN",47.004667,-2.257167,16.0291666666667,4.1125,46.3333333333333,4.8375,2019-05-15
"20190516","NOIRMOUTIER EN",47.004667,-2.257167,15.0083333333333,5.37916666666667,53.5,3.64166666666667,2019-05-16
"20190517","NOIRMOUTIER EN",47.004667,-2.257167,14.5083333333333,8.85833333333333,69.7083333333333,4.075,2019-05-17
"20190518","NOIRMOUTIER EN",47.004667,-2.257167,13.2666666666667,10.0083333333333,81.3333333333333,3.1,2019-05-18
"20190519","NOIRMOUTIER EN",47.004667,-2.257167,13.9875,10.5375,79.9166666666667,3.56666666666667,2019-05-19
"20190520","NOIRMOUTIER EN",47.004667,-2.257167,13.7708333333333,10.975,83.4166666666667,3.3375,2019-05-20
"20190521","NOIRMOUTIER EN",47.004667,-2.257167,14.7541666666667,11.425,81.2916666666667,2.73333333333333,2019-05-21
"20190522","NOIRMOUTIER EN",47.004667,-2.257167,16.825,11.5291666666667,72.4166666666667,2.18333333333333,2019-05-22
"20190523","NOIRMOUTIER EN",47.004667,-2.257167,16.8416666666667,12.375,77,2.15833333333333,2019-05-23
"20190524","NOIRMOUTIER EN",47.004667,-2.257167,15.8541666666667,10.6291666666667,71.5,4.28333333333333,2019-05-24
"20190525","NOIRMOUTIER EN",47.004667,-2.257167,15.425,11.8625,79.6666666666667,4.52083333333333,2019-05-25
"20190526","NOIRMOUTIER EN",47.004667,-2.257167,15.3708333333333,12.9458333333333,85.7083333333333,4.5625,2019-05-26
"20190527","NOIRMOUTIER EN",47.004667,-2.257167,15.7666666666667,12.8333333333333,83.3333333333333,5.7,2019-05-27
"20190528","NOIRMOUTIER EN",47.004667,-2.257167,14.875,9.85416666666667,72.2916666666667,6.57916666666667,2019-05-28
"20190529","NOIRMOUTIER EN",47.004667,-2.257167,14.5208333333333,11.175,80.4583333333333,3.67083333333333,2019-05-29
"20190530","NOIRMOUTIER EN",47.004667,-2.257167,16.0208333333333,12.2,78.7916666666667,3.1375,2019-05-30
"20190531","NOIRMOUTIER EN",47.004667,-2.257167,16.7458333333333,12.0333333333333,76.0416666666667,1.75,2019-05-31
"20190601","NOIRMOUTIER EN",47.004667,-2.257167,20.7625,13.9083333333333,67.0416666666667,1.95,2019-06-01
"20190602","NOIRMOUTIER EN",47.004667,-2.257167,16.9291666666667,14.8083333333333,87.5833333333333,3.19583333333333,2019-06-02
"20190603","NOIRMOUTIER EN",47.004667,-2.257167,16.4458333333333,11.9083333333333,75.625,2.61666666666667,2019-06-03
"20190604","NOIRMOUTIER EN",47.004667,-2.257167,15.9708333333333,12.7125,81.3333333333333,4.51666666666667,2019-06-04
"20190605","NOIRMOUTIER EN",47.004667,-2.257167,14.8333333333333,10.1083333333333,73.9166666666667,3.6375,2019-06-05
"20190606","NOIRMOUTIER EN",47.004667,-2.257167,15.0791666666667,9.2375,69.5,3.68333333333333,2019-06-06
"20190607","NOIRMOUTIER EN",47.004667,-2.257167,14.1375,10.8041666666667,80.625,10.7041666666667,2019-06-07
"20190608","NOIRMOUTIER EN",47.004667,-2.257167,14.8791666666667,10.8291666666667,77.0833333333333,5.425,2019-06-08
"20190609","NOIRMOUTIER EN",47.004667,-2.257167,13.8291666666667,10.4916666666667,80.5,2.7875,2019-06-09
"20190610","NOIRMOUTIER EN",47.004667,-2.257167,14.3125,9.65416666666667,73.9583333333333,3.87083333333333,2019-06-10
"20190611","NOIRMOUTIER EN",47.004667,-2.257167,11.8916666666667,9.38333333333333,84.625,1.77083333333333,2019-06-11
"20190612","NOIRMOUTIER EN",47.004667,-2.257167,13.8708333333333,10.55,80.9583333333333,4.30416666666667,2019-06-12
"20190613","NOIRMOUTIER EN",47.004667,-2.257167,15.0291666666667,10.5083333333333,74.9166666666667,5.05416666666667,2019-06-13
"20190614","NOIRMOUTIER EN",47.004667,-2.257167,15.4291666666667,10.7458333333333,74.1666666666667,3.72083333333333,2019-06-14
"20190615","NOIRMOUTIER EN",47.004667,-2.257167,16.075,12.2541666666667,78.25,6.79583333333333,2019-06-15
"20190616","NOIRMOUTIER EN",47.004667,-2.257167,16.4875,12.3583333333333,77.1666666666667,4.15,2019-06-16
"20190617","NOIRMOUTIER EN",47.004667,-2.257167,18.875,12.8291666666667,69.9166666666667,3.025,2019-06-17
"20190618","NOIRMOUTIER EN",47.004667,-2.257167,20.4958333333333,15.3708333333333,73.9583333333333,4.05416666666667,2019-06-18
"20190619","NOIRMOUTIER EN",47.004667,-2.257167,17.6416666666667,15.6291666666667,88.2083333333333,5.38333333333333,2019-06-19
"20190620","NOIRMOUTIER EN",47.004667,-2.257167,16.4291666666667,11.4875,72.9166666666667,4.27916666666667,2019-06-20
"20190621","NOIRMOUTIER EN",47.004667,-2.257167,17.0583333333333,10.9958333333333,68.3333333333333,4.1375,2019-06-21
"20190622","NOIRMOUTIER EN",47.004667,-2.257167,19.4208333333333,11.5625,61.625,3.2375,2019-06-22
"20190623","NOIRMOUTIER EN",47.004667,-2.257167,21.0791666666667,15.0166666666667,70.0416666666667,3.44166666666667,2019-06-23
"20190624","NOIRMOUTIER EN",47.004667,-2.257167,18.25,16.4458333333333,89.4166666666667,3.35416666666667,2019-06-24
"20190625","NOIRMOUTIER EN",47.004667,-2.257167,19.4708333333333,16.9208333333333,85.5,2.8375,2019-06-25
"20190626","NOIRMOUTIER EN",47.004667,-2.257167,25.1,19.0083333333333,70.9583333333333,3.375,2019-06-26
"20190627","NOIRMOUTIER EN",47.004667,-2.257167,29.1416666666667,20.2041666666667,59.5,3.3875,2019-06-27
"20190628","NOIRMOUTIER EN",47.004667,-2.257167,20.9,18.95,88.8333333333333,2.69583333333333,2019-06-28
"20190629","NOIRMOUTIER EN",47.004667,-2.257167,19.2208333333333,18.1041666666667,93.3333333333333,3.17083333333333,2019-06-29
"20190630","NOIRMOUTIER EN",47.004667,-2.257167,19.9833333333333,15.2083333333333,74.5416666666667,4.275,2019-06-30
"20190701","NOIRMOUTIER EN",47.004667,-2.257167,19.2541666666667,13.1833333333333,68.4166666666667,4.60833333333333,2019-07-01
"20190702","NOIRMOUTIER EN",47.004667,-2.257167,20.4541666666667,11.8958333333333,60.7916666666667,4.0375,2019-07-02
"20190703","NOIRMOUTIER EN",47.004667,-2.257167,22.8,12.2875,53.625,5.1,2019-07-03
"20190704","NOIRMOUTIER EN",47.004667,-2.257167,23.85,12.275,49.7083333333333,4.91666666666667,2019-07-04
"20190705","NOIRMOUTIER EN",47.004667,-2.257167,23.3375,13.9916666666667,56.8333333333333,2.75416666666667,2019-07-05
"20190706","NOIRMOUTIER EN",47.004667,-2.257167,21.675,16.6291666666667,74.0833333333333,2.89166666666667,2019-07-06
"20190707","NOIRMOUTIER EN",47.004667,-2.257167,21.0708333333333,14.3166666666667,66.5416666666667,3.05833333333333,2019-07-07
"20190708","NOIRMOUTIER EN",47.004667,-2.257167,22.6625,13.6875,59.9166666666667,3.83333333333333,2019-07-08
"20190709","NOIRMOUTIER EN",47.004667,-2.257167,22.4083333333333,9.175,44.3333333333333,4.54583333333333,2019-07-09
"20190710","NOIRMOUTIER EN",47.004667,-2.257167,21.7416666666667,11.825,55.3333333333333,3.35,2019-07-10
"20190711","NOIRMOUTIER EN",47.004667,-2.257167,20.425,15.625,75.4166666666667,3.42083333333333,2019-07-11
"20190712","NOIRMOUTIER EN",47.004667,-2.257167,20.175,17.2,83.5416666666667,4.02916666666667,2019-07-12
"20190713","NOIRMOUTIER EN",47.004667,-2.257167,21.0875,14.7791666666667,68.4583333333333,3.72083333333333,2019-07-13
"20190714","NOIRMOUTIER EN",47.004667,-2.257167,22.2458333333333,13.4083333333333,59.1666666666667,3.9375,2019-07-14
"20190715","NOIRMOUTIER EN",47.004667,-2.257167,20.0625,12.8083333333333,63.7916666666667,4.27916666666667,2019-07-15
"20190716","NOIRMOUTIER EN",47.004667,-2.257167,21.2833333333333,13.6916666666667,63.8333333333333,3.225,2019-07-16
"20190717","NOIRMOUTIER EN",47.004667,-2.257167,19.3041666666667,14.5791666666667,74.8333333333333,4.3875,2019-07-17
"20190718","NOIRMOUTIER EN",47.004667,-2.257167,19.0333333333333,16.3208333333333,84.4166666666667,3.82916666666667,2019-07-18
"20190719","NOIRMOUTIER EN",47.004667,-2.257167,19.9833333333333,16.0083333333333,78.8333333333333,3.13333333333333,2019-07-19
"20190720","NOIRMOUTIER EN",47.004667,-2.257167,20.5541666666667,17.525,83.0833333333333,4.49583333333333,2019-07-20
"20190721","NOIRMOUTIER EN",47.004667,-2.257167,20.1208333333333,16.4958333333333,80.5416666666667,2.1625,2019-07-21
"20190722","NOIRMOUTIER EN",47.004667,-2.257167,21.3291666666667,15.9166666666667,73.3333333333333,2.57916666666667,2019-07-22
"20190723","NOIRMOUTIER EN",47.004667,-2.257167,24.6791666666667,18.7958333333333,72.1666666666667,3.5,2019-07-23
"20190724","NOIRMOUTIER EN",47.004667,-2.257167,23.5791666666667,18.1458333333333,73.25,1.925,2019-07-24
"20190725","NOIRMOUTIER EN",47.004667,-2.257167,23.1625,19.1583333333333,79,3.59166666666667,2019-07-25
"20190726","NOIRMOUTIER EN",47.004667,-2.257167,20.1666666666667,17.3958333333333,84.25,2.46666666666667,2019-07-26
"20190727","NOIRMOUTIER EN",47.004667,-2.257167,19.55,14.0958333333333,71.1666666666667,4.4125,2019-07-27
"20190728","NOIRMOUTIER EN",47.004667,-2.257167,18.3583333333333,12.5833333333333,69.6666666666667,3.34166666666667,2019-07-28
"20190729","NOIRMOUTIER EN",47.004667,-2.257167,19.325,14.3666666666667,73.4166666666667,6.01666666666667,2019-07-29
"20190730","NOIRMOUTIER EN",47.004667,-2.257167,18.7416666666667,13.75,73.0833333333333,8.2,2019-07-30
"20190731","NOIRMOUTIER EN",47.004667,-2.257167,19,13.8416666666667,73,3.98333333333333,2019-07-31
"20190801","NOIRMOUTIER EN",47.004667,-2.257167,18.4625,15.5333333333333,83.7916666666667,2.775,2019-08-01
"20190810","NOIRMOUTIER EN",47.004667,-2.257167,19.9,14.95,73.4583333333333,7.42916666666667,2019-08-10
"20190811","NOIRMOUTIER EN",47.004667,-2.257167,18.8458333333333,14.1208333333333,74.4166666666667,3.90416666666667,2019-08-11
"20190812","NOIRMOUTIER EN",47.004667,-2.257167,17.9208333333333,12.6708333333333,71.7916666666667,5.94166666666667,2019-08-12
"20190813","NOIRMOUTIER EN",47.004667,-2.257167,17.7208333333333,12.4666666666667,71.8333333333333,3.3,2019-08-13
"20190814","NOIRMOUTIER EN",47.004667,-2.257167,18.4083333333333,15.25,82.375,5.33333333333333,2019-08-14
"20190815","NOIRMOUTIER EN",47.004667,-2.257167,18.5833333333333,14.7166666666667,78.6666666666667,4.79583333333333,2019-08-15
"20190816","NOIRMOUTIER EN",47.004667,-2.257167,18.7916666666667,15.0833333333333,80.0416666666667,4.31666666666667,2019-08-16
"20190817","NOIRMOUTIER EN",47.004667,-2.257167,19.0833333333333,18.0208333333333,93.625,5.4625,2019-08-17
"20190818","NOIRMOUTIER EN",47.004667,-2.257167,18.7833333333333,15.05,79.5833333333333,7.0625,2019-08-18
"20190819","NOIRMOUTIER EN",47.004667,-2.257167,18.1708333333333,13.1375,72.7083333333333,3.74166666666667,2019-08-19
"20190820","NOIRMOUTIER EN",47.004667,-2.257167,17.775,12.4916666666667,71.9583333333333,3.57916666666667,2019-08-20
"20190821","NOIRMOUTIER EN",47.004667,-2.257167,19.6416666666667,11.7,61.5833333333333,3.69166666666667,2019-08-21
"20190822","NOIRMOUTIER EN",47.004667,-2.257167,20.6875,12.6125,62.125,2.84166666666667,2019-08-22
"20190823","NOIRMOUTIER EN",47.004667,-2.257167,23.7166666666667,11.9041666666667,50.25,3.55,2019-08-23
"20190824","NOIRMOUTIER EN",47.004667,-2.257167,22.8083333333333,14.8916666666667,63.0833333333333,3.025,2019-08-24
"20190825","NOIRMOUTIER EN",47.004667,-2.257167,19.6291666666667,16.0708333333333,80.4166666666667,2.64583333333333,2019-08-25
"20190826","NOIRMOUTIER EN",47.004667,-2.257167,22.0291666666667,17.5166666666667,76.7916666666667,3.3875,2019-08-26
"20190827","NOIRMOUTIER EN",47.004667,-2.257167,20.6541666666667,18,85.0416666666667,3.00833333333333,2019-08-27
"20190828","NOIRMOUTIER EN",47.004667,-2.257167,19.475,15.9541666666667,80.3333333333333,3.55,2019-08-28
"20190829","NOIRMOUTIER EN",47.004667,-2.257167,19.5,14.8,75.625,2.64583333333333,2019-08-29
"20190830","NOIRMOUTIER EN",47.004667,-2.257167,19.8625,13.4125,67.9583333333333,2.4625,2019-08-30
"20190831","NOIRMOUTIER EN",47.004667,-2.257167,19.0416666666667,15.6125,81,4.24166666666667,2019-08-31
"20190901","NOIRMOUTIER EN",47.004667,-2.257167,17.5166666666667,11.225,67.0416666666667,4.8125,2019-09-01
"20190902","NOIRMOUTIER EN",47.004667,-2.257167,17.0208333333333,11.0083333333333,68.75,4.05833333333333,2019-09-02
"20190903","NOIRMOUTIER EN",47.004667,-2.257167,17.975,12.1541666666667,70.25,3.39583333333333,2019-09-03
"20190904","NOIRMOUTIER EN",47.004667,-2.257167,17.5,13.425,77.5416666666667,4.6375,2019-09-04
"20190905","NOIRMOUTIER EN",47.004667,-2.257167,16.6875,9.5875,64,4.6375,2019-09-05
"20190906","NOIRMOUTIER EN",47.004667,-2.257167,15.725,10.2166666666667,70.3333333333333,4.34166666666667,2019-09-06
"20190907","NOIRMOUTIER EN",47.004667,-2.257167,17.3958333333333,12.4916666666667,74.0833333333333,3.87916666666667,2019-09-07
"20190908","NOIRMOUTIER EN",47.004667,-2.257167,15.9208333333333,9.92916666666667,68.625,3.3125,2019-09-08
"20190909","NOIRMOUTIER EN",47.004667,-2.257167,14.9041666666667,11.5458333333333,81.0416666666667,3.91666666666667,2019-09-09
"20190910","NOIRMOUTIER EN",47.004667,-2.257167,16.6791666666667,12.1458333333333,76.1666666666667,4.16666666666667,2019-09-10
"20190911","NOIRMOUTIER EN",47.004667,-2.257167,16.45,13.1875,81.7083333333333,2.93333333333333,2019-09-11
"20190912","NOIRMOUTIER EN",47.004667,-2.257167,18.2166666666667,15.9375,86.9583333333333,2.5,2019-09-12
"20190913","NOIRMOUTIER EN",47.004667,-2.257167,19.7791666666667,15.675,78.75,3.67083333333333,2019-09-13
"20190914","NOIRMOUTIER EN",47.004667,-2.257167,21.7875,15.6208333333333,69.7083333333333,3.725,2019-09-14
"20190915","NOIRMOUTIER EN",47.004667,-2.257167,21.8125,15.4166666666667,69,3.03333333333333,2019-09-15
"20190916","NOIRMOUTIER EN",47.004667,-2.257167,20.0041666666667,14.1375,70.5833333333333,3.82083333333333,2019-09-16
"20190917","NOIRMOUTIER EN",47.004667,-2.257167,19.2583333333333,14.4625,75.5416666666667,4.78333333333333,2019-09-17
"20190918","NOIRMOUTIER EN",47.004667,-2.257167,18.125,7.64583333333333,53.0416666666667,6.42083333333333,2019-09-18
"20190919","NOIRMOUTIER EN",47.004667,-2.257167,18.0708333333333,6.35416666666667,47.3333333333333,6.1375,2019-09-19
"20190920","NOIRMOUTIER EN",47.004667,-2.257167,19.7583333333333,7,44.2916666666667,4.96666666666667,2019-09-20
"20190921","NOIRMOUTIER EN",47.004667,-2.257167,21,14.8583333333333,68.2916666666667,5.60833333333333,2019-09-21
"20190922","NOIRMOUTIER EN",47.004667,-2.257167,18.1125,14.6125,80.5,6.64583333333333,2019-09-22
"20190923","NOIRMOUTIER EN",47.004667,-2.257167,16.8,14.8833333333333,88.625,5.175,2019-09-23
"20190924","NOIRMOUTIER EN",47.004667,-2.257167,18.0791666666667,15.5125,85.4166666666667,7.6125,2019-09-24
"20190925","NOIRMOUTIER EN",47.004667,-2.257167,16.7,15.3375,91.75,6.4875,2019-09-25
"20190926","NOIRMOUTIER EN",47.004667,-2.257167,17.6333333333333,16.1916666666667,91.375,6.89166666666667,2019-09-26
"20190927","NOIRMOUTIER EN",47.004667,-2.257167,16.8708333333333,14.3541666666667,85.4166666666667,6.28333333333333,2019-09-27
"20190928","NOIRMOUTIER EN",47.004667,-2.257167,17.2,13.7916666666667,80.5833333333333,5.50833333333333,2019-09-28
"20190929","NOIRMOUTIER EN",47.004667,-2.257167,17.4041666666667,15.375,88,8.31666666666667,2019-09-29
"20190930","NOIRMOUTIER EN",47.004667,-2.257167,16.7583333333333,15.325,91.5833333333333,4.2875,2019-09-30
"20191001","NOIRMOUTIER EN",47.004667,-2.257167,17.75,15.6291666666667,87.625,8.10833333333333,2019-10-01
"20191002","NOIRMOUTIER EN",47.004667,-2.257167,15.775,11.2375,74.7083333333333,3.79166666666667,2019-10-02
"20191003","NOIRMOUTIER EN",47.004667,-2.257167,15.0166666666667,11.6958333333333,80.875,4.68333333333333,2019-10-03
"20191004","NOIRMOUTIER EN",47.004667,-2.257167,16.7,13.6125,82.125,6.57083333333333,2019-10-04
"20191005","NOIRMOUTIER EN",47.004667,-2.257167,16.7875,14.3,85.4583333333333,4.025,2019-10-05
"20191006","NOIRMOUTIER EN",47.004667,-2.257167,16.0916666666667,12.6041666666667,80.2083333333333,6.10833333333333,2019-10-06
"20191007","NOIRMOUTIER EN",47.004667,-2.257167,15.1916666666667,13.4875,89.8333333333333,3.75833333333333,2019-10-07
"20191008","NOIRMOUTIER EN",47.004667,-2.257167,16.2541666666667,14.375,89.0833333333333,5.925,2019-10-08
"20191009","NOIRMOUTIER EN",47.004667,-2.257167,15.6541666666667,11.4416666666667,76.25,7.92916666666667,2019-10-09
"20191010","NOIRMOUTIER EN",47.004667,-2.257167,15.9958333333333,13.4291666666667,85,4.20833333333333,2019-10-10
"20191011","NOIRMOUTIER EN",47.004667,-2.257167,17.1916666666667,14.85,86.375,4.4,2019-10-11
"20191012","NOIRMOUTIER EN",47.004667,-2.257167,17.3416666666667,15.5625,89.5,4.05416666666667,2019-10-12
"20191013","NOIRMOUTIER EN",47.004667,-2.257167,16.4166666666667,14.6083333333333,89.2916666666667,2.82916666666667,2019-10-13
"20191014","NOIRMOUTIER EN",47.004667,-2.257167,15.6791666666667,13.6875,88.1666666666667,4.85833333333333,2019-10-14
"20191015","NOIRMOUTIER EN",47.004667,-2.257167,15.5916666666667,11.0833333333333,75.0416666666667,7.30416666666667,2019-10-15
"20191016","NOIRMOUTIER EN",47.004667,-2.257167,15.5791666666667,14.1208333333333,91.125,8.65,2019-10-16
"20191017","NOIRMOUTIER EN",47.004667,-2.257167,15.2875,12.4041666666667,83.25,5.5375,2019-10-17
"20191018","NOIRMOUTIER EN",47.004667,-2.257167,15.2541666666667,10.7708333333333,75.0833333333333,7.65,2019-10-18
"20191019","NOIRMOUTIER EN",47.004667,-2.257167,14.0375,10.7958333333333,81.0833333333333,2.93333333333333,2019-10-19
"20191020","NOIRMOUTIER EN",47.004667,-2.257167,12.9791666666667,10.2208333333333,83.5416666666667,3.1875,2019-10-20
"20191021","NOIRMOUTIER EN",47.004667,-2.257167,12.0625,8.59166666666667,80.2916666666667,1.625,2019-10-21
"20191022","NOIRMOUTIER EN",47.004667,-2.257167,12.2791666666667,9.0125,81.25,3.45,2019-10-22
"20191023","NOIRMOUTIER EN",47.004667,-2.257167,13.5708333333333,12.1083333333333,90.9583333333333,4.50833333333333,2019-10-23
"20191024","NOIRMOUTIER EN",47.004667,-2.257167,14.5291666666667,12.675,88.9166666666667,3.375,2019-10-24
"20191025","NOIRMOUTIER EN",47.004667,-2.257167,16.4166666666667,14.4625,88.4583333333333,5.3625,2019-10-25
"20191026","NOIRMOUTIER EN",47.004667,-2.257167,16.6833333333333,15.1875,91.1666666666667,4.62083333333333,2019-10-26
"20191027","NOIRMOUTIER EN",47.004667,-2.257167,12.5791666666667,11.7916666666667,95.0416666666667,4.8,2019-10-27
"20191028","NOIRMOUTIER EN",47.004667,-2.257167,11.6166666666667,10.6083333333333,93.5833333333333,4.24583333333333,2019-10-28
"20191029","NOIRMOUTIER EN",47.004667,-2.257167,12.6291666666667,12.1333333333333,96.7916666666667,3.27916666666667,2019-10-29
"20191030","NOIRMOUTIER EN",47.004667,-2.257167,15.5208333333333,15.1208333333333,97.5416666666667,3.00416666666667,2019-10-30
"20191031","NOIRMOUTIER EN",47.004667,-2.257167,15.4666666666667,13.4,87.5416666666667,5.1875,2019-10-31
"20191101","NOIRMOUTIER EN",47.004667,-2.257167,16.6166666666667,15.8291666666667,95.2083333333333,7.57083333333333,2019-11-01
"20191102","NOIRMOUTIER EN",47.004667,-2.257167,13.55,10.7666666666667,83.4583333333333,9.97083333333333,2019-11-02
"20191103","NOIRMOUTIER EN",47.004667,-2.257167,13.3541666666667,10.4833333333333,83.0833333333333,9.825,2019-11-03
"20191104","NOIRMOUTIER EN",47.004667,-2.257167,13.0791666666667,8.76666666666667,75.375,10.725,2019-11-04
"20191105","NOIRMOUTIER EN",47.004667,-2.257167,12.3333333333333,8.57083333333333,77.9166666666667,7.04583333333333,2019-11-05
"20191106","NOIRMOUTIER EN",47.004667,-2.257167,12.6416666666667,9.6875,82.4583333333333,5.11666666666667,2019-11-06
"20191107","NOIRMOUTIER EN",47.004667,-2.257167,10.3833333333333,5.59583333333333,72.375,7.95416666666667,2019-11-07
"20191108","NOIRMOUTIER EN",47.004667,-2.257167,9.66666666666667,6.07083333333333,78.7083333333333,5.45416666666667,2019-11-08
"20191109","NOIRMOUTIER EN",47.004667,-2.257167,9.5,6.25833333333333,80.8333333333333,5.84583333333333,2019-11-09
"20191110","NOIRMOUTIER EN",47.004667,-2.257167,10.0166666666667,5.5,73.875,5.17083333333333,2019-11-10
"20191111","NOIRMOUTIER EN",47.004667,-2.257167,11.0458333333333,5.99166666666667,71.5833333333333,6.725,2019-11-11
"20191112","NOIRMOUTIER EN",47.004667,-2.257167,10.1291666666667,5.825,74.9166666666667,4.77916666666667,2019-11-12
"20191113","NOIRMOUTIER EN",47.004667,-2.257167,9.225,4.77083333333333,74.0416666666667,4.79583333333333,2019-11-13
"20191114","NOIRMOUTIER EN",47.004667,-2.257167,7.47916666666667,3.9,78.625,2.46666666666667,2019-11-14
"20191115","NOIRMOUTIER EN",47.004667,-2.257167,7.19166666666667,4.4875,83.4583333333333,4.51666666666667,2019-11-15
"20191116","NOIRMOUTIER EN",47.004667,-2.257167,8.59166666666667,5.07083333333333,78.875,4.36666666666667,2019-11-16
"20191117","NOIRMOUTIER EN",47.004667,-2.257167,6.7125,4.33333333333333,85.625,1.98333333333333,2019-11-17
"20191118","NOIRMOUTIER EN",47.004667,-2.257167,7.30416666666667,5.17916666666667,86.9166666666667,1.20416666666667,2019-11-18
"20191119","NOIRMOUTIER EN",47.004667,-2.257167,7.425,4.95416666666667,84.7916666666667,3.32083333333333,2019-11-19
"20191120","NOIRMOUTIER EN",47.004667,-2.257167,6.22083333333333,3.5,82.9583333333333,3.94583333333333,2019-11-20
"20191121","NOIRMOUTIER EN",47.004667,-2.257167,9.1125,7.09583333333333,87.6666666666667,4.10416666666667,2019-11-21
"20191122","NOIRMOUTIER EN",47.004667,-2.257167,9.92083333333333,7.62083333333333,85.7083333333333,6.4,2019-11-22
"20191123","NOIRMOUTIER EN",47.004667,-2.257167,10.3375,8.55,89.0833333333333,4.21666666666667,2019-11-23
"20191124","NOIRMOUTIER EN",47.004667,-2.257167,10.4291666666667,9.27916666666667,92.75,3.4125,2019-11-24
"20191125","NOIRMOUTIER EN",47.004667,-2.257167,12.6,11.3125,91.9583333333333,5.40833333333333,2019-11-25
"20191126","NOIRMOUTIER EN",47.004667,-2.257167,13.1666666666667,11.675,90.6666666666667,6.98333333333333,2019-11-26
"20191127","NOIRMOUTIER EN",47.004667,-2.257167,12.4291666666667,10.0541666666667,85.5,10.3791666666667,2019-11-27
"20191128","NOIRMOUTIER EN",47.004667,-2.257167,11.8208333333333,9.54166666666667,86.0416666666667,7.13333333333333,2019-11-28
"20191129","NOIRMOUTIER EN",47.004667,-2.257167,11.0708333333333,9.42916666666667,89.8333333333333,2.64583333333333,2019-11-29
"20191130","NOIRMOUTIER EN",47.004667,-2.257167,8.57916666666667,7.92916666666667,95.7083333333333,3.4875,2019-11-30
"20191201","NOIRMOUTIER EN",47.004667,-2.257167,6.61666666666667,5.09583333333333,90.2916666666667,4.77083333333333,2019-12-01
"20191202","NOIRMOUTIER EN",47.004667,-2.257167,6.32083333333333,1.57916666666667,71.7083333333333,6.02083333333333,2019-12-02
"20191203","NOIRMOUTIER EN",47.004667,-2.257167,4.74166666666667,2.7,86.625,4.02083333333333,2019-12-03
"20191204","NOIRMOUTIER EN",47.004667,-2.257167,3.95,1.95,87.0833333333333,2.61666666666667,2019-12-04
"20191205","NOIRMOUTIER EN",47.004667,-2.257167,2.72083333333333,2.24166666666667,96.7083333333333,2.15,2019-12-05
"20191206","NOIRMOUTIER EN",47.004667,-2.257167,9.17916666666667,8.17916666666667,93.7083333333333,5.325,2019-12-06
"20191207","NOIRMOUTIER EN",47.004667,-2.257167,11.1625,10.0958333333333,93.3333333333333,2.69583333333333,2019-12-07
"20191208","NOIRMOUTIER EN",47.004667,-2.257167,11.8125,9.5625,86.3333333333333,8.1,2019-12-08
"20191209","NOIRMOUTIER EN",47.004667,-2.257167,10.8333333333333,6.3,73.875,8.77083333333333,2019-12-09
"20191210","NOIRMOUTIER EN",47.004667,-2.257167,9.825,7.9875,88.75,5.44166666666667,2019-12-10
"20191211","NOIRMOUTIER EN",47.004667,-2.257167,9.02083333333333,5.75,80.3333333333333,7.30416666666667,2019-12-11
"20191212","NOIRMOUTIER EN",47.004667,-2.257167,10.9791666666667,8.94166666666667,87.2916666666667,8.6875,2019-12-12
"20191213","NOIRMOUTIER EN",47.004667,-2.257167,11.8041666666667,8.80833333333333,82.5,12.1,2019-12-13
"20191214","NOIRMOUTIER EN",47.004667,-2.257167,12.0583333333333,9.7125,85.8333333333333,7.625,2019-12-14
"20191215","NOIRMOUTIER EN",47.004667,-2.257167,11.175,8.14583333333333,81.875,6.04166666666667,2019-12-15
"20191216","NOIRMOUTIER EN",47.004667,-2.257167,10.3875,9.6875,95.5,2.9375,2019-12-16
"20191217","NOIRMOUTIER EN",47.004667,-2.257167,9.7,7.65833333333333,87.375,3.07916666666667,2019-12-17
"20191218","NOIRMOUTIER EN",47.004667,-2.257167,10.2875,8.65416666666667,89.7083333333333,6.14166666666667,2019-12-18
"20191219","NOIRMOUTIER EN",47.004667,-2.257167,12.2125,10.3375,88.5,7.03333333333333,2019-12-19
"20191220","NOIRMOUTIER EN",47.004667,-2.257167,10.9208333333333,8.27916666666667,84,7.29583333333333,2019-12-20
"20191221","NOIRMOUTIER EN",47.004667,-2.257167,11.1625,8.64583333333333,84.5416666666667,9.62916666666667,2019-12-21
"20191222","NOIRMOUTIER EN",47.004667,-2.257167,10.7791666666667,7.25833333333333,78.9166666666667,12.0041666666667,2019-12-22
"20191223","NOIRMOUTIER EN",47.004667,-2.257167,11.1333333333333,8.84166666666667,86.2916666666667,7.2125,2019-12-23
"20191224","NOIRMOUTIER EN",47.004667,-2.257167,12.0875,10.9833333333333,93.125,6.4625,2019-12-24
"20191225","NOIRMOUTIER EN",47.004667,-2.257167,8.9625,8.39583333333333,96.25,2.61666666666667,2019-12-25
"20191226","NOIRMOUTIER EN",47.004667,-2.257167,11.5083333333333,9.4375,87.1666666666667,6.12916666666667,2019-12-26
"20191227","NOIRMOUTIER EN",47.004667,-2.257167,11.4875,10.0958333333333,91.2083333333333,3.22916666666667,2019-12-27
"20191228","NOIRMOUTIER EN",47.004667,-2.257167,9.70416666666667,7.25,85.0833333333333,2.8,2019-12-28
"20191229","NOIRMOUTIER EN",47.004667,-2.257167,5.575,3.97916666666667,89.75,2.6125,2019-12-29
"20191230","NOIRMOUTIER EN",47.004667,-2.257167,5.36666666666667,4.15,92.3333333333333,1.6,2019-12-30
"20191231","NOIRMOUTIER EN",47.004667,-2.257167,8.85416666666667,7.74583333333333,92.875,2.57916666666667,2019-12-31
"20200101","NOIRMOUTIER EN",47.004667,-2.257167,10.525,9.91666666666667,96.125,3.19583333333333,2020-01-01
"20200102","NOIRMOUTIER EN",47.004667,-2.257167,10.7375,9.35416666666667,91.2916666666667,3.91666666666667,2020-01-02
"20200103","NOIRMOUTIER EN",47.004667,-2.257167,11.0083333333333,9.2875,89.375,5.75,2020-01-03
"20200104","NOIRMOUTIER EN",47.004667,-2.257167,7.225,4.57083333333333,83.7916666666667,1.49166666666667,2020-01-04
"20200105","NOIRMOUTIER EN",47.004667,-2.257167,5.66666666666667,3.20833333333333,85.25,1.825,2020-01-05
"20200106","NOIRMOUTIER EN",47.004667,-2.257167,7.7375,6.12083333333333,89.6666666666667,3.42083333333333,2020-01-06
"20200107","NOIRMOUTIER EN",47.004667,-2.257167,11.6166666666667,11.3,98,4.16666666666667,2020-01-07
"20200108","NOIRMOUTIER EN",47.004667,-2.257167,11.9916666666667,11.8208333333333,98.8333333333333,4.98333333333333,2020-01-08
"20200109","NOIRMOUTIER EN",47.004667,-2.257167,12.0541666666667,10.3916666666667,89.8333333333333,9.1625,2020-01-09
"20200110","NOIRMOUTIER EN",47.004667,-2.257167,9.21666666666667,5.8625,80,4.3125,2020-01-10
"20200111","NOIRMOUTIER EN",47.004667,-2.257167,8.7375,7.075,89.625,3.35833333333333,2020-01-11
"20200112","NOIRMOUTIER EN",47.004667,-2.257167,10.95,9.24166666666667,89.6666666666667,4.38333333333333,2020-01-12
"20200113","NOIRMOUTIER EN",47.004667,-2.257167,11.45,9.96666666666667,90.9166666666667,6.21666666666667,2020-01-13
"20200114","NOIRMOUTIER EN",47.004667,-2.257167,12.0791666666667,10.5708333333333,90.5833333333333,10.1291666666667,2020-01-14
"20200115","NOIRMOUTIER EN",47.004667,-2.257167,11.1125,9.25,88.3333333333333,5.72916666666667,2020-01-15
"20200116","NOIRMOUTIER EN",47.004667,-2.257167,10.9833333333333,9.27916666666667,89.5416666666667,6.42083333333333,2020-01-16
"20200117","NOIRMOUTIER EN",47.004667,-2.257167,10.1791666666667,6.10833333333333,76.1666666666667,6.92083333333333,2020-01-17
"20200118","NOIRMOUTIER EN",47.004667,-2.257167,8.07083333333333,4.71666666666667,79.6666666666667,3.65,2020-01-18
"20200119","NOIRMOUTIER EN",47.004667,-2.257167,6.17083333333333,2.17916666666667,75.9166666666667,6.0375,2020-01-19
"20200120","NOIRMOUTIER EN",47.004667,-2.257167,5.37916666666667,1.14583333333333,74.7916666666667,6.35,2020-01-20
"20200121","NOIRMOUTIER EN",47.004667,-2.257167,3.975,0.775,79.9166666666667,5.77083333333333,2020-01-21
"20200122","NOIRMOUTIER EN",47.004667,-2.257167,4.4625,0.354166666666667,75.0833333333333,6.46666666666667,2020-01-22
"20200123","NOIRMOUTIER EN",47.004667,-2.257167,4.52083333333333,0.508333333333333,75.2083333333333,5.90416666666667,2020-01-23
"20200124","NOIRMOUTIER EN",47.004667,-2.257167,5.15,3.75833333333333,90.625,3.49583333333333,2020-01-24
"20200125","NOIRMOUTIER EN",47.004667,-2.257167,7.65833333333333,7.13333333333333,96.375,3.25,2020-01-25
"20200126","NOIRMOUTIER EN",47.004667,-2.257167,9.77916666666667,8.62083333333333,92.5833333333333,5.28333333333333,2020-01-26
"20200127","NOIRMOUTIER EN",47.004667,-2.257167,10.3458333333333,8.725,89.7916666666667,7.84166666666667,2020-01-27
"20200128","NOIRMOUTIER EN",47.004667,-2.257167,9.1625,6.00833333333333,80.8333333333333,9.6625,2020-01-28
"20200129","NOIRMOUTIER EN",47.004667,-2.257167,10.275,8.3375,88.0833333333333,4.54583333333333,2020-01-29
"20200130","NOIRMOUTIER EN",47.004667,-2.257167,11.7125,11.475,98.375,6.94583333333333,2020-01-30
"20200131","NOIRMOUTIER EN",47.004667,-2.257167,11.5625,11.4375,99.2083333333333,5.375,2020-01-31
"20200201","NOIRMOUTIER EN",47.004667,-2.257167,12.125,11.4791666666667,95.875,6.54583333333333,2020-02-01
"20200202","NOIRMOUTIER EN",47.004667,-2.257167,12.7916666666667,12.1041666666667,95.6666666666667,8.6,2020-02-02
"20200203","NOIRMOUTIER EN",47.004667,-2.257167,12.6083333333333,11.4708333333333,92.9166666666667,6.9,2020-02-03
"20200204","NOIRMOUTIER EN",47.004667,-2.257167,9.5,4.93333333333333,73.2916666666667,5.1875,2020-02-04
"20200205","NOIRMOUTIER EN",47.004667,-2.257167,8.8,4.4,74,2.33333333333333,2020-02-05
"20200206","NOIRMOUTIER EN",47.004667,-2.257167,7.1125,1.05,66.6666666666667,4.85,2020-02-06
"20200207","NOIRMOUTIER EN",47.004667,-2.257167,9.24583333333333,7.15,86.8333333333333,4.02083333333333,2020-02-07
"20200208","NOIRMOUTIER EN",47.004667,-2.257167,10.2625,8.55833333333333,89.4583333333333,3.675,2020-02-08
"20200209","NOIRMOUTIER EN",47.004667,-2.257167,11.9875,10.1708333333333,88.75,11.2333333333333,2020-02-09
"20200210","NOIRMOUTIER EN",47.004667,-2.257167,11.9625,8.7125,80.7083333333333,11.4708333333333,2020-02-10
"20200211","NOIRMOUTIER EN",47.004667,-2.257167,9.64583333333333,5.60416666666667,76.2083333333333,7.27916666666667,2020-02-11
"20200212","NOIRMOUTIER EN",47.004667,-2.257167,9.40416666666667,5.6,77.5,4.59583333333333,2020-02-12
"20200213","NOIRMOUTIER EN",47.004667,-2.257167,11.3416666666667,8.3875,82.4166666666667,10.7583333333333,2020-02-13
"20200214","NOIRMOUTIER EN",47.004667,-2.257167,11.2708333333333,8.93333333333333,85.8333333333333,4.92083333333333,2020-02-14
"20200215","NOIRMOUTIER EN",47.004667,-2.257167,12.3666666666667,10.2333333333333,86.9166666666667,7.9625,2020-02-15
"20200216","NOIRMOUTIER EN",47.004667,-2.257167,13.0458333333333,10.1666666666667,82.9583333333333,10.2166666666667,2020-02-16
"20200217","NOIRMOUTIER EN",47.004667,-2.257167,10.0583333333333,6.54166666666667,79.0416666666667,7.3125,2020-02-17
"20200218","NOIRMOUTIER EN",47.004667,-2.257167,9.95416666666667,6.65416666666667,80.25,6.30833333333333,2020-02-18
"20200219","NOIRMOUTIER EN",47.004667,-2.257167,10.6,8.675,87.9583333333333,5.375,2020-02-19
"20200220","NOIRMOUTIER EN",47.004667,-2.257167,10.4708333333333,7.51666666666667,82.125,6.125,2020-02-20
"20200221","NOIRMOUTIER EN",47.004667,-2.257167,7.475,3.85833333333333,79,2.4,2020-02-21
"20200222","NOIRMOUTIER EN",47.004667,-2.257167,10.9375,8.85833333333333,87.125,5.28333333333333,2020-02-22
"20200223","NOIRMOUTIER EN",47.004667,-2.257167,11.0666666666667,10.525,96.4166666666667,6.72083333333333,2020-02-23
"20200224","NOIRMOUTIER EN",47.004667,-2.257167,10.775,10.2583333333333,96.625,6.95833333333333,2020-02-24
"20200225","NOIRMOUTIER EN",47.004667,-2.257167,10.1958333333333,7.2875,82.6666666666667,8.6375,2020-02-25
"20200226","NOIRMOUTIER EN",47.004667,-2.257167,8.25,3.75,73.625,7.79583333333333,2020-02-26
"20200227","NOIRMOUTIER EN",47.004667,-2.257167,10.2333333333333,7.20833333333333,82.1666666666667,7.6125,2020-02-27
"20200228","NOIRMOUTIER EN",47.004667,-2.257167,10.4458333333333,9.04583333333333,91.2083333333333,6.02916666666667,2020-02-28
"20200229","NOIRMOUTIER EN",47.004667,-2.257167,10.5083333333333,6.97083333333333,79.0416666666667,10.7083333333333,2020-02-29
"20200301","NOIRMOUTIER EN",47.004667,-2.257167,9.23333333333333,6.9125,85.6666666666667,7.7,2020-03-01
"20200302","NOIRMOUTIER EN",47.004667,-2.257167,9.19166666666667,5.37083333333333,77.4583333333333,7.875,2020-03-02
"20200303","NOIRMOUTIER EN",47.004667,-2.257167,7.7875,5.12083333333333,83.4166666666667,3.7125,2020-03-03
"20200304","NOIRMOUTIER EN",47.004667,-2.257167,10.5666666666667,9.3625,92.375,5.29583333333333,2020-03-04
"20200305","NOIRMOUTIER EN",47.004667,-2.257167,10.9041666666667,8.29166666666667,84.5416666666667,10.7708333333333,2020-03-05
"20200306","NOIRMOUTIER EN",47.004667,-2.257167,8.79583333333333,4.70416666666667,76.0833333333333,7.04166666666667,2020-03-06
"20200307","NOIRMOUTIER EN",47.004667,-2.257167,10.2333333333333,8.10416666666667,86.7916666666667,4.24166666666667,2020-03-07
"20200308","NOIRMOUTIER EN",47.004667,-2.257167,10.8958333333333,8.575,85.875,8.0875,2020-03-08
"20200309","NOIRMOUTIER EN",47.004667,-2.257167,10.425,7.12083333333333,80.4583333333333,6.5875,2020-03-09
"20200310","NOIRMOUTIER EN",47.004667,-2.257167,11.8666666666667,11.2791666666667,96.0833333333333,8.27083333333333,2020-03-10
"20200311","NOIRMOUTIER EN",47.004667,-2.257167,12.6125,11.85,95.2083333333333,7.13333333333333,2020-03-11
"20200312","NOIRMOUTIER EN",47.004667,-2.257167,10.95,7.37083333333333,79.2916666666667,6.70416666666667,2020-03-12
"20200313","NOIRMOUTIER EN",47.004667,-2.257167,9.87083333333333,5.27083333333333,73.375,3.59166666666667,2020-03-13
"20200314","NOIRMOUTIER EN",47.004667,-2.257167,11.2875,8.025,80.5,5.6,2020-03-14
"20200315","NOIRMOUTIER EN",47.004667,-2.257167,11.1625,8.1375,81.7083333333333,4.95833333333333,2020-03-15
"20200316","NOIRMOUTIER EN",47.004667,-2.257167,10.5083333333333,6.60416666666667,77.375,4.17083333333333,2020-03-16
"20200317","NOIRMOUTIER EN",47.004667,-2.257167,10.9208333333333,8.0625,82.75,2.49583333333333,2020-03-17
"20200318","NOIRMOUTIER EN",47.004667,-2.257167,11.6333333333333,9.50416666666667,87.625,1.44166666666667,2020-03-18
"20200319","NOIRMOUTIER EN",47.004667,-2.257167,13.7083333333333,10.4375,81.5,2.00833333333333,2020-03-19
"20200320","NOIRMOUTIER EN",47.004667,-2.257167,14.9791666666667,8.45833333333333,66.875,2.90833333333333,2020-03-20
"20200321","NOIRMOUTIER EN",47.004667,-2.257167,11.3541666666667,8.2125,81.375,5.92916666666667,2020-03-21
"20200322","NOIRMOUTIER EN",47.004667,-2.257167,8.65,5.0125,77.9166666666667,4.875,2020-03-22
"20200323","NOIRMOUTIER EN",47.004667,-2.257167,10.5541666666667,7.80833333333333,83.8333333333333,3.04583333333333,2020-03-23
"20200324","NOIRMOUTIER EN",47.004667,-2.257167,11.4833333333333,4.07916666666667,62.4166666666667,3.74583333333333,2020-03-24
"20200325","NOIRMOUTIER EN",47.004667,-2.257167,9.94166666666667,0.1875,51.5416666666667,3.67083333333333,2020-03-25
"20200326","NOIRMOUTIER EN",47.004667,-2.257167,9.00833333333333,-1.7,47.9583333333333,5.08333333333333,2020-03-26
"20200327","NOIRMOUTIER EN",47.004667,-2.257167,9.2,0.783333333333333,56.8333333333333,3.45416666666667,2020-03-27
"20200328","NOIRMOUTIER EN",47.004667,-2.257167,10.1083333333333,5.4875,73.7083333333333,3.79583333333333,2020-03-28
"20200329","NOIRMOUTIER EN",47.004667,-2.257167,8.02083333333333,-0.529166666666667,55.8333333333333,8.98333333333333,2020-03-29
"20200330","NOIRMOUTIER EN",47.004667,-2.257167,6.14583333333333,-4.98333333333333,46.125,8.47916666666667,2020-03-30
"20200331","NOIRMOUTIER EN",47.004667,-2.257167,8.80416666666667,0.15,56.0416666666667,7.7,2020-03-31
"20200401","NOIRMOUTIER EN",47.004667,-2.257167,9.36666666666667,0.654166666666667,56.0833333333333,5.33333333333333,2020-04-01
"20200402","NOIRMOUTIER EN",47.004667,-2.257167,8.57916666666667,1.45416666666667,61.875,4.375,2020-04-02
"20200403","NOIRMOUTIER EN",47.004667,-2.257167,10.3083333333333,6.27916666666667,76.75,2.32083333333333,2020-04-03
"20200404","NOIRMOUTIER EN",47.004667,-2.257167,12.6583333333333,5.65833333333333,65,2.96666666666667,2020-04-04
"20200405","NOIRMOUTIER EN",47.004667,-2.257167,13.825,7.50833333333333,66.25,5.95833333333333,2020-04-05
"20200406","NOIRMOUTIER EN",47.004667,-2.257167,13.1958333333333,10.8166666666667,85.9583333333333,2.52083333333333,2020-04-06
"20200407","NOIRMOUTIER EN",47.004667,-2.257167,14.0958333333333,11.1916666666667,83.4583333333333,1.57916666666667,2020-04-07
"20200408","NOIRMOUTIER EN",47.004667,-2.257167,13.8125,9.89166666666667,79,1.29583333333333,2020-04-08
"20200409","NOIRMOUTIER EN",47.004667,-2.257167,16.0416666666667,10.9041666666667,73.25,1.775,2020-04-09
"20200410","NOIRMOUTIER EN",47.004667,-2.257167,16.2875,7.40833333333333,57.75,2.54166666666667,2020-04-10
"20200411","NOIRMOUTIER EN",47.004667,-2.257167,14.625,10.2208333333333,76.75,1.90833333333333,2020-04-11
"20200412","NOIRMOUTIER EN",47.004667,-2.257167,13.2416666666667,11.9083333333333,91.9166666666667,2.6375,2020-04-12
"20200413","NOIRMOUTIER EN",47.004667,-2.257167,15.5958333333333,11.45,77.5,4.50416666666667,2020-04-13
"20200414","NOIRMOUTIER EN",47.004667,-2.257167,12.0083333333333,2.1875,51.9583333333333,7.15,2020-04-14
"20200415","NOIRMOUTIER EN",47.004667,-2.257167,14.775,4.56666666666667,50.9583333333333,5.26666666666667,2020-04-15
"20200416","NOIRMOUTIER EN",47.004667,-2.257167,16.2833333333333,12.0208333333333,76.125,4.62916666666667,2020-04-16
"20200417","NOIRMOUTIER EN",47.004667,-2.257167,15.3166666666667,13.0166666666667,86.3333333333333,4.09583333333333,2020-04-17
"20200418","NOIRMOUTIER EN",47.004667,-2.257167,14.7,11.3833333333333,81.6666666666667,1.87083333333333,2020-04-18
"20200419","NOIRMOUTIER EN",47.004667,-2.257167,13.8458333333333,12.2083333333333,90.0833333333333,3.62083333333333,2020-04-19
"20200420","NOIRMOUTIER EN",47.004667,-2.257167,13.475,12.4791666666667,93.7916666666667,3.22916666666667,2020-04-20
"20200421","NOIRMOUTIER EN",47.004667,-2.257167,14.9708333333333,12.7791666666667,87.2916666666667,1.825,2020-04-21
"20200422","NOIRMOUTIER EN",47.004667,-2.257167,15.4541666666667,12.1208333333333,81.125,2.67083333333333,2020-04-22
"20200423","NOIRMOUTIER EN",47.004667,-2.257167,14.2625,12.2541666666667,88.0833333333333,2.73333333333333,2020-04-23
"20200424","NOIRMOUTIER EN",47.004667,-2.257167,14.4208333333333,11.4291666666667,82.5833333333333,1.84583333333333,2020-04-24
"20200425","NOIRMOUTIER EN",47.004667,-2.257167,14.7833333333333,12.4458333333333,86.125,3.2375,2020-04-25
"20200426","NOIRMOUTIER EN",47.004667,-2.257167,15.2833333333333,12.8291666666667,85.8333333333333,1.99583333333333,2020-04-26
"20200427","NOIRMOUTIER EN",47.004667,-2.257167,13.5708333333333,12.2916666666667,92.125,2.85833333333333,2020-04-27
"20200428","NOIRMOUTIER EN",47.004667,-2.257167,14.1083333333333,10.6083333333333,79.75,8.07916666666667,2020-04-28
"20200429","NOIRMOUTIER EN",47.004667,-2.257167,12.9666666666667,9.75416666666667,81.25,8.1875,2020-04-29
"20200430","NOIRMOUTIER EN",47.004667,-2.257167,12.6625,8.98333333333333,78.5,9.41666666666667,2020-04-30
"20200501","NOIRMOUTIER EN",47.004667,-2.257167,13.2625,10.35,82.625,6.33333333333333,2020-05-01
"20200502","NOIRMOUTIER EN",47.004667,-2.257167,14.1041666666667,13.7041666666667,97.5416666666667,4.71666666666667,2020-05-02
"20200503","NOIRMOUTIER EN",47.004667,-2.257167,14.4208333333333,13.8375,96.375,3.925,2020-05-03
"20200504","NOIRMOUTIER EN",47.004667,-2.257167,16.8791666666667,14.5,86.9166666666667,3.9,2020-05-04
"20200505","NOIRMOUTIER EN",47.004667,-2.257167,15.6458333333333,13.55,87.5833333333333,3.3125,2020-05-05
"20200506","NOIRMOUTIER EN",47.004667,-2.257167,15.5791666666667,13.0708333333333,85.875,2.46666666666667,2020-05-06
"20200507","NOIRMOUTIER EN",47.004667,-2.257167,18.425,12.2375,68.625,2.75833333333333,2020-05-07
"20200508","NOIRMOUTIER EN",47.004667,-2.257167,17.5416666666667,14.1333333333333,81,2.9875,2020-05-08
"20200509","NOIRMOUTIER EN",47.004667,-2.257167,17.3375,16.0375,92.25,1.85,2020-05-09
"20200510","NOIRMOUTIER EN",47.004667,-2.257167,16.4416666666667,15.25,92.7916666666667,3.22083333333333,2020-05-10
"20200511","NOIRMOUTIER EN",47.004667,-2.257167,11.3791666666667,6.53333333333333,73.4583333333333,8.07083333333333,2020-05-11
"20200512","NOIRMOUTIER EN",47.004667,-2.257167,11.3708333333333,3.03333333333333,57.4583333333333,5.80416666666667,2020-05-12
"20200513","NOIRMOUTIER EN",47.004667,-2.257167,12.7375,4.5625,58.7083333333333,6.50416666666667,2020-05-13
"20200514","NOIRMOUTIER EN",47.004667,-2.257167,12.0916666666667,3.72916666666667,57.875,7.1125,2020-05-14
"20200515","NOIRMOUTIER EN",47.004667,-2.257167,13.1083333333333,5.17083333333333,60.2916666666667,5.65833333333333,2020-05-15
"20200516","NOIRMOUTIER EN",47.004667,-2.257167,13.6708333333333,7.7625,68.3333333333333,4.0125,2020-05-16
"20200517","NOIRMOUTIER EN",47.004667,-2.257167,14.1291666666667,9.32083333333333,73.875,3.6,2020-05-17
"20200518","NOIRMOUTIER EN",47.004667,-2.257167,15.8208333333333,8.38333333333333,63.7083333333333,3.05833333333333,2020-05-18
"20200519","NOIRMOUTIER EN",47.004667,-2.257167,17.3416666666667,8.3875,57,3.03333333333333,2020-05-19
"20200520","NOIRMOUTIER EN",47.004667,-2.257167,19.0708333333333,10.8458333333333,60,2.80833333333333,2020-05-20
"20200521","NOIRMOUTIER EN",47.004667,-2.257167,19.9333333333333,12.9375,65.8333333333333,2.09583333333333,2020-05-21
"20200522","NOIRMOUTIER EN",47.004667,-2.257167,17.0291666666667,14.125,83.2916666666667,4.49166666666667,2020-05-22
"20200523","NOIRMOUTIER EN",47.004667,-2.257167,15.5166666666667,10.2958333333333,71.4166666666667,5.45416666666667,2020-05-23
"20200524","NOIRMOUTIER EN",47.004667,-2.257167,15.3625,9.37083333333333,68.5833333333333,3.1375,2020-05-24
"20200525","NOIRMOUTIER EN",47.004667,-2.257167,18.9652173913043,10.4086956521739,59.3478260869565,4.20434782608696,2020-05-25
"20200526","NOIRMOUTIER EN",47.004667,-2.257167,20.4666666666667,11.15,57.5416666666667,4.06666666666667,2020-05-26
"20200527","NOIRMOUTIER EN",47.004667,-2.257167,21.75,10.7041666666667,51.75,4.29166666666667,2020-05-27
"20200528","NOIRMOUTIER EN",47.004667,-2.257167,21.8083333333333,12.2125,55.9166666666667,4.31666666666667,2020-05-28
"20200529","NOIRMOUTIER EN",47.004667,-2.257167,21.5958333333333,7.6375,43.2083333333333,4.30833333333333,2020-05-29
"20200530","NOIRMOUTIER EN",47.004667,-2.257167,21.3458333333333,7.89583333333333,43.5416666666667,3.95833333333333,2020-05-30
"20200531","NOIRMOUTIER EN",47.004667,-2.257167,21.625,8.3375,44.0416666666667,4.81666666666667,2020-05-31
"20200601","NOIRMOUTIER EN",47.004667,-2.257167,21.4208333333333,9.05416666666667,47,4.0875,2020-06-01
"20200602","NOIRMOUTIER EN",47.004667,-2.257167,21.0125,12.8958333333333,61.0416666666667,3.45,2020-06-02
"20200603","NOIRMOUTIER EN",47.004667,-2.257167,17.7541666666667,12.45,71.5416666666667,3.7375,2020-06-03
"20200604","NOIRMOUTIER EN",47.004667,-2.257167,15.925,10.2083333333333,69.5416666666667,4.39166666666667,2020-06-04
"20200605","NOIRMOUTIER EN",47.004667,-2.257167,15.45,13.0791666666667,85.75,6.74583333333333,2020-06-05
"20200606","NOIRMOUTIER EN",47.004667,-2.257167,14.7833333333333,8.51666666666667,67.0416666666667,6.125,2020-06-06
"20200607","NOIRMOUTIER EN",47.004667,-2.257167,15.0708333333333,10.0416666666667,72.3333333333333,4.02916666666667,2020-06-07
"20200608","NOIRMOUTIER EN",47.004667,-2.257167,15.7208333333333,11.3708333333333,75.7083333333333,4.34166666666667,2020-06-08
"20200609","NOIRMOUTIER EN",47.004667,-2.257167,15.9833333333333,9.77916666666667,68.5,3.95416666666667,2020-06-09
"20200610","NOIRMOUTIER EN",47.004667,-2.257167,15.0958333333333,11.0833333333333,77.4583333333333,2.05833333333333,2020-06-10
"20200611","NOIRMOUTIER EN",47.004667,-2.257167,14.475,11.2791666666667,82.0833333333333,3.7875,2020-06-11
"20200612","NOIRMOUTIER EN",47.004667,-2.257167,14.775,11.4166666666667,81.2083333333333,4.0625,2020-06-12
"20200613","NOIRMOUTIER EN",47.004667,-2.257167,15.7,13.0125,84.4166666666667,4.8125,2020-06-13
"20200614","NOIRMOUTIER EN",47.004667,-2.257167,16.3666666666667,14.325,87.7916666666667,4.89166666666667,2020-06-14
"20200615","NOIRMOUTIER EN",47.004667,-2.257167,16.5583333333333,14.3625,87.125,4.87083333333333,2020-06-15
"20200616","NOIRMOUTIER EN",47.004667,-2.257167,16.4916666666667,13.65,83.875,4.28333333333333,2020-06-16
"20200617","NOIRMOUTIER EN",47.004667,-2.257167,16.4875,13.3833333333333,82.2916666666667,3.57083333333333,2020-06-17
"20200618","NOIRMOUTIER EN",47.004667,-2.257167,16.775,12.6,76.75,6.04583333333333,2020-06-18
"20200619","NOIRMOUTIER EN",47.004667,-2.257167,17.0416666666667,12.2458333333333,73.9166666666667,4.1125,2020-06-19
"20200620","NOIRMOUTIER EN",47.004667,-2.257167,17.5583333333333,13.8333333333333,78.875,4.32083333333333,2020-06-20
"20200621","NOIRMOUTIER EN",47.004667,-2.257167,17.7375,14.7,82.9166666666667,6.11666666666667,2020-06-21
"20200622","NOIRMOUTIER EN",47.004667,-2.257167,17.8666666666667,11.8083333333333,69.0833333333333,2.64583333333333,2020-06-22
"20200623","NOIRMOUTIER EN",47.004667,-2.257167,22.3333333333333,13.525,59.875,3.07916666666667,2020-06-23
"20200624","NOIRMOUTIER EN",47.004667,-2.257167,24.025,16.5125,64.0833333333333,2.48333333333333,2020-06-24
"20200625","NOIRMOUTIER EN",47.004667,-2.257167,22.1458333333333,17.85,78.0416666666667,2.67916666666667,2020-06-25
"20200626","NOIRMOUTIER EN",47.004667,-2.257167,18.4833333333333,15.475,82.9166666666667,4.25416666666667,2020-06-26
"20200627","NOIRMOUTIER EN",47.004667,-2.257167,18.3416666666667,15.0666666666667,81.6666666666667,7.74166666666667,2020-06-27
"20200628","NOIRMOUTIER EN",47.004667,-2.257167,16.8041666666667,14.3333333333333,85.4583333333333,4.725,2020-06-28
"20200629","NOIRMOUTIER EN",47.004667,-2.257167,17.1666666666667,10.8458333333333,66.75,5.1125,2020-06-29
"20200630","NOIRMOUTIER EN",47.004667,-2.257167,18.2708333333333,16.1166666666667,87.5416666666667,5.58333333333333,2020-06-30
"20200701","NOIRMOUTIER EN",47.004667,-2.257167,18.5583333333333,15.8458333333333,84.6666666666667,5.99166666666667,2020-07-01
"20200702","NOIRMOUTIER EN",47.004667,-2.257167,17.4416666666667,12.8416666666667,74.625,5,2020-07-02
"20200703","NOIRMOUTIER EN",47.004667,-2.257167,17.6041666666667,12.3416666666667,71.625,4.3125,2020-07-03
"20200704","NOIRMOUTIER EN",47.004667,-2.257167,18.2208333333333,15.5625,84.7916666666667,7.13333333333333,2020-07-04
"20200705","NOIRMOUTIER EN",47.004667,-2.257167,18.2791666666667,16.125,87.6666666666667,6.0625,2020-07-05
"20200706","NOIRMOUTIER EN",47.004667,-2.257167,17.0875,11.0375,67.7916666666667,5.04166666666667,2020-07-06
"20200707","NOIRMOUTIER EN",47.004667,-2.257167,16.9166666666667,11.6708333333333,71.9166666666667,3.4,2020-07-07
"20200708","NOIRMOUTIER EN",47.004667,-2.257167,19.2708333333333,13.7041666666667,71.5,2.92083333333333,2020-07-08
"20200709","NOIRMOUTIER EN",47.004667,-2.257167,18.15,16.6083333333333,91,3.87916666666667,2020-07-09
"20200710","NOIRMOUTIER EN",47.004667,-2.257167,18.7041666666667,13.2458333333333,71.4583333333333,4.68333333333333,2020-07-10
"20200711","NOIRMOUTIER EN",47.004667,-2.257167,19.1291666666667,9.30833333333333,55.6666666666667,4.14583333333333,2020-07-11
"20200712","NOIRMOUTIER EN",47.004667,-2.257167,20.3666666666667,9.3125,50.625,4.32916666666667,2020-07-12
"20200713","NOIRMOUTIER EN",47.004667,-2.257167,19.4291666666667,12.55,65.4166666666667,3.6875,2020-07-13
"20200714","NOIRMOUTIER EN",47.004667,-2.257167,18.8416666666667,13.525,71.375,4.07916666666667,2020-07-14
"20200715","NOIRMOUTIER EN",47.004667,-2.257167,17.7583333333333,13.0958333333333,74.3333333333333,5.225,2020-07-15
"20200716","NOIRMOUTIER EN",47.004667,-2.257167,18.2625,14.675,80.0833333333333,3.34583333333333,2020-07-16
"20200717","NOIRMOUTIER EN",47.004667,-2.257167,18.8625,15.2458333333333,80.3333333333333,3.8125,2020-07-17
"20200718","NOIRMOUTIER EN",47.004667,-2.257167,19.5083333333333,15.6,79.7083333333333,2.79166666666667,2020-07-18
"20200719","NOIRMOUTIER EN",47.004667,-2.257167,20.8041666666667,14.9583333333333,71.4166666666667,3.1375,2020-07-19
"20200720","NOIRMOUTIER EN",47.004667,-2.257167,21.2625,14.2166666666667,66.2083333333333,4.34583333333333,2020-07-20
"20200721","NOIRMOUTIER EN",47.004667,-2.257167,21.8208333333333,10.9125,51.5416666666667,5.10833333333333,2020-07-21
"20200722","NOIRMOUTIER EN",47.004667,-2.257167,21.1666666666667,10.8041666666667,53.375,4.01666666666667,2020-07-22
"20200723","NOIRMOUTIER EN",47.004667,-2.257167,20.3916666666667,12.1875,60.7916666666667,3.05416666666667,2020-07-23
"20200724","NOIRMOUTIER EN",47.004667,-2.257167,18.525,14.7041666666667,78.875,3.35,2020-07-24
"20200725","NOIRMOUTIER EN",47.004667,-2.257167,19.2291666666667,17.0916666666667,87.75,4.6,2020-07-25
"20200726","NOIRMOUTIER EN",47.004667,-2.257167,18.5833333333333,15.0666666666667,81,2.82916666666667,2020-07-26
"20200727","NOIRMOUTIER EN",47.004667,-2.257167,19.4,17.0458333333333,86.7916666666667,4.67083333333333,2020-07-27
"20200728","NOIRMOUTIER EN",47.004667,-2.257167,18.1791666666667,12.6583333333333,70.875,4.8625,2020-07-28
"20200729","NOIRMOUTIER EN",47.004667,-2.257167,18.9666666666667,12.6916666666667,68.0833333333333,3.62916666666667,2020-07-29
"20200730","NOIRMOUTIER EN",47.004667,-2.257167,25.2416666666667,12.7083333333333,49.125,3.09583333333333,2020-07-30
"20200731","NOIRMOUTIER EN",47.004667,-2.257167,21.175,18.0416666666667,83.1666666666667,4.25416666666667,2020-07-31
"20200801","NOIRMOUTIER EN",47.004667,-2.257167,19.8708333333333,16.9083333333333,83.625,4.69583333333333,2020-08-01
"20200802","NOIRMOUTIER EN",47.004667,-2.257167,18.6458333333333,13.1583333333333,71.4583333333333,3.88333333333333,2020-08-02
"20200803","NOIRMOUTIER EN",47.004667,-2.257167,18.325,13.9708333333333,76.2916666666667,4.08333333333333,2020-08-03
"20200804","NOIRMOUTIER EN",47.004667,-2.257167,18.125,11.8125,68.9583333333333,2.32916666666667,2020-08-04
"20200805","NOIRMOUTIER EN",47.004667,-2.257167,19.6375,16.0458333333333,81.3333333333333,2.27083333333333,2020-08-05
"20200806","NOIRMOUTIER EN",47.004667,-2.257167,22.775,13.9041666666667,63.125,2.25,2020-08-06
"20200807","NOIRMOUTIER EN",47.004667,-2.257167,26.2166666666667,13.8291666666667,49.5416666666667,2.4,2020-08-07
"20200808","NOIRMOUTIER EN",47.004667,-2.257167,23.0333333333333,18.1875,75.2916666666667,2.47916666666667,2020-08-08
"20200809","NOIRMOUTIER EN",47.004667,-2.257167,22.6333333333333,17.3916666666667,73.125,2.60833333333333,2020-08-09
"20200810","NOIRMOUTIER EN",47.004667,-2.257167,23.9041666666667,18.5291666666667,73.1666666666667,2.7375,2020-08-10
"20200811","NOIRMOUTIER EN",47.004667,-2.257167,23.4375,19.7208333333333,80.875,2.275,2020-08-11
"20200812","NOIRMOUTIER EN",47.004667,-2.257167,21.2416666666667,19.15,88.2083333333333,1.73333333333333,2020-08-12
"20200813","NOIRMOUTIER EN",47.004667,-2.257167,20.3166666666667,18.5916666666667,90,3.77083333333333,2020-08-13
"20200814","NOIRMOUTIER EN",47.004667,-2.257167,20.5416666666667,16.9291666666667,80.25,4.44583333333333,2020-08-14
"20200815","NOIRMOUTIER EN",47.004667,-2.257167,19.9708333333333,16.275,80.375,3.07916666666667,2020-08-15
"20200816","NOIRMOUTIER EN",47.004667,-2.257167,18.725,16.2,85.75,3.54583333333333,2020-08-16
"20200817","NOIRMOUTIER EN",47.004667,-2.257167,19.6125,16.3541666666667,82.0833333333333,3.75833333333333,2020-08-17
"20200818","NOIRMOUTIER EN",47.004667,-2.257167,20.3916666666667,18.2625,88.0833333333333,3.4,2020-08-18
"20200819","NOIRMOUTIER EN",47.004667,-2.257167,21.3458333333333,19.775,90.9166666666667,5.42916666666667,2020-08-19
"20200820","NOIRMOUTIER EN",47.004667,-2.257167,21.2625,18,82.25,3.00833333333333,2020-08-20
"20200821","NOIRMOUTIER EN",47.004667,-2.257167,21.3125,16.3666666666667,73.7916666666667,7.02083333333333,2020-08-21
"20200822","NOIRMOUTIER EN",47.004667,-2.257167,20.1875,16.3541666666667,78.9166666666667,6.42083333333333,2020-08-22
"20200823","NOIRMOUTIER EN",47.004667,-2.257167,18.9583333333333,14.9458333333333,77.8333333333333,3.57083333333333,2020-08-23
"20200824","NOIRMOUTIER EN",47.004667,-2.257167,18.6708333333333,13.3208333333333,71.5,2.0375,2020-08-24
"20200825","NOIRMOUTIER EN",47.004667,-2.257167,20.3916666666667,17.025,81.0416666666667,6.45,2020-08-25
"20200826","NOIRMOUTIER EN",47.004667,-2.257167,19.1666666666667,14.5208333333333,75.0416666666667,3.48333333333333,2020-08-26
"20200827","NOIRMOUTIER EN",47.004667,-2.257167,19.2416666666667,16.7458333333333,85.6666666666667,5.025,2020-08-27
"20200828","NOIRMOUTIER EN",47.004667,-2.257167,18.4375,13.5875,73.6666666666667,7.57916666666667,2020-08-28
"20200829","NOIRMOUTIER EN",47.004667,-2.257167,16.2708333333333,10.9791666666667,71.375,4.52083333333333,2020-08-29
"20200830","NOIRMOUTIER EN",47.004667,-2.257167,16.5125,11.6333333333333,73.0833333333333,3.62916666666667,2020-08-30
"20200831","NOIRMOUTIER EN",47.004667,-2.257167,17.2541666666667,11.925,72.125,2.6375,2020-08-31
"20200901","NOIRMOUTIER EN",47.004667,-2.257167,18.8083333333333,11.4375,63.25,2.95,2020-09-01
"20200902","NOIRMOUTIER EN",47.004667,-2.257167,17.8833333333333,12.625,73.0833333333333,2.35416666666667,2020-09-02
"20200903","NOIRMOUTIER EN",47.004667,-2.257167,18.4666666666667,15.0416666666667,82.1666666666667,2.3375,2020-09-03
"20200904","NOIRMOUTIER EN",47.004667,-2.257167,18.25,15.4875,86.2916666666667,2.14583333333333,2020-09-04
"20200905","NOIRMOUTIER EN",47.004667,-2.257167,17.7,12.4833333333333,72,4.17916666666667,2020-09-05
"20200906","NOIRMOUTIER EN",47.004667,-2.257167,16.3166666666667,11.4375,73.375,3.475,2020-09-06
"20200907","NOIRMOUTIER EN",47.004667,-2.257167,16.8166666666667,12.8416666666667,78.4583333333333,2.70833333333333,2020-09-07
"20200908","NOIRMOUTIER EN",47.004667,-2.257167,19.0875,14.0125,73.4166666666667,2.8875,2020-09-08
"20200909","NOIRMOUTIER EN",47.004667,-2.257167,20.9125,14.9916666666667,69.4583333333333,3.275,2020-09-09
"20200910","NOIRMOUTIER EN",47.004667,-2.257167,18.9041666666667,15.8291666666667,82.8333333333333,3.3375,2020-09-10
"20200911","NOIRMOUTIER EN",47.004667,-2.257167,17.6708333333333,14.2458333333333,80.875,2.69166666666667,2020-09-11
"20200912","NOIRMOUTIER EN",47.004667,-2.257167,17.5291666666667,12.9083333333333,75.25,3.37083333333333,2020-09-12
"20200913","NOIRMOUTIER EN",47.004667,-2.257167,21.3916666666667,12.7458333333333,60.0416666666667,2.4125,2020-09-13
"20200914","NOIRMOUTIER EN",47.004667,-2.257167,22.2958333333333,15.2708333333333,65.875,3.74583333333333,2020-09-14
"20200915","NOIRMOUTIER EN",47.004667,-2.257167,19.5541666666667,18.3625,93.0416666666667,1.86666666666667,2020-09-15
"20200916","NOIRMOUTIER EN",47.004667,-2.257167,21.3833333333333,16.55,75.7916666666667,2.5625,2020-09-16
"20200917","NOIRMOUTIER EN",47.004667,-2.257167,23.5666666666667,15.3833333333333,63.4166666666667,4.89583333333333,2020-09-17
"20200918","NOIRMOUTIER EN",47.004667,-2.257167,21.5333333333333,13.6625,61.4583333333333,3.9625,2020-09-18
"20200919","NOIRMOUTIER EN",47.004667,-2.257167,19.45,17.9083333333333,90.9583333333333,1.75416666666667,2020-09-19
"20200920","NOIRMOUTIER EN",47.004667,-2.257167,18.9875,17.2958333333333,90.4583333333333,2.04583333333333,2020-09-20
"20200921","NOIRMOUTIER EN",47.004667,-2.257167,18.9041666666667,17.0791666666667,89.4166666666667,2.5,2020-09-21
"20200922","NOIRMOUTIER EN",47.004667,-2.257167,18.825,16.1666666666667,85,2.75833333333333,2020-09-22
"20200923","NOIRMOUTIER EN",47.004667,-2.257167,17.9166666666667,15.0541666666667,83.6666666666667,4.81666666666667,2020-09-23
"20200924","NOIRMOUTIER EN",47.004667,-2.257167,15.2541666666667,10.1875,72.25,8.69166666666667,2020-09-24
"20200925","NOIRMOUTIER EN",47.004667,-2.257167,14.3458333333333,7.225,62.5833333333333,8.85833333333333,2020-09-25
"20200926","NOIRMOUTIER EN",47.004667,-2.257167,13.5375,5.82916666666667,59.9583333333333,5.06666666666667,2020-09-26
"20200927","NOIRMOUTIER EN",47.004667,-2.257167,14.2583333333333,7.94166666666667,66.125,6,2020-09-27
"20200928","NOIRMOUTIER EN",47.004667,-2.257167,14.5458333333333,11.6166666666667,82.875,3.46666666666667,2020-09-28
"20200929","NOIRMOUTIER EN",47.004667,-2.257167,16.4125,14.9791666666667,91.375,2.91666666666667,2020-09-29
"20200930","NOIRMOUTIER EN",47.004667,-2.257167,16.7875,14.5208333333333,86.9166666666667,5.29583333333333,2020-09-30
"20201001","NOIRMOUTIER EN",47.004667,-2.257167,14.5583333333333,11.7041666666667,83.4583333333333,6.54166666666667,2020-10-01
"20201002","NOIRMOUTIER EN",47.004667,-2.257167,13.0833333333333,9.625,80.2083333333333,7.10833333333333,2020-10-02
"20201003","NOIRMOUTIER EN",47.004667,-2.257167,12.6916666666667,9.80416666666667,83.0416666666667,10.9416666666667,2020-10-03
"20201004","NOIRMOUTIER EN",47.004667,-2.257167,13.5833333333333,10.1375,79.9583333333333,7.725,2020-10-04
"20201005","NOIRMOUTIER EN",47.004667,-2.257167,14.6291666666667,11.375,81.1666666666667,8.9,2020-10-05
"20201006","NOIRMOUTIER EN",47.004667,-2.257167,15.1666666666667,12.2583333333333,83,7.9625,2020-10-06
"20201007","NOIRMOUTIER EN",47.004667,-2.257167,15.6125,12.8916666666667,84.0416666666667,5.62083333333333,2020-10-07
"20201008","NOIRMOUTIER EN",47.004667,-2.257167,16.575,14.3208333333333,86.75,5.375,2020-10-08
"20201009","NOIRMOUTIER EN",47.004667,-2.257167,14.9958333333333,12.8,87.1666666666667,4.24583333333333,2020-10-09
"20201010","NOIRMOUTIER EN",47.004667,-2.257167,13.3875,8.4625,72.5,4.325,2020-10-10
"20201011","NOIRMOUTIER EN",47.004667,-2.257167,13.0333333333333,9.29166666666667,78.0833333333333,4.36666666666667,2020-10-11
"20201012","NOIRMOUTIER EN",47.004667,-2.257167,12.1666666666667,9.87916666666667,86.4583333333333,3.65833333333333,2020-10-12
"20201013","NOIRMOUTIER EN",47.004667,-2.257167,12.5875,8.81666666666667,78.0416666666667,5.62916666666667,2020-10-13
"20201014","NOIRMOUTIER EN",47.004667,-2.257167,10.8541666666667,7.25,79.375,3.675,2020-10-14
"20201015","NOIRMOUTIER EN",47.004667,-2.257167,11.8666666666667,6.71666666666667,71.6666666666667,4.02083333333333,2020-10-15
"20201016","NOIRMOUTIER EN",47.004667,-2.257167,10.8083333333333,6.0875,73.75,2.34166666666667,2020-10-16
"20201017","NOIRMOUTIER EN",47.004667,-2.257167,11.4666666666667,7.10416666666667,74.7916666666667,2.25,2020-10-17
"20201018","NOIRMOUTIER EN",47.004667,-2.257167,11.7916666666667,7.0375,73.4166666666667,2.11666666666667,2020-10-18
"20201019","NOIRMOUTIER EN",47.004667,-2.257167,13.8041666666667,8.77916666666667,72.6666666666667,4.4625,2020-10-19
"20201020","NOIRMOUTIER EN",47.004667,-2.257167,16.5208333333333,14.5208333333333,88.125,6.37083333333333,2020-10-20
"20201021","NOIRMOUTIER EN",47.004667,-2.257167,15.7708333333333,14.1958333333333,90.5416666666667,5.925,2020-10-21
"20201022","NOIRMOUTIER EN",47.004667,-2.257167,15.2,12.9083333333333,87.25,1.40416666666667,2020-10-22
"20201023","NOIRMOUTIER EN",47.004667,-2.257167,14.1708333333333,12.2458333333333,88.5416666666667,4.42916666666667,2020-10-23
"20201024","NOIRMOUTIER EN",47.004667,-2.257167,15.8458333333333,13.7208333333333,87.4166666666667,10.35,2020-10-24
"20201025","NOIRMOUTIER EN",47.004667,-2.257167,13.3041666666667,9.44166666666667,77.75,7.15,2020-10-25
"20201026","NOIRMOUTIER EN",47.004667,-2.257167,12.5666666666667,8.55833333333333,76.7916666666667,7.14583333333333,2020-10-26
"20201027","NOIRMOUTIER EN",47.004667,-2.257167,14,12.3666666666667,90.0833333333333,7.57916666666667,2020-10-27
"20201028","NOIRMOUTIER EN",47.004667,-2.257167,14.4541666666667,10.7041666666667,78.25,8.94166666666667,2020-10-28
"20201029","NOIRMOUTIER EN",47.004667,-2.257167,15.5208333333333,13.3125,86.875,6.17083333333333,2020-10-29
"20201030","NOIRMOUTIER EN",47.004667,-2.257167,15.1958333333333,12.8083333333333,86.0416666666667,4.3625,2020-10-30
"20201031","NOIRMOUTIER EN",47.004667,-2.257167,14.5625,13.2291666666667,91.875,5.2,2020-10-31
"20201101","NOIRMOUTIER EN",47.004667,-2.257167,16.825,16.0541666666667,95.2083333333333,8.8375,2020-11-01
"20201102","NOIRMOUTIER EN",47.004667,-2.257167,15.3708333333333,12.3583333333333,82.8333333333333,7.91666666666667,2020-11-02
"20201103","NOIRMOUTIER EN",47.004667,-2.257167,11.8,6.5,70.1666666666667,5.44166666666667,2020-11-03
"20201104","NOIRMOUTIER EN",47.004667,-2.257167,9.5375,5.04166666666667,74.2083333333333,3.81666666666667,2020-11-04
"20201105","NOIRMOUTIER EN",47.004667,-2.257167,9.38333333333333,4.72083333333333,73.5833333333333,6.35833333333333,2020-11-05
"20201106","NOIRMOUTIER EN",47.004667,-2.257167,11.7166666666667,8.94583333333333,83.2916666666667,4.54166666666667,2020-11-06
"20201107","NOIRMOUTIER EN",47.004667,-2.257167,15.0625,12.1625,83.125,2.95416666666667,2020-11-07
"20201108","NOIRMOUTIER EN",47.004667,-2.257167,14.9625,13.025,89,3.1125,2020-11-08
"20201109","NOIRMOUTIER EN",47.004667,-2.257167,14.9666666666667,13.225,89.5,3.30416666666667,2020-11-09
"20201110","NOIRMOUTIER EN",47.004667,-2.257167,12.775,11.725,93.7083333333333,1.38333333333333,2020-11-10
"20201111","NOIRMOUTIER EN",47.004667,-2.257167,13.2041666666667,12.225,93.7083333333333,4.92083333333333,2020-11-11
"20201112","NOIRMOUTIER EN",47.004667,-2.257167,13.4041666666667,10.6083333333333,83.6666666666667,3.20416666666667,2020-11-12
"20201113","NOIRMOUTIER EN",47.004667,-2.257167,15.225,14.0291666666667,92.5416666666667,4.17083333333333,2020-11-13
"20201114","NOIRMOUTIER EN",47.004667,-2.257167,14.7208333333333,13.375,91.7916666666667,5.79583333333333,2020-11-14
"20201115","NOIRMOUTIER EN",47.004667,-2.257167,14.4125,11.1,80.9583333333333,9.62916666666667,2020-11-15
"20201116","NOIRMOUTIER EN",47.004667,-2.257167,13.4416666666667,9.75833333333333,78.625,5.48333333333333,2020-11-16
"20201117","NOIRMOUTIER EN",47.004667,-2.257167,13.0583333333333,10.9583333333333,87.25,3.1375,2020-11-17
"20201118","NOIRMOUTIER EN",47.004667,-2.257167,13.4041666666667,12.0125,91.375,4.45416666666667,2020-11-18
"20201119","NOIRMOUTIER EN",47.004667,-2.257167,11.7583333333333,5.74166666666667,66.75,4.66666666666667,2020-11-19
"20201120","NOIRMOUTIER EN",47.004667,-2.257167,8.87083333333333,4.43333333333333,74.5416666666667,1.41666666666667,2020-11-20
"20201121","NOIRMOUTIER EN",47.004667,-2.257167,8.3875,4.9125,79.2083333333333,1.88333333333333,2020-11-21
"20201122","NOIRMOUTIER EN",47.004667,-2.257167,7.9375,4.2125,78.7083333333333,1.69166666666667,2020-11-22
"20201123","NOIRMOUTIER EN",47.004667,-2.257167,8.1,6.02916666666667,87.5416666666667,1.47916666666667,2020-11-23
"20201124","NOIRMOUTIER EN",47.004667,-2.257167,9.00416666666667,6.72916666666667,85.875,3.3,2020-11-24
"20201125","NOIRMOUTIER EN",47.004667,-2.257167,11.7625,10.2583333333333,90.75,3.475,2020-11-25
"20201126","NOIRMOUTIER EN",47.004667,-2.257167,10.6708333333333,8.57083333333333,87.0833333333333,2.6625,2020-11-26
"20201127","NOIRMOUTIER EN",47.004667,-2.257167,10.2708333333333,9.29166666666667,93.7083333333333,2.60416666666667,2020-11-27
"20201128","NOIRMOUTIER EN",47.004667,-2.257167,11.4333333333333,8.77083333333333,83.9583333333333,3.8625,2020-11-28
"20201129","NOIRMOUTIER EN",47.004667,-2.257167,9.275,5.04166666666667,75.3333333333333,4.64166666666667,2020-11-29
"20201130","NOIRMOUTIER EN",47.004667,-2.257167,4.99166666666667,2.51666666666667,84.5416666666667,3.125,2020-11-30
"20201201","NOIRMOUTIER EN",47.004667,-2.257167,10.0416666666667,6.52916666666667,79.0833333333333,3.90416666666667,2020-12-01
"20201202","NOIRMOUTIER EN",47.004667,-2.257167,8.62916666666667,5.22916666666667,79.4583333333333,2.5375,2020-12-02
"20201203","NOIRMOUTIER EN",47.004667,-2.257167,9.49166666666667,6.94583333333333,84.3333333333333,7.36666666666667,2020-12-03
"20201204","NOIRMOUTIER EN",47.004667,-2.257167,6.9875,2.40833333333333,73,4.99583333333333,2020-12-04
"20201205","NOIRMOUTIER EN",47.004667,-2.257167,8.71666666666667,4.5125,75.1666666666667,6.40416666666667,2020-12-05
"20201206","NOIRMOUTIER EN",47.004667,-2.257167,7.97916666666667,3.14583333333333,71.7916666666667,6.25833333333333,2020-12-06
"20201207","NOIRMOUTIER EN",47.004667,-2.257167,5.25,3.63333333333333,89.4166666666667,4.575,2020-12-07
"20201208","NOIRMOUTIER EN",47.004667,-2.257167,7.04583333333333,3.35833333333333,77.625,3.7,2020-12-08
"20201209","NOIRMOUTIER EN",47.004667,-2.257167,8.6625,5.6875,81.875,3.3625,2020-12-09
"20201210","NOIRMOUTIER EN",47.004667,-2.257167,11.075,8.79166666666667,86.0416666666667,6.02916666666667,2020-12-10
"20201211","NOIRMOUTIER EN",47.004667,-2.257167,11.8166666666667,10.0833333333333,89.2916666666667,7.375,2020-12-11
"20201212","NOIRMOUTIER EN",47.004667,-2.257167,10.1125,5.64166666666667,74.0833333333333,6.475,2020-12-12
"20201213","NOIRMOUTIER EN",47.004667,-2.257167,11.775,11.1541666666667,96.1666666666667,6.24166666666667,2020-12-13
"20201214","NOIRMOUTIER EN",47.004667,-2.257167,12.1208333333333,10.925,92.375,5.3625,2020-12-14
"20201215","NOIRMOUTIER EN",47.004667,-2.257167,10.6541666666667,8.38333333333333,86,3.9625,2020-12-15
"20201216","NOIRMOUTIER EN",47.004667,-2.257167,11.2166666666667,9.47916666666667,89.0833333333333,6.1125,2020-12-16
"20201217","NOIRMOUTIER EN",47.004667,-2.257167,11.4125,9.49166666666667,88.1666666666667,4.17083333333333,2020-12-17
"20201218","NOIRMOUTIER EN",47.004667,-2.257167,11.2291666666667,10.1666666666667,93.2083333333333,6.87916666666667,2020-12-18
"20201219","NOIRMOUTIER EN",47.004667,-2.257167,11.9083333333333,9.72916666666667,86.6666666666667,5.70416666666667,2020-12-19
"20201220","NOIRMOUTIER EN",47.004667,-2.257167,11.3583333333333,8.7,83.9166666666667,4.63333333333333,2020-12-20
"20201221","NOIRMOUTIER EN",47.004667,-2.257167,12.9375,12.4,96.5,7.95416666666667,2020-12-21
"20201222","NOIRMOUTIER EN",47.004667,-2.257167,13.6625,12.9666666666667,95.625,6.47083333333333,2020-12-22
"20201223","NOIRMOUTIER EN",47.004667,-2.257167,12.1916666666667,9.37916666666667,83.2083333333333,10.7125,2020-12-23
"20201224","NOIRMOUTIER EN",47.004667,-2.257167,8.62916666666667,5.02916666666667,78.5416666666667,6.85,2020-12-24
"20201225","NOIRMOUTIER EN",47.004667,-2.257167,6.1,1.1875,71.0833333333333,4.2,2020-12-25
"20201226","NOIRMOUTIER EN",47.004667,-2.257167,7.44166666666667,4.20416666666667,80.5416666666667,4.13333333333333,2020-12-26
"20201227","NOIRMOUTIER EN",47.004667,-2.257167,9.2625,7.0375,86.2916666666667,10.875,2020-12-27
"20201228","NOIRMOUTIER EN",47.004667,-2.257167,8.49583333333333,4.11666666666667,74.0833333333333,10.6083333333333,2020-12-28
"20201229","NOIRMOUTIER EN",47.004667,-2.257167,7.81666666666667,3.8,75.875,6.0625,2020-12-29
"20201230","NOIRMOUTIER EN",47.004667,-2.257167,7.98333333333333,5.03333333333333,82.0833333333333,4.32083333333333,2020-12-30
"20201231","NOIRMOUTIER EN",47.004667,-2.257167,6.62083333333333,3.8125,82.5416666666667,3.20833333333333,2020-12-31
"20210101","NOIRMOUTIER EN",47.004667,-2.257167,3.4875,1.16666666666667,85,3.72083333333333,2021-01-01
"20210102","NOIRMOUTIER EN",47.004667,-2.257167,3.47916666666667,0.75,82.7083333333333,1.74583333333333,2021-01-02
"20210103","NOIRMOUTIER EN",47.004667,-2.257167,3.3625,2.05416666666667,91.1666666666667,3.56666666666667,2021-01-03
"20210104","NOIRMOUTIER EN",47.004667,-2.257167,2.94583333333333,1.14583333333333,88,4.10416666666667,2021-01-04
"20210105","NOIRMOUTIER EN",47.004667,-2.257167,4.0625,1.10416666666667,81.0833333333333,3.55416666666667,2021-01-05
"20210106","NOIRMOUTIER EN",47.004667,-2.257167,3.55833333333333,1.10416666666667,83.9583333333333,1.97916666666667,2021-01-06
"20210107","NOIRMOUTIER EN",47.004667,-2.257167,2.25,0.0791666666666667,85.9583333333333,1.80833333333333,2021-01-07
"20210108","NOIRMOUTIER EN",47.004667,-2.257167,1.63333333333333,-0.270833333333333,87.5416666666667,2.59583333333333,2021-01-08
"20210109","NOIRMOUTIER EN",47.004667,-2.257167,1.45,-1.225,82.9583333333333,5.875,2021-01-09
"20210110","NOIRMOUTIER EN",47.004667,-2.257167,3.32916666666667,-0.5125,76.1666666666667,5.24166666666667,2021-01-10
"20210111","NOIRMOUTIER EN",47.004667,-2.257167,4.37083333333333,2.25,86.7916666666667,2.07083333333333,2021-01-11
"20210112","NOIRMOUTIER EN",47.004667,-2.257167,9.66666666666667,7.9375,89.25,7.01666666666667,2021-01-12
"20210113","NOIRMOUTIER EN",47.004667,-2.257167,9.49166666666667,8.175,91.5416666666667,5.37916666666667,2021-01-13
"20210114","NOIRMOUTIER EN",47.004667,-2.257167,9.9,8.32083333333333,89.9583333333333,6.55,2021-01-14
"20210115","NOIRMOUTIER EN",47.004667,-2.257167,7.65416666666667,3.875,77.0416666666667,3.3875,2021-01-15
"20210116","NOIRMOUTIER EN",47.004667,-2.257167,7.8375,6.73333333333333,92.875,5.20833333333333,2021-01-16
"20210117","NOIRMOUTIER EN",47.004667,-2.257167,7.75416666666667,4.6125,81.2083333333333,2.92916666666667,2021-01-17
"20210118","NOIRMOUTIER EN",47.004667,-2.257167,7.40833333333333,5.00833333333333,85.75,3.25,2021-01-18
"20210119","NOIRMOUTIER EN",47.004667,-2.257167,9.69166666666667,7.8625,88.7916666666667,5.37916666666667,2021-01-19
"20210120","NOIRMOUTIER EN",47.004667,-2.257167,10.5583333333333,9.17083333333333,91.2083333333333,8.01666666666667,2021-01-20
"20210121","NOIRMOUTIER EN",47.004667,-2.257167,9.66666666666667,7.64166666666667,87.5,7.92916666666667,2021-01-21
"20210122","NOIRMOUTIER EN",47.004667,-2.257167,7.64583333333333,5.09583333333333,84.25,4.225,2021-01-22
"20210123","NOIRMOUTIER EN",47.004667,-2.257167,7.02916666666667,4,81.4583333333333,6.07916666666667,2021-01-23
"20210124","NOIRMOUTIER EN",47.004667,-2.257167,6.87916666666667,3.75416666666667,81,5.825,2021-01-24
"20210125","NOIRMOUTIER EN",47.004667,-2.257167,5.20833333333333,0.75,73.625,3.4375,2021-01-25
"20210126","NOIRMOUTIER EN",47.004667,-2.257167,5.74166666666667,3.69583333333333,86.9166666666667,4.9875,2021-01-26
"20210127","NOIRMOUTIER EN",47.004667,-2.257167,10.6166666666667,10.4833333333333,99.2083333333333,4.80833333333333,2021-01-27
"20210128","NOIRMOUTIER EN",47.004667,-2.257167,11.4791666666667,11.2791666666667,98.6666666666667,7.63333333333333,2021-01-28
"20210129","NOIRMOUTIER EN",47.004667,-2.257167,11.1666666666667,10.0375,92.875,7.4,2021-01-29
"20210130","NOIRMOUTIER EN",47.004667,-2.257167,10.9666666666667,10.0458333333333,94.1666666666667,8.59166666666667,2021-01-30
"20210131","NOIRMOUTIER EN",47.004667,-2.257167,10.75,10.1,95.7916666666667,6.04166666666667,2021-01-31
"20210201","NOIRMOUTIER EN",47.004667,-2.257167,11.0833333333333,10.2166666666667,94.4583333333333,8.46666666666667,2021-02-01
"20210202","NOIRMOUTIER EN",47.004667,-2.257167,11.9041666666667,11.3083333333333,96.2083333333333,7.43333333333333,2021-02-02
"20210203","NOIRMOUTIER EN",47.004667,-2.257167,11.1833333333333,9.34583333333333,88.7083333333333,7.39583333333333,2021-02-03
"20210204","NOIRMOUTIER EN",47.004667,-2.257167,10.7416666666667,9.40833333333333,91.5833333333333,3.575,2021-02-04
"20210205","NOIRMOUTIER EN",47.004667,-2.257167,9.74583333333333,8.89166666666667,94.5833333333333,1.89166666666667,2021-02-05
"20210206","NOIRMOUTIER EN",47.004667,-2.257167,8.27083333333333,5.25416666666667,82,3.45416666666667,2021-02-06
"20210207","NOIRMOUTIER EN",47.004667,-2.257167,7.10833333333333,3.075,75.625,3.43333333333333,2021-02-07
"20210208","NOIRMOUTIER EN",47.004667,-2.257167,3.2875,-1.87083333333333,69.0416666666667,4.48333333333333,2021-02-08
"20210209","NOIRMOUTIER EN",47.004667,-2.257167,3.07083333333333,1.75,91.1666666666667,4.6,2021-02-09
"20210210","NOIRMOUTIER EN",47.004667,-2.257167,1.9,-0.179166666666667,86.7916666666667,4.92083333333333,2021-02-10
"20210211","NOIRMOUTIER EN",47.004667,-2.257167,-0.708333333333333,-3.075,84.25,6.27916666666667,2021-02-11
"20210212","NOIRMOUTIER EN",47.004667,-2.257167,1.69583333333333,-1.7125,78.75,5.81666666666667,2021-02-12
"20210213","NOIRMOUTIER EN",47.004667,-2.257167,1.33333333333333,-3.17916666666667,71.9583333333333,3.95,2021-02-13
"20210214","NOIRMOUTIER EN",47.004667,-2.257167,6.24166666666667,2.55,77.5833333333333,5.8625,2021-02-14
"20210215","NOIRMOUTIER EN",47.004667,-2.257167,9.5875,7.78333333333333,88.4583333333333,7.67916666666667,2021-02-15
"20210216","NOIRMOUTIER EN",47.004667,-2.257167,10.0791666666667,8.80416666666667,91.9166666666667,6.79583333333333,2021-02-16
"20210217","NOIRMOUTIER EN",47.004667,-2.257167,10.7833333333333,9.07083333333333,89.375,5.7125,2021-02-17
"20210218","NOIRMOUTIER EN",47.004667,-2.257167,9.99583333333333,8.02083333333333,87.7083333333333,4.54166666666667,2021-02-18
"20210219","NOIRMOUTIER EN",47.004667,-2.257167,10.3916666666667,8.72083333333333,89.625,5.33333333333333,2021-02-19
"20210220","NOIRMOUTIER EN",47.004667,-2.257167,11.875,8.675,80.9583333333333,8.65,2021-02-20
"20210221","NOIRMOUTIER EN",47.004667,-2.257167,12.125,8.16666666666667,77.25,4.47083333333333,2021-02-21
"20210222","NOIRMOUTIER EN",47.004667,-2.257167,9.4,8.5375,94.4166666666667,3.31666666666667,2021-02-22
"20210223","NOIRMOUTIER EN",47.004667,-2.257167,10.2583333333333,8.98333333333333,92.0416666666667,5.475,2021-02-23
"20210224","NOIRMOUTIER EN",47.004667,-2.257167,11.6833333333333,9.78333333333333,88.0416666666667,5.71666666666667,2021-02-24
"20210225","NOIRMOUTIER EN",47.004667,-2.257167,9.825,7.95833333333333,88.6666666666667,2.35416666666667,2021-02-25
"20210226","NOIRMOUTIER EN",47.004667,-2.257167,9.31666666666667,4.7875,74.8333333333333,3.775,2021-02-26
"20210227","NOIRMOUTIER EN",47.004667,-2.257167,8.47083333333333,2.70833333333333,67.7916666666667,5.15,2021-02-27
"20210228","NOIRMOUTIER EN",47.004667,-2.257167,7.65833333333333,3.05416666666667,73.125,5.42083333333333,2021-02-28
"20210301","NOIRMOUTIER EN",47.004667,-2.257167,9.92083333333333,5.3375,73.75,3.04583333333333,2021-03-01
"20210302","NOIRMOUTIER EN",47.004667,-2.257167,11.325,7.75833333333333,79.1666666666667,3.7125,2021-03-02
"20210303","NOIRMOUTIER EN",47.004667,-2.257167,11.1083333333333,9.8,92.0416666666667,2.06666666666667,2021-03-03
"20210304","NOIRMOUTIER EN",47.004667,-2.257167,8.1,7.59166666666667,96.7916666666667,1.47916666666667,2021-03-04
"20210305","NOIRMOUTIER EN",47.004667,-2.257167,6.875,2.02916666666667,72.0416666666667,5.45,2021-03-05
"20210306","NOIRMOUTIER EN",47.004667,-2.257167,5.75,-0.504166666666667,64.625,4.5,2021-03-06
"20210307","NOIRMOUTIER EN",47.004667,-2.257167,6.35833333333333,-0.308333333333333,62.9166666666667,3.40833333333333,2021-03-07
"20210308","NOIRMOUTIER EN",47.004667,-2.257167,5.38333333333333,-0.3,67.7083333333333,4.28333333333333,2021-03-08
"20210309","NOIRMOUTIER EN",47.004667,-2.257167,5.02916666666667,1.1,76.625,2.19583333333333,2021-03-09
"20210310","NOIRMOUTIER EN",47.004667,-2.257167,8.95833333333333,5.9875,82.3333333333333,6.68333333333333,2021-03-10
"20210311","NOIRMOUTIER EN",47.004667,-2.257167,11.1583333333333,8.72916666666667,85.4166666666667,8.83333333333333,2021-03-11
"20210312","NOIRMOUTIER EN",47.004667,-2.257167,10.2208333333333,7.15416666666667,81.4166666666667,7.9875,2021-03-12
"20210313","NOIRMOUTIER EN",47.004667,-2.257167,9.925,6.49583333333333,79.5833333333333,10.7125,2021-03-13
"20210314","NOIRMOUTIER EN",47.004667,-2.257167,9.56666666666667,4.9125,73.0833333333333,6.77083333333333,2021-03-14
"20210315","NOIRMOUTIER EN",47.004667,-2.257167,10.8791666666667,8.3375,84.4583333333333,6.12083333333333,2021-03-15
"20210316","NOIRMOUTIER EN",47.004667,-2.257167,11.4833333333333,9.62083333333333,88.4166666666667,4.15833333333333,2021-03-16
"20210317","NOIRMOUTIER EN",47.004667,-2.257167,11.1541666666667,6.52916666666667,74.75,3.45833333333333,2021-03-17
"20210318","NOIRMOUTIER EN",47.004667,-2.257167,8.69166666666667,4.30416666666667,74.8333333333333,4.30833333333333,2021-03-18
"20210319","NOIRMOUTIER EN",47.004667,-2.257167,9.98333333333333,3.52083333333333,66.2916666666667,5.9,2021-03-19
"20210320","NOIRMOUTIER EN",47.004667,-2.257167,8.04166666666667,2.07083333333333,67.4583333333333,4.50416666666667,2021-03-20
"20210321","NOIRMOUTIER EN",47.004667,-2.257167,8.00833333333333,5.14166666666667,82.2916666666667,2.5125,2021-03-21
"20210322","NOIRMOUTIER EN",47.004667,-2.257167,8.75416666666667,3.80833333333333,72.0833333333333,3.55,2021-03-22
"20210323","NOIRMOUTIER EN",47.004667,-2.257167,7.9375,3.1625,72.5833333333333,2.5625,2021-03-23
"20210324","NOIRMOUTIER EN",47.004667,-2.257167,8.425,6.50833333333333,88.3333333333333,2.52083333333333,2021-03-24
"20210325","NOIRMOUTIER EN",47.004667,-2.257167,11.0625,8.3875,83.9583333333333,3.4875,2021-03-25
"20210326","NOIRMOUTIER EN",47.004667,-2.257167,10.6416666666667,7.90833333333333,83.5416666666667,5.96666666666667,2021-03-26
"20210327","NOIRMOUTIER EN",47.004667,-2.257167,9.87083333333333,4.94583333333333,72.1666666666667,4,2021-03-27
"20210328","NOIRMOUTIER EN",47.004667,-2.257167,10.0708333333333,6.60833333333333,80.2083333333333,2.18333333333333,2021-03-28
"20210329","NOIRMOUTIER EN",47.004667,-2.257167,14.6083333333333,7.11666666666667,63.5,2.3625,2021-03-29
"20210330","NOIRMOUTIER EN",47.004667,-2.257167,15.7375,8.825,64.2083333333333,2.84166666666667,2021-03-30
"20210331","NOIRMOUTIER EN",47.004667,-2.257167,16.0041666666667,9.64583333333333,66.6666666666667,2.85833333333333,2021-03-31
"20210401","NOIRMOUTIER EN",47.004667,-2.257167,18.2,8.325,54.125,3.08333333333333,2021-04-01
"20210402","NOIRMOUTIER EN",47.004667,-2.257167,15.0333333333333,8.64583333333333,66.4166666666667,6.075,2021-04-02
"20210403","NOIRMOUTIER EN",47.004667,-2.257167,9.125,3.07916666666667,67,7.0625,2021-04-03
"20210404","NOIRMOUTIER EN",47.004667,-2.257167,9.8125,4.5625,71.2083333333333,4.13333333333333,2021-04-04
"20210405","NOIRMOUTIER EN",47.004667,-2.257167,8.9875,4.69166666666667,75.625,3.60833333333333,2021-04-05
"20210406","NOIRMOUTIER EN",47.004667,-2.257167,7.1375,-1.7375,54.4166666666667,4.4875,2021-04-06
"20210407","NOIRMOUTIER EN",47.004667,-2.257167,6.975,-0.941666666666667,58.2916666666667,3.12916666666667,2021-04-07
"20210408","NOIRMOUTIER EN",47.004667,-2.257167,8.82083333333333,2.07083333333333,65.2083333333333,2.1875,2021-04-08
"20210409","NOIRMOUTIER EN",47.004667,-2.257167,11.3291666666667,7.48333333333333,78.0833333333333,2.7625,2021-04-09
"20210410","NOIRMOUTIER EN",47.004667,-2.257167,11.4791666666667,10.2166666666667,92.125,4.64166666666667,2021-04-10
"20210411","NOIRMOUTIER EN",47.004667,-2.257167,7.99166666666667,3.975,76.25,4.33333333333333,2021-04-11
"20210412","NOIRMOUTIER EN",47.004667,-2.257167,7.95416666666667,1.05,62.6666666666667,2.32916666666667,2021-04-12
"20210413","NOIRMOUTIER EN",47.004667,-2.257167,9.62083333333333,0.770833333333333,55.9583333333333,4.55833333333333,2021-04-13
"20210414","NOIRMOUTIER EN",47.004667,-2.257167,9.6625,-1.0375,48.625,5.42083333333333,2021-04-14
"20210415","NOIRMOUTIER EN",47.004667,-2.257167,8.57916666666667,-0.504166666666667,54.125,5.44166666666667,2021-04-15
"20210416","NOIRMOUTIER EN",47.004667,-2.257167,9.14583333333333,0.633333333333333,57.5833333333333,4.12083333333333,2021-04-16
"20210417","NOIRMOUTIER EN",47.004667,-2.257167,9.94583333333333,3.2625,64,4.00416666666667,2021-04-17
"20210418","NOIRMOUTIER EN",47.004667,-2.257167,9.43333333333333,3.7,68.0833333333333,2.96666666666667,2021-04-18
"20210419","NOIRMOUTIER EN",47.004667,-2.257167,11.7083333333333,4.9625,64.7916666666667,2.275,2021-04-19
"20210420","NOIRMOUTIER EN",47.004667,-2.257167,14.375,6.27916666666667,59.4166666666667,2.50833333333333,2021-04-20
"20210421","NOIRMOUTIER EN",47.004667,-2.257167,14.4583333333333,6.91666666666667,61.7083333333333,3.09583333333333,2021-04-21
"20210422","NOIRMOUTIER EN",47.004667,-2.257167,15.7083333333333,7.57083333333333,59.5833333333333,4.77916666666667,2021-04-22
"20210423","NOIRMOUTIER EN",47.004667,-2.257167,17.1125,5.5375,47.6666666666667,4.8875,2021-04-23
"20210424","NOIRMOUTIER EN",47.004667,-2.257167,17.8833333333333,5.24583333333333,44.3333333333333,4.9,2021-04-24
"20210425","NOIRMOUTIER EN",47.004667,-2.257167,15.2083333333333,5.71666666666667,53.3333333333333,6.26666666666667,2021-04-25
"20210426","NOIRMOUTIER EN",47.004667,-2.257167,13.9333333333333,3.72916666666667,51.0416666666667,6.29166666666667,2021-04-26
"20210427","NOIRMOUTIER EN",47.004667,-2.257167,12.7625,5.8375,64.625,4.53333333333333,2021-04-27
"20210428","NOIRMOUTIER EN",47.004667,-2.257167,11.425,6.73333333333333,73.2083333333333,4.875,2021-04-28
"20210429","NOIRMOUTIER EN",47.004667,-2.257167,11.525,5.82916666666667,68.9166666666667,3.16666666666667,2021-04-29
"20210430","NOIRMOUTIER EN",47.004667,-2.257167,11.95,3.35,56.875,4.50416666666667,2021-04-30
"20210501","NOIRMOUTIER EN",47.004667,-2.257167,11.1041666666667,4.31666666666667,63.9166666666667,3.65833333333333,2021-05-01
"20210502","NOIRMOUTIER EN",47.004667,-2.257167,10.4166666666667,4.16666666666667,66.2083333333333,3.2,2021-05-02
"20210503","NOIRMOUTIER EN",47.004667,-2.257167,11.575,5.19583333333333,65.5,4.9875,2021-05-03
"20210504","NOIRMOUTIER EN",47.004667,-2.257167,11.6458333333333,9.3375,86.125,6.68333333333333,2021-05-04
"20210505","NOIRMOUTIER EN",47.004667,-2.257167,11.525,5.14166666666667,65.4583333333333,5.24166666666667,2021-05-05
"20210506","NOIRMOUTIER EN",47.004667,-2.257167,13.2708333333333,10.9,86,7.57083333333333,2021-05-06
"20210507","NOIRMOUTIER EN",47.004667,-2.257167,11.5291666666667,7.425,77.1666666666667,3.47083333333333,2021-05-07
"20210508","NOIRMOUTIER EN",47.004667,-2.257167,15.2875,12.3041666666667,83.5416666666667,4.7625,2021-05-08
"20210509","NOIRMOUTIER EN",47.004667,-2.257167,15.3541666666667,11.9,81.1666666666667,3.48333333333333,2021-05-09
"20210510","NOIRMOUTIER EN",47.004667,-2.257167,14.0458333333333,9.4625,74.2916666666667,7.09583333333333,2021-05-10
"20210511","NOIRMOUTIER EN",47.004667,-2.257167,12.9583333333333,8.09166666666667,72.7083333333333,7.11666666666667,2021-05-11
"20210512","NOIRMOUTIER EN",47.004667,-2.257167,12.5875,9.6,82.3333333333333,7.05,2021-05-12
"20210513","NOIRMOUTIER EN",47.004667,-2.257167,13.2583333333333,9.80416666666667,79.9166666666667,7.38333333333333,2021-05-13
"20210514","NOIRMOUTIER EN",47.004667,-2.257167,12.5666666666667,8.45416666666667,76.4583333333333,7.18333333333333,2021-05-14
"20210515","NOIRMOUTIER EN",47.004667,-2.257167,13.9333333333333,11.3541666666667,84.625,7.43333333333333,2021-05-15
"20210516","NOIRMOUTIER EN",47.004667,-2.257167,14.0291666666667,10.9708333333333,82.3333333333333,9.1,2021-05-16
"20210517","NOIRMOUTIER EN",47.004667,-2.257167,13.3666666666667,10.0875,80.7083333333333,8.53333333333333,2021-05-17
"20210518","NOIRMOUTIER EN",47.004667,-2.257167,13.0291666666667,8.76666666666667,75.7083333333333,4.85416666666667,2021-05-18
"20210519","NOIRMOUTIER EN",47.004667,-2.257167,13.3125,9.41666666666667,77.5833333333333,6.20833333333333,2021-05-19
"20210520","NOIRMOUTIER EN",47.004667,-2.257167,13.4833333333333,10.5083333333333,82.4583333333333,5.9625,2021-05-20
"20210521","NOIRMOUTIER EN",47.004667,-2.257167,13.6958333333333,8.7125,72.0833333333333,8.4875,2021-05-21
"20210522","NOIRMOUTIER EN",47.004667,-2.257167,13.1416666666667,7.87083333333333,70.6666666666667,7.21666666666667,2021-05-22
"20210523","NOIRMOUTIER EN",47.004667,-2.257167,13.7041666666667,8.89583333333333,73.2083333333333,7.76666666666667,2021-05-23
"20210524","NOIRMOUTIER EN",47.004667,-2.257167,12.5625,8.7,77.9166666666667,8.90833333333333,2021-05-24
"20210525","NOIRMOUTIER EN",47.004667,-2.257167,13.3666666666667,9.09583333333333,75.6666666666667,7.28333333333333,2021-05-25
"20210526","NOIRMOUTIER EN",47.004667,-2.257167,13.925,10.7541666666667,81.4166666666667,6.7625,2021-05-26
"20210527","NOIRMOUTIER EN",47.004667,-2.257167,15.2041666666667,11.7708333333333,80.7916666666667,2.54166666666667,2021-05-27
"20210528","NOIRMOUTIER EN",47.004667,-2.257167,17.95,11.7,68.25,2.97916666666667,2021-05-28
"20210529","NOIRMOUTIER EN",47.004667,-2.257167,18.8333333333333,12.2625,66.9166666666667,3.15416666666667,2021-05-29
"20210530","NOIRMOUTIER EN",47.004667,-2.257167,19.9791666666667,10.3666666666667,56.5416666666667,3.82916666666667,2021-05-30
"20210531","NOIRMOUTIER EN",47.004667,-2.257167,19.8791666666667,10.45,56.0416666666667,3.33333333333333,2021-05-31
"20210601","NOIRMOUTIER EN",47.004667,-2.257167,20.5791666666667,14.0625,67.0416666666667,3.81666666666667,2021-06-01
"20210602","NOIRMOUTIER EN",47.004667,-2.257167,17.1625,14.5208333333333,84.75,4.4125,2021-06-02
"20210603","NOIRMOUTIER EN",47.004667,-2.257167,15.9625,14.0916666666667,88.9583333333333,3.225,2021-06-03
"20210604","NOIRMOUTIER EN",47.004667,-2.257167,15.1708333333333,11.3791666666667,78.6666666666667,5,2021-06-04
"20210605","NOIRMOUTIER EN",47.004667,-2.257167,15.8708333333333,10.0666666666667,69.5,2.87916666666667,2021-06-05
"20210606","NOIRMOUTIER EN",47.004667,-2.257167,17.5833333333333,12.8416666666667,74.7083333333333,2.99583333333333,2021-06-06
"20210607","NOIRMOUTIER EN",47.004667,-2.257167,18.2916666666667,14.3791666666667,78.9166666666667,2.66666666666667,2021-06-07
"20210608","NOIRMOUTIER EN",47.004667,-2.257167,18.8916666666667,14.3625,76.75,2.58333333333333,2021-06-08
"20210609","NOIRMOUTIER EN",47.004667,-2.257167,18.1208333333333,15.1041666666667,83.25,3.53333333333333,2021-06-09
"20210610","NOIRMOUTIER EN",47.004667,-2.257167,18.5666666666667,14.7041666666667,78.7916666666667,3.4875,2021-06-10
"20210611","NOIRMOUTIER EN",47.004667,-2.257167,20.4458333333333,15.725,75.2083333333333,3.58333333333333,2021-06-11
"20210612","NOIRMOUTIER EN",47.004667,-2.257167,20.7333333333333,15.525,72.9166666666667,3.50416666666667,2021-06-12
"20210613","NOIRMOUTIER EN",47.004667,-2.257167,22.9833333333333,14.725,61.875,3.38333333333333,2021-06-13
"20210614","NOIRMOUTIER EN",47.004667,-2.257167,22.7958333333333,15.3583333333333,64.5833333333333,2.98333333333333,2021-06-14
"20210615","NOIRMOUTIER EN",47.004667,-2.257167,21.625,14.8208333333333,66.3333333333333,3.17083333333333,2021-06-15
"20210616","NOIRMOUTIER EN",47.004667,-2.257167,21.6791666666667,17.65,78.5,2.375,2021-06-16
"20210617","NOIRMOUTIER EN",47.004667,-2.257167,18.8083333333333,16.4416666666667,86.375,3.50416666666667,2021-06-17
"20210618","NOIRMOUTIER EN",47.004667,-2.257167,18.0416666666667,15.3041666666667,84.5,3.71666666666667,2021-06-18
"20210619","NOIRMOUTIER EN",47.004667,-2.257167,17.725,15.0291666666667,84.4166666666667,3.85416666666667,2021-06-19
"20210620","NOIRMOUTIER EN",47.004667,-2.257167,17.9083333333333,14.9,82.625,3.75833333333333,2021-06-20
"20210621","NOIRMOUTIER EN",47.004667,-2.257167,18.4166666666667,13.7041666666667,74.4583333333333,2.85833333333333,2021-06-21
"20210622","NOIRMOUTIER EN",47.004667,-2.257167,15.5875,13.0083333333333,84.9166666666667,4.90833333333333,2021-06-22
"20210623","NOIRMOUTIER EN",47.004667,-2.257167,15.6541666666667,11.25,75.5416666666667,4.6875,2021-06-23
"20210624","NOIRMOUTIER EN",47.004667,-2.257167,16.0666666666667,11.4166666666667,74.625,4.04583333333333,2021-06-24
"20210625","NOIRMOUTIER EN",47.004667,-2.257167,16.7875,14.4958333333333,87.0833333333333,3.12083333333333,2021-06-25
"20210626","NOIRMOUTIER EN",47.004667,-2.257167,16.1958333333333,14.6083333333333,90.5,2.27916666666667,2021-06-26
"20210627","NOIRMOUTIER EN",47.004667,-2.257167,16.9166666666667,12.875,78.375,4.175,2021-06-27
"20210628","NOIRMOUTIER EN",47.004667,-2.257167,15.6458333333333,12.4583333333333,82.1666666666667,2.99166666666667,2021-06-28
"20210629","NOIRMOUTIER EN",47.004667,-2.257167,16.5041666666667,14.1208333333333,86.0833333333333,4.23333333333333,2021-06-29
"20210630","NOIRMOUTIER EN",47.004667,-2.257167,17.8791666666667,14.2833333333333,80.3333333333333,3.17083333333333,2021-06-30
"20210701","NOIRMOUTIER EN",47.004667,-2.257167,18.2583333333333,14.975,81.7083333333333,3.10416666666667,2021-07-01
"20210702","NOIRMOUTIER EN",47.004667,-2.257167,18.0208333333333,14.4125,80.0416666666667,2.88333333333333,2021-07-02
"20210703","NOIRMOUTIER EN",47.004667,-2.257167,18.9416666666667,16.125,84.2083333333333,4.48333333333333,2021-07-03
"20210704","NOIRMOUTIER EN",47.004667,-2.257167,18.0041666666667,15.3791666666667,85.1666666666667,6.07916666666667,2021-07-04
"20210705","NOIRMOUTIER EN",47.004667,-2.257167,17.5916666666667,15.375,86.9583333333333,6.7125,2021-07-05
"20210706","NOIRMOUTIER EN",47.004667,-2.257167,17.1875,12.7708333333333,75.625,8.73333333333333,2021-07-06
"20210707","NOIRMOUTIER EN",47.004667,-2.257167,16.7958333333333,12.3791666666667,75.4166666666667,4.575,2021-07-07
"20210708","NOIRMOUTIER EN",47.004667,-2.257167,17.3541666666667,13.7875,79.75,4.12916666666667,2021-07-08
"20210709","NOIRMOUTIER EN",47.004667,-2.257167,17.0833333333333,11.8916666666667,72.2916666666667,2.70416666666667,2021-07-09
"20210710","NOIRMOUTIER EN",47.004667,-2.257167,16.8791666666667,14.0416666666667,83.625,4.69583333333333,2021-07-10
"20210711","NOIRMOUTIER EN",47.004667,-2.257167,17.7458333333333,13.5375,76.875,2.63333333333333,2021-07-11
"20210712","NOIRMOUTIER EN",47.004667,-2.257167,17.45,13.4541666666667,77.7083333333333,6.09166666666667,2021-07-12
"20210713","NOIRMOUTIER EN",47.004667,-2.257167,17.9875,14.9166666666667,82.4583333333333,6.51666666666667,2021-07-13
"20210714","NOIRMOUTIER EN",47.004667,-2.257167,18.0083333333333,14.85,82,4.88333333333333,2021-07-14
"20210715","NOIRMOUTIER EN",47.004667,-2.257167,18.3666666666667,15.0208333333333,81.4166666666667,3.26666666666667,2021-07-15
"20210716","NOIRMOUTIER EN",47.004667,-2.257167,20.8625,14.8791666666667,70.25,3.05,2021-07-16
"20210717","NOIRMOUTIER EN",47.004667,-2.257167,21.3,13.7083333333333,63.375,3.80416666666667,2021-07-17
"20210718","NOIRMOUTIER EN",47.004667,-2.257167,24.2125,16.0208333333333,62.75,3.22083333333333,2021-07-18
"20210719","NOIRMOUTIER EN",47.004667,-2.257167,25.4208333333333,16.1,58.375,3.73333333333333,2021-07-19
"20210720","NOIRMOUTIER EN",47.004667,-2.257167,25.9708333333333,14.9541666666667,52.2083333333333,4.10833333333333,2021-07-20
"20210721","NOIRMOUTIER EN",47.004667,-2.257167,25.4791666666667,14.5458333333333,52.5833333333333,3.82083333333333,2021-07-21
"20210722","NOIRMOUTIER EN",47.004667,-2.257167,26.0041666666667,14.5666666666667,51.1666666666667,3.8125,2021-07-22
"20210723","NOIRMOUTIER EN",47.004667,-2.257167,21.4791666666667,16.1208333333333,72.25,5.92083333333333,2021-07-23
"20210724","NOIRMOUTIER EN",47.004667,-2.257167,19.2625,16.4208333333333,83.7916666666667,6.95416666666667,2021-07-24
"20210725","NOIRMOUTIER EN",47.004667,-2.257167,19.7541666666667,16.3791666666667,81.2083333333333,5.75,2021-07-25
"20210726","NOIRMOUTIER EN",47.004667,-2.257167,19.7416666666667,16.1583333333333,80.2083333333333,4.19583333333333,2021-07-26
"20210727","NOIRMOUTIER EN",47.004667,-2.257167,19.2,15.7958333333333,80.7916666666667,5.22083333333333,2021-07-27
"20210728","NOIRMOUTIER EN",47.004667,-2.257167,19.25,13.5875,70.125,5.95416666666667,2021-07-28
"20210729","NOIRMOUTIER EN",47.004667,-2.257167,19.25,13.4541666666667,69.4583333333333,4.05,2021-07-29
"20210730","NOIRMOUTIER EN",47.004667,-2.257167,18.7333333333333,13.6458333333333,72.75,6.95833333333333,2021-07-30
"20210731","NOIRMOUTIER EN",47.004667,-2.257167,17.875,13.0416666666667,73.4583333333333,4.5,2021-07-31
"20210801","NOIRMOUTIER EN",47.004667,-2.257167,18.1,12.9916666666667,72.4166666666667,3.82916666666667,2021-08-01
"20210802","NOIRMOUTIER EN",47.004667,-2.257167,18.6833333333333,13.3,71.0833333333333,3.95,2021-08-02
"20210803","NOIRMOUTIER EN",47.004667,-2.257167,16.9291666666667,13.525,80.6666666666667,3.3,2021-08-03
"20210804","NOIRMOUTIER EN",47.004667,-2.257167,18.0833333333333,16.2541666666667,89.3333333333333,4.30416666666667,2021-08-04
"20210805","NOIRMOUTIER EN",47.004667,-2.257167,18.2625,15.8916666666667,86.125,6.7875,2021-08-05
"20210806","NOIRMOUTIER EN",47.004667,-2.257167,18.4041666666667,14.0083333333333,75.9166666666667,6.79166666666667,2021-08-06
"20210807","NOIRMOUTIER EN",47.004667,-2.257167,18.0708333333333,13.9958333333333,77.4166666666667,7.87916666666667,2021-08-07
"20210808","NOIRMOUTIER EN",47.004667,-2.257167,17.925,13.2875,74.5416666666667,6.12083333333333,2021-08-08
"20210809","NOIRMOUTIER EN",47.004667,-2.257167,19.1083333333333,14.8958333333333,76.8333333333333,4.525,2021-08-09
"20210810","NOIRMOUTIER EN",47.004667,-2.257167,19.0166666666667,16.0333333333333,83.0833333333333,3.09166666666667,2021-08-10
"20210811","NOIRMOUTIER EN",47.004667,-2.257167,17.6583333333333,14.0291666666667,80.1666666666667,2.35,2021-08-11
"20210812","NOIRMOUTIER EN",47.004667,-2.257167,19.3,15.9291666666667,81.75,2.92916666666667,2021-08-12
"20210813","NOIRMOUTIER EN",47.004667,-2.257167,18.725,15.6416666666667,83.375,2.7125,2021-08-13
"20210814","NOIRMOUTIER EN",47.004667,-2.257167,21.075,14.8166666666667,70,2.69166666666667,2021-08-14
"20210815","NOIRMOUTIER EN",47.004667,-2.257167,19.0666666666667,15.45,80,5.77083333333333,2021-08-15
"20210816","NOIRMOUTIER EN",47.004667,-2.257167,18.9083333333333,14.3208333333333,75.2083333333333,6.35416666666667,2021-08-16
"20210817","NOIRMOUTIER EN",47.004667,-2.257167,17.7,10.7083333333333,64,3.9625,2021-08-17
"20210818","NOIRMOUTIER EN",47.004667,-2.257167,17.1958333333333,11.9041666666667,71.2916666666667,2.84166666666667,2021-08-18
"20210819","NOIRMOUTIER EN",47.004667,-2.257167,17.95,12.6416666666667,71.8333333333333,2.40833333333333,2021-08-19
"20210820","NOIRMOUTIER EN",47.004667,-2.257167,19.1083333333333,14.9458333333333,78.25,2.125,2021-08-20
"20210821","NOIRMOUTIER EN",47.004667,-2.257167,18.2833333333333,16.7875,91.1666666666667,3.2875,2021-08-21
"20210822","NOIRMOUTIER EN",47.004667,-2.257167,18.4875,15.4458333333333,82.9166666666667,3.55833333333333,2021-08-22
"20210823","NOIRMOUTIER EN",47.004667,-2.257167,18.5875,14.4208333333333,77.7083333333333,3.1875,2021-08-23
"20210824","NOIRMOUTIER EN",47.004667,-2.257167,19.525,13.8875,71.4583333333333,4.7375,2021-08-24
"20210825","NOIRMOUTIER EN",47.004667,-2.257167,20.1833333333333,11.6666666666667,59.3333333333333,4.76666666666667,2021-08-25
"20210826","NOIRMOUTIER EN",47.004667,-2.257167,19.85,13.5166666666667,67.9583333333333,3.94166666666667,2021-08-26
"20210827","NOIRMOUTIER EN",47.004667,-2.257167,18.1875,11.0875,64.7916666666667,4.4125,2021-08-27
"20210828","NOIRMOUTIER EN",47.004667,-2.257167,18.8625,11.4791666666667,64.375,4.31666666666667,2021-08-28
"20210829","NOIRMOUTIER EN",47.004667,-2.257167,18.6291666666667,12.075,67.5833333333333,4.57083333333333,2021-08-29
"20210830","NOIRMOUTIER EN",47.004667,-2.257167,18.5625,13.1458333333333,71.375,4.48333333333333,2021-08-30
"20210831","NOIRMOUTIER EN",47.004667,-2.257167,19.1541666666667,13.4083333333333,70.75,4.93333333333333,2021-08-31
"20210901","NOIRMOUTIER EN",47.004667,-2.257167,19.7041666666667,12.55,64.5,5.57083333333333,2021-09-01
"20210902","NOIRMOUTIER EN",47.004667,-2.257167,20.825,13.2041666666667,63.3333333333333,5.14583333333333,2021-09-02
"20210903","NOIRMOUTIER EN",47.004667,-2.257167,20.7583333333333,16.025,75.3333333333333,1.92916666666667,2021-09-03
"20210904","NOIRMOUTIER EN",47.004667,-2.257167,19.5791666666667,17.3416666666667,87.625,1.85416666666667,2021-09-04
"20210905","NOIRMOUTIER EN",47.004667,-2.257167,19.8541666666667,16.3416666666667,81.75,1.81666666666667,2021-09-05
"20210906","NOIRMOUTIER EN",47.004667,-2.257167,25.3208333333333,15.7958333333333,58.7916666666667,3.24166666666667,2021-09-06
"20210907","NOIRMOUTIER EN",47.004667,-2.257167,24.3833333333333,16.2041666666667,62.3333333333333,4.31666666666667,2021-09-07
"20210908","NOIRMOUTIER EN",47.004667,-2.257167,20.2916666666667,18.3,88.8333333333333,2.97083333333333,2021-09-08
"20210909","NOIRMOUTIER EN",47.004667,-2.257167,20.3916666666667,18.5375,89.2083333333333,4.80833333333333,2021-09-09
"20210910","NOIRMOUTIER EN",47.004667,-2.257167,19.4166666666667,16.3708333333333,83,4.27916666666667,2021-09-10
"20210911","NOIRMOUTIER EN",47.004667,-2.257167,18.4666666666667,13.6125,74.25,2.275,2021-09-11
"20210912","NOIRMOUTIER EN",47.004667,-2.257167,19.6125,12.7583333333333,66.0833333333333,3.08333333333333,2021-09-12
"20210913","NOIRMOUTIER EN",47.004667,-2.257167,21.1,14.65,67.5416666666667,3.05416666666667,2021-09-13
"20210914","NOIRMOUTIER EN",47.004667,-2.257167,20.8541666666667,18.5125,86.625,3.94583333333333,2021-09-14
"20210915","NOIRMOUTIER EN",47.004667,-2.257167,19.5083333333333,16.725,84.625,2.87083333333333,2021-09-15
"20210916","NOIRMOUTIER EN",47.004667,-2.257167,17.65,14.5291666666667,82.4583333333333,2.775,2021-09-16
"20210917","NOIRMOUTIER EN",47.004667,-2.257167,17.4125,15.4166666666667,88.7083333333333,2.42916666666667,2021-09-17
"20210918","NOIRMOUTIER EN",47.004667,-2.257167,18.5791666666667,14.8583333333333,79.625,4.83333333333333,2021-09-18
"20210919","NOIRMOUTIER EN",47.004667,-2.257167,17.4958333333333,13.5583333333333,78.2916666666667,4.65416666666667,2021-09-19
"20210920","NOIRMOUTIER EN",47.004667,-2.257167,16.7583333333333,11.825,73.2083333333333,4.10416666666667,2021-09-20
"20210921","NOIRMOUTIER EN",47.004667,-2.257167,17.9708333333333,11.9333333333333,69.25,3.38333333333333,2021-09-21
"20210922","NOIRMOUTIER EN",47.004667,-2.257167,17.6,11.1,67.1666666666667,3.4875,2021-09-22
"20210923","NOIRMOUTIER EN",47.004667,-2.257167,16.725,12.6958333333333,78.25,3.18333333333333,2021-09-23
"20210924","NOIRMOUTIER EN",47.004667,-2.257167,17.1791666666667,12.7916666666667,76.0833333333333,2.56666666666667,2021-09-24
"20210925","NOIRMOUTIER EN",47.004667,-2.257167,17.8208333333333,15.6791666666667,87.375,3.26666666666667,2021-09-25
"20210926","NOIRMOUTIER EN",47.004667,-2.257167,19.2291666666667,16.9208333333333,86.75,4.72083333333333,2021-09-26
"20210927","NOIRMOUTIER EN",47.004667,-2.257167,17.7791666666667,13.4333333333333,76.375,6.13333333333333,2021-09-27
"20210928","NOIRMOUTIER EN",47.004667,-2.257167,16.8375,12.375,76.0416666666667,4.17083333333333,2021-09-28
"20210929","NOIRMOUTIER EN",47.004667,-2.257167,15.7833333333333,9.63333333333333,67.8333333333333,4.28333333333333,2021-09-29
"20210930","NOIRMOUTIER EN",47.004667,-2.257167,15.5208333333333,8.975,65.625,3.35,2021-09-30
"20211001","NOIRMOUTIER EN",47.004667,-2.257167,16.9041666666667,13.975,83,5.1375,2021-10-01
"20211002","NOIRMOUTIER EN",47.004667,-2.257167,16.8791666666667,15.4208333333333,91.25,7.45,2021-10-02
"20211003","NOIRMOUTIER EN",47.004667,-2.257167,15.475,10.925,75.7916666666667,5.25416666666667,2021-10-03
"20211004","NOIRMOUTIER EN",47.004667,-2.257167,16.5958333333333,12.8125,78.375,5.575,2021-10-04
"20211005","NOIRMOUTIER EN",47.004667,-2.257167,15.6541666666667,10.925,74.25,8.35416666666667,2021-10-05
"20211006","NOIRMOUTIER EN",47.004667,-2.257167,15.1708333333333,10.3125,73.375,2.9,2021-10-06
"20211007","NOIRMOUTIER EN",47.004667,-2.257167,15.2,11.2916666666667,79.0416666666667,1.9125,2021-10-07
"20211008","NOIRMOUTIER EN",47.004667,-2.257167,15.9375,11.0291666666667,73.5,3.15416666666667,2021-10-08
"20211009","NOIRMOUTIER EN",47.004667,-2.257167,15.9333333333333,11.6375,76.2916666666667,3.09166666666667,2021-10-09
"20211010","NOIRMOUTIER EN",47.004667,-2.257167,14.2916666666667,11.1916666666667,82.5416666666667,3.17916666666667,2021-10-10
"20211011","NOIRMOUTIER EN",47.004667,-2.257167,14.6666666666667,10.9708333333333,79.0833333333333,3.66666666666667,2021-10-11
"20211012","NOIRMOUTIER EN",47.004667,-2.257167,13.4125,9.68333333333333,78.9166666666667,2.8125,2021-10-12
"20211013","NOIRMOUTIER EN",47.004667,-2.257167,14.1208333333333,10.0375,77.0416666666667,2.19166666666667,2021-10-13
"20211014","NOIRMOUTIER EN",47.004667,-2.257167,12.8458333333333,6.15,64.6666666666667,2.72916666666667,2021-10-14
"20211015","NOIRMOUTIER EN",47.004667,-2.257167,12.1041666666667,8.25833333333333,78.7916666666667,1.5,2021-10-15
"20211016","NOIRMOUTIER EN",47.004667,-2.257167,12.9541666666667,9.35833333333333,80.75,2.07916666666667,2021-10-16
"20211017","NOIRMOUTIER EN",47.004667,-2.257167,13.7333333333333,11.0125,84.2083333333333,1.6375,2021-10-17
"20211018","NOIRMOUTIER EN",47.004667,-2.257167,16.525,15.9166666666667,96.2083333333333,4.1875,2021-10-18
"20211019","NOIRMOUTIER EN",47.004667,-2.257167,17.1,15.5625,90.8333333333333,4.76666666666667,2021-10-19
"20211020","NOIRMOUTIER EN",47.004667,-2.257167,17.1541666666667,14.5458333333333,84.9583333333333,9.8125,2021-10-20
"20211021","NOIRMOUTIER EN",47.004667,-2.257167,14.9916666666667,10.1916666666667,73.1666666666667,7.79166666666667,2021-10-21
"20211022","NOIRMOUTIER EN",47.004667,-2.257167,11.8708333333333,5.60833333333333,66.0416666666667,2.47916666666667,2021-10-22
"20211023","NOIRMOUTIER EN",47.004667,-2.257167,11.8416666666667,6.08333333333333,69.4166666666667,2.3,2021-10-23
"20211024","NOIRMOUTIER EN",47.004667,-2.257167,13.425,10.8375,84.7916666666667,4.00833333333333,2021-10-24
"20211025","NOIRMOUTIER EN",47.004667,-2.257167,14.525,12.8708333333333,90.0416666666667,3.2875,2021-10-25
"20211026","NOIRMOUTIER EN",47.004667,-2.257167,13.6625,11.9708333333333,90.3333333333333,2.37916666666667,2021-10-26
"20211027","NOIRMOUTIER EN",47.004667,-2.257167,12.9166666666667,11.725,93.1666666666667,2.175,2021-10-27
"20211028","NOIRMOUTIER EN",47.004667,-2.257167,14.0333333333333,12.6375,91.6666666666667,4.86666666666667,2021-10-28
"20211029","NOIRMOUTIER EN",47.004667,-2.257167,15.6208333333333,11.975,79.25,5.225,2021-10-29
"20211030","NOIRMOUTIER EN",47.004667,-2.257167,15.0916666666667,11.5208333333333,79.7916666666667,4.9375,2021-10-30
"20211031","NOIRMOUTIER EN",47.004667,-2.257167,15.1166666666667,11.2666666666667,78.25,8.33333333333333,2021-10-31
"20211101","NOIRMOUTIER EN",47.004667,-2.257167,12.8375,8.20833333333333,73.6666666666667,7.84166666666667,2021-11-01
"20211102","NOIRMOUTIER EN",47.004667,-2.257167,10.5375,7.8375,83.6666666666667,3.19166666666667,2021-11-02
"20211103","NOIRMOUTIER EN",47.004667,-2.257167,10.5916666666667,6.42916666666667,75.875,2.85833333333333,2021-11-03
"20211104","NOIRMOUTIER EN",47.004667,-2.257167,10.3666666666667,6.25416666666667,76.125,3.51666666666667,2021-11-04
"20211105","NOIRMOUTIER EN",47.004667,-2.257167,9.72916666666667,4.5125,70.9166666666667,2.5375,2021-11-05
"20211106","NOIRMOUTIER EN",47.004667,-2.257167,8.89166666666667,5.475,80.5,1.6625,2021-11-06
"20211107","NOIRMOUTIER EN",47.004667,-2.257167,13.45,10.0958333333333,80.4583333333333,4.1625,2021-11-07
"20211108","NOIRMOUTIER EN",47.004667,-2.257167,11.2625,7.33333333333333,77.4166666666667,1.9125,2021-11-08
"20211109","NOIRMOUTIER EN",47.004667,-2.257167,9.57083333333333,6.75416666666667,83.8333333333333,1.32083333333333,2021-11-09
"20211110","NOIRMOUTIER EN",47.004667,-2.257167,8.6875,5.125,79.25,2.05833333333333,2021-11-10
"20211111","NOIRMOUTIER EN",47.004667,-2.257167,9.7875,6.3875,79.9166666666667,2.075,2021-11-11
"20211112","NOIRMOUTIER EN",47.004667,-2.257167,12.2833333333333,10.3791666666667,88.5,3.5375,2021-11-12
"20211113","NOIRMOUTIER EN",47.004667,-2.257167,13.5333333333333,10.6875,83,3.9625,2021-11-13
"20211114","NOIRMOUTIER EN",47.004667,-2.257167,12.4541666666667,9.37083333333333,81.875,3.2125,2021-11-14
"20211115","NOIRMOUTIER EN",47.004667,-2.257167,10.0125,7.91666666666667,87.0416666666667,2.96666666666667,2021-11-15
"20211116","NOIRMOUTIER EN",47.004667,-2.257167,9.18333333333333,6.27916666666667,82.2083333333333,1.8875,2021-11-16
"20211117","NOIRMOUTIER EN",47.004667,-2.257167,11.8666666666667,9.77083333333333,87.25,2.44166666666667,2021-11-17
"20211118","NOIRMOUTIER EN",47.004667,-2.257167,9.82916666666667,7.02916666666667,83.2916666666667,2.02083333333333,2021-11-18
"20211119","NOIRMOUTIER EN",47.004667,-2.257167,7.90833333333333,6.07083333333333,88.5416666666667,3.40833333333333,2021-11-19
"20211120","NOIRMOUTIER EN",47.004667,-2.257167,6.52916666666667,5.53333333333333,93.4583333333333,2.75416666666667,2021-11-20
"20211121","NOIRMOUTIER EN",47.004667,-2.257167,8.18333333333333,6.39166666666667,88.6666666666667,3.875,2021-11-21
"20211122","NOIRMOUTIER EN",47.004667,-2.257167,7.7625,3.00833333333333,72.2916666666667,7.575,2021-11-22
"20211123","NOIRMOUTIER EN",47.004667,-2.257167,6.3625,-0.708333333333333,61.875,7.99583333333333,2021-11-23
"20211124","NOIRMOUTIER EN",47.004667,-2.257167,6.03333333333333,2.3125,77.2083333333333,5.5125,2021-11-24
"20211125","NOIRMOUTIER EN",47.004667,-2.257167,6.70416666666667,3.0125,77.375,4.8375,2021-11-25
"20211126","NOIRMOUTIER EN",47.004667,-2.257167,8.925,4.40833333333333,73.375,6.16666666666667,2021-11-26
"20211127","NOIRMOUTIER EN",47.004667,-2.257167,7.15416666666667,2.16666666666667,70.7916666666667,8.3375,2021-11-27
"20211128","NOIRMOUTIER EN",47.004667,-2.257167,6.7125,0.35,64.375,5.625,2021-11-28
"20211129","NOIRMOUTIER EN",47.004667,-2.257167,5.66666666666667,3.20416666666667,84.4166666666667,2.83333333333333,2021-11-29
"20211130","NOIRMOUTIER EN",47.004667,-2.257167,9.1375,6.7375,85.2083333333333,4.3875,2021-11-30
"20211201","NOIRMOUTIER EN",47.004667,-2.257167,10.9666666666667,7.05,77.2083333333333,7.85,2021-12-01
"20211202","NOIRMOUTIER EN",47.004667,-2.257167,7.65416666666667,3.44166666666667,74.7916666666667,4.56666666666667,2021-12-02
"20211203","NOIRMOUTIER EN",47.004667,-2.257167,10.4916666666667,9.3125,92.5833333333333,7.10416666666667,2021-12-03
"20211204","NOIRMOUTIER EN",47.004667,-2.257167,10.4583333333333,7.03333333333333,79.8333333333333,8.72916666666667,2021-12-04
"20211205","NOIRMOUTIER EN",47.004667,-2.257167,8.8,3.41666666666667,69.1666666666667,7.65833333333333,2021-12-05
"20211206","NOIRMOUTIER EN",47.004667,-2.257167,9.65,6.25,79.625,4.95,2021-12-06
"20211207","NOIRMOUTIER EN",47.004667,-2.257167,9.89166666666667,7.375,84.9583333333333,7.6,2021-12-07
"20211208","NOIRMOUTIER EN",47.004667,-2.257167,7.175,3.15416666666667,75.875,5.36666666666667,2021-12-08
"20211209","NOIRMOUTIER EN",47.004667,-2.257167,9.50833333333333,7.48333333333333,87.625,5.79166666666667,2021-12-09
"20211210","NOIRMOUTIER EN",47.004667,-2.257167,10.025,4.81666666666667,70.25,8.66666666666667,2021-12-10
"20211211","NOIRMOUTIER EN",47.004667,-2.257167,9.875,8.3125,90.25,2.43333333333333,2021-12-11
"20211212","NOIRMOUTIER EN",47.004667,-2.257167,11.3625,10.1916666666667,93,2.62083333333333,2021-12-12
"20211213","NOIRMOUTIER EN",47.004667,-2.257167,8.14166666666667,7.47916666666667,95.5,2.2875,2021-12-13
"20211214","NOIRMOUTIER EN",47.004667,-2.257167,6.59583333333333,6.42916666666667,99.125,3.12083333333333,2021-12-14
"20211215","NOIRMOUTIER EN",47.004667,-2.257167,5.25,5.12083333333333,99.0416666666667,4.50416666666667,2021-12-15
"20211216","NOIRMOUTIER EN",47.004667,-2.257167,6.87916666666667,5.49166666666667,91.1666666666667,5.19166666666667,2021-12-16
"20211217","NOIRMOUTIER EN",47.004667,-2.257167,7.92083333333333,4.31666666666667,78.1666666666667,6.39166666666667,2021-12-17
"20211218","NOIRMOUTIER EN",47.004667,-2.257167,6.6125,3.42916666666667,80.5,4.975,2021-12-18
"20211219","NOIRMOUTIER EN",47.004667,-2.257167,4.94583333333333,2.7375,85.6666666666667,5.2125,2021-12-19
"20211220","NOIRMOUTIER EN",47.004667,-2.257167,3.92083333333333,1.94166666666667,86.8333333333333,4.7125,2021-12-20
"20211221","NOIRMOUTIER EN",47.004667,-2.257167,3.475,0.545833333333333,81.5,4.5,2021-12-21
"20211222","NOIRMOUTIER EN",47.004667,-2.257167,2.04166666666667,0.4875,89.5833333333333,3.93333333333333,2021-12-22
"20211223","NOIRMOUTIER EN",47.004667,-2.257167,8.35833333333333,7.62083333333333,95.0833333333333,4.21666666666667,2021-12-23
"20211224","NOIRMOUTIER EN",47.004667,-2.257167,9.9,9.33333333333333,96.375,3.70416666666667,2021-12-24
"20211225","NOIRMOUTIER EN",47.004667,-2.257167,10.2375,9.75833333333333,96.7916666666667,4.1125,2021-12-25
"20211226","NOIRMOUTIER EN",47.004667,-2.257167,10.9458333333333,10.5833333333333,97.6666666666667,4.5875,2021-12-26
"20211227","NOIRMOUTIER EN",47.004667,-2.257167,11.9291666666667,11.1041666666667,94.7916666666667,8.71666666666667,2021-12-27
"20211228","NOIRMOUTIER EN",47.004667,-2.257167,12.1208333333333,11.4833333333333,96,7.49583333333333,2021-12-28
"20211229","NOIRMOUTIER EN",47.004667,-2.257167,12.5416666666667,12.2083333333333,98,7.5625,2021-12-29
"20211230","NOIRMOUTIER EN",47.004667,-2.257167,12.7791666666667,11.1625,90,4.90833333333333,2021-12-30
"20211231","NOIRMOUTIER EN",47.004667,-2.257167,11.5791666666667,10.3916666666667,92.5833333333333,2.92083333333333,2021-12-31
"20220101","NOIRMOUTIER EN",47.004667,-2.257167,11.3,9.53333333333333,89,4.37916666666667,2022-01-01
"20220102","NOIRMOUTIER EN",47.004667,-2.257167,12.2375,11.0958333333333,92.8333333333333,5.99583333333333,2022-01-02
"20220103","NOIRMOUTIER EN",47.004667,-2.257167,11.85,11.375,97,6.91666666666667,2022-01-03
"20220104","NOIRMOUTIER EN",47.004667,-2.257167,9.40833333333333,6.80833333333333,84.4166666666667,5.4125,2022-01-04
"20220105","NOIRMOUTIER EN",47.004667,-2.257167,6.62916666666667,2.0875,72.9583333333333,2.47083333333333,2022-01-05
"20220106","NOIRMOUTIER EN",47.004667,-2.257167,6.64583333333333,2.09166666666667,73.7083333333333,3.4375,2022-01-06
"20220107","NOIRMOUTIER EN",47.004667,-2.257167,9.4875,6.59166666666667,82.4166666666667,6.92916666666667,2022-01-07
"20220108","NOIRMOUTIER EN",47.004667,-2.257167,10.1708333333333,7.80833333333333,85.5833333333333,9.3875,2022-01-08
"20220109","NOIRMOUTIER EN",47.004667,-2.257167,9.525,7.8125,89.3333333333333,4.99166666666667,2022-01-09
"20220110","NOIRMOUTIER EN",47.004667,-2.257167,10.4,10.0208333333333,97.5,4.26666666666667,2022-01-10
"20220111","NOIRMOUTIER EN",47.004667,-2.257167,8.8375,7.06666666666667,89.0833333333333,1.76666666666667,2022-01-11
"20220112","NOIRMOUTIER EN",47.004667,-2.257167,7.1375,3.42083333333333,77.625,3.35833333333333,2022-01-12
"20220113","NOIRMOUTIER EN",47.004667,-2.257167,6.18333333333333,2.3375,76.7083333333333,4.9875,2022-01-13
"20220114","NOIRMOUTIER EN",47.004667,-2.257167,1.7375,0.191666666666667,89.5,2.19583333333333,2022-01-14
"20220115","NOIRMOUTIER EN",47.004667,-2.257167,1.95416666666667,1.55,96.9166666666667,2.39166666666667,2022-01-15
"20220116","NOIRMOUTIER EN",47.004667,-2.257167,6.50833333333333,5.5125,93.875,2.93333333333333,2022-01-16
"20220117","NOIRMOUTIER EN",47.004667,-2.257167,5.80833333333333,5.62916666666667,98.8333333333333,2.20416666666667,2022-01-17
"20220118","NOIRMOUTIER EN",47.004667,-2.257167,5.57916666666667,2.89166666666667,82.7916666666667,3.1625,2022-01-18
"20220119","NOIRMOUTIER EN",47.004667,-2.257167,6.57916666666667,3.68333333333333,82.2083333333333,2.0875,2022-01-19
"20220120","NOIRMOUTIER EN",47.004667,-2.257167,6.9625,3.96666666666667,81.8333333333333,3.9375,2022-01-20
"20220121","NOIRMOUTIER EN",47.004667,-2.257167,5.025,0.570833333333333,73.3333333333333,4.27916666666667,2022-01-21
"20220122","NOIRMOUTIER EN",47.004667,-2.257167,4.71666666666667,1.51666666666667,79.75,3.92916666666667,2022-01-22
"20220123","NOIRMOUTIER EN",47.004667,-2.257167,4.04166666666667,1.94166666666667,86.125,4.95416666666667,2022-01-23
"20220124","NOIRMOUTIER EN",47.004667,-2.257167,3.23333333333333,1.68333333333333,89.5416666666667,2.64166666666667,2022-01-24
"20220125","NOIRMOUTIER EN",47.004667,-2.257167,3.22916666666667,2.20416666666667,93.375,2.225,2022-01-25
"20220126","NOIRMOUTIER EN",47.004667,-2.257167,2.2375,0.795833333333333,90.2916666666667,2.91666666666667,2022-01-26
"20220127","NOIRMOUTIER EN",47.004667,-2.257167,4.1125,1.85416666666667,85.5,2.3875,2022-01-27
"20220128","NOIRMOUTIER EN",47.004667,-2.257167,8.25833333333333,7.95416666666667,98,1.39166666666667,2022-01-28
"20220129","NOIRMOUTIER EN",47.004667,-2.257167,8.10416666666667,7.7125,97.3333333333333,1.85833333333333,2022-01-29
"20220130","NOIRMOUTIER EN",47.004667,-2.257167,8.57083333333333,7.89583333333333,95.5833333333333,2.12916666666667,2022-01-30
"20220131","NOIRMOUTIER EN",47.004667,-2.257167,8.9125,6.04583333333333,82.9166666666667,4.95416666666667,2022-01-31
"20220201","NOIRMOUTIER EN",47.004667,-2.257167,9.21666666666667,7.4875,89.0833333333333,5.85833333333333,2022-02-01
"20220202","NOIRMOUTIER EN",47.004667,-2.257167,8.0375,7.04583333333333,93.7916666666667,2.8875,2022-02-02
"20220203","NOIRMOUTIER EN",47.004667,-2.257167,7.65833333333333,7.41666666666667,98.375,2.1375,2022-02-03
"20220204","NOIRMOUTIER EN",47.004667,-2.257167,8.90833333333333,7.15,89.2083333333333,3.65833333333333,2022-02-04
"20220205","NOIRMOUTIER EN",47.004667,-2.257167,7.08333333333333,5.32916666666667,89.2916666666667,2.4,2022-02-05
"20220206","NOIRMOUTIER EN",47.004667,-2.257167,10.4875,8.94166666666667,90.125,7.99583333333333,2022-02-06
"20220207","NOIRMOUTIER EN",47.004667,-2.257167,10.1416666666667,9.11666666666667,93.4166666666667,2.87916666666667,2022-02-07
"20220208","NOIRMOUTIER EN",47.004667,-2.257167,8.05833333333333,7.375,95.4166666666667,1.77083333333333,2022-02-08
"20220209","NOIRMOUTIER EN",47.004667,-2.257167,6.22916666666667,5.44583333333333,94.8333333333333,2.26666666666667,2022-02-09
"20220210","NOIRMOUTIER EN",47.004667,-2.257167,8.6125,6.95,89.7083333333333,2.15,2022-02-10
"20220211","NOIRMOUTIER EN",47.004667,-2.257167,6.67916666666667,2.05,73.375,2.4625,2022-02-11
"20220212","NOIRMOUTIER EN",47.004667,-2.257167,5.80416666666667,2.3125,78.375,2.75416666666667,2022-02-12
"20220213","NOIRMOUTIER EN",47.004667,-2.257167,9.4625,7.54166666666667,87.875,7.5,2022-02-13
"20220214","NOIRMOUTIER EN",47.004667,-2.257167,9.4625,6.6125,82.5833333333333,6.0875,2022-02-14
"20220215","NOIRMOUTIER EN",47.004667,-2.257167,9.77083333333333,8.1625,89.875,6.3875,2022-02-15
"20220216","NOIRMOUTIER EN",47.004667,-2.257167,11.6791666666667,11.35,97.875,9.33333333333333,2022-02-16
"20220217","NOIRMOUTIER EN",47.004667,-2.257167,11.5166666666667,10.9416666666667,96.3333333333333,6.04166666666667,2022-02-17
"20220218","NOIRMOUTIER EN",47.004667,-2.257167,10.2041666666667,7.45,83.6666666666667,7.90833333333333,2022-02-18
"20220219","NOIRMOUTIER EN",47.004667,-2.257167,9.26666666666667,5.3125,76.875,6.43333333333333,2022-02-19
"20220220","NOIRMOUTIER EN",47.004667,-2.257167,11.275,10.0458333333333,92.2916666666667,7.93333333333333,2022-02-20
"20220221","NOIRMOUTIER EN",47.004667,-2.257167,10.425,6.1375,74.9166666666667,8.49166666666667,2022-02-21
"20220222","NOIRMOUTIER EN",47.004667,-2.257167,10.4875,9.39166666666667,92.9583333333333,4.84166666666667,2022-02-22
"20220223","NOIRMOUTIER EN",47.004667,-2.257167,9.8375,6.9375,82.7916666666667,1.40833333333333,2022-02-23
"20220224","NOIRMOUTIER EN",47.004667,-2.257167,9.34166666666667,5.44166666666667,78,5.45416666666667,2022-02-24
"20220225","NOIRMOUTIER EN",47.004667,-2.257167,8.09166666666667,3.82916666666667,75.125,2.76666666666667,2022-02-25
"20220226","NOIRMOUTIER EN",47.004667,-2.257167,8.25416666666667,1.04583333333333,63.0833333333333,3.625,2022-02-26
"20220227","NOIRMOUTIER EN",47.004667,-2.257167,8.8,5.17916666666667,78.8333333333333,3.4125,2022-02-27
"20220228","NOIRMOUTIER EN",47.004667,-2.257167,8.10833333333333,8.07083333333333,99.7916666666667,3.02083333333333,2022-02-28
"20220301","NOIRMOUTIER EN",47.004667,-2.257167,10.9,8.35,84.9166666666667,3.1125,2022-03-01
"20220302","NOIRMOUTIER EN",47.004667,-2.257167,10.8833333333333,9.42916666666667,91,2.48333333333333,2022-03-02
"20220303","NOIRMOUTIER EN",47.004667,-2.257167,9.87083333333333,9.025,94.625,4.38333333333333,2022-03-03
"20220304","NOIRMOUTIER EN",47.004667,-2.257167,9.33333333333333,5.70833333333333,78.25,4.76666666666667,2022-03-04
"20220305","NOIRMOUTIER EN",47.004667,-2.257167,8.02916666666667,3.94166666666667,75.8333333333333,3.42083333333333,2022-03-05
"20220306","NOIRMOUTIER EN",47.004667,-2.257167,7.7,3.99166666666667,77.8333333333333,4.59166666666667,2022-03-06
"20220307","NOIRMOUTIER EN",47.004667,-2.257167,5.3625,-1.275,63.0416666666667,4.15833333333333,2022-03-07
"20220308","NOIRMOUTIER EN",47.004667,-2.257167,8.95833333333333,5.79583333333333,81.0833333333333,4.26666666666667,2022-03-08
"20220309","NOIRMOUTIER EN",47.004667,-2.257167,9.90416666666667,7.82083333333333,87.4583333333333,5.3,2022-03-09
"20220310","NOIRMOUTIER EN",47.004667,-2.257167,10.3,8.4625,88.7083333333333,2.95416666666667,2022-03-10
"20220311","NOIRMOUTIER EN",47.004667,-2.257167,11.025,8.40833333333333,84.0416666666667,7.35416666666667,2022-03-11
"20220312","NOIRMOUTIER EN",47.004667,-2.257167,10.6291666666667,7.49166666666667,81.0416666666667,6.22916666666667,2022-03-12
"20220313","NOIRMOUTIER EN",47.004667,-2.257167,10.1916666666667,6.89166666666667,80.1666666666667,5.0125,2022-03-13
"20220314","NOIRMOUTIER EN",47.004667,-2.257167,11.1083333333333,5.025,68.5833333333333,3.80833333333333,2022-03-14
"20220315","NOIRMOUTIER EN",47.004667,-2.257167,12.6416666666667,9.85,83.4583333333333,2.75,2022-03-15
"20220316","NOIRMOUTIER EN",47.004667,-2.257167,11.775,9.775,87.7083333333333,4.27916666666667,2022-03-16
"20220317","NOIRMOUTIER EN",47.004667,-2.257167,8.78333333333333,4.03333333333333,72.75,4.32916666666667,2022-03-17
"20220318","NOIRMOUTIER EN",47.004667,-2.257167,9.62916666666667,1.06666666666667,56.9583333333333,6.14583333333333,2022-03-18
"20220319","NOIRMOUTIER EN",47.004667,-2.257167,11.6,4.81666666666667,63.5,4.65,2022-03-19
"20220320","NOIRMOUTIER EN",47.004667,-2.257167,12.2625,7.39166666666667,72.75,2.82083333333333,2022-03-20
"20220321","NOIRMOUTIER EN",47.004667,-2.257167,13.0958333333333,8.22916666666667,72.9166666666667,3.39583333333333,2022-03-21
"20220322","NOIRMOUTIER EN",47.004667,-2.257167,12.3958333333333,4.9375,60.6666666666667,4.3375,2022-03-22
"20220323","NOIRMOUTIER EN",47.004667,-2.257167,11.1875,3.99583333333333,62.125,2.79583333333333,2022-03-23
"20220324","NOIRMOUTIER EN",47.004667,-2.257167,12.625,2.67916666666667,52.5833333333333,2.68333333333333,2022-03-24
"20220325","NOIRMOUTIER EN",47.004667,-2.257167,13.7708333333333,3.89583333333333,53.1666666666667,3.60416666666667,2022-03-25
"20220326","NOIRMOUTIER EN",47.004667,-2.257167,14.5625,4.0875,50.2916666666667,5.075,2022-03-26
"20220327","NOIRMOUTIER EN",47.004667,-2.257167,13.8333333333333,4.8875,56,2.82916666666667,2022-03-27
"20220328","NOIRMOUTIER EN",47.004667,-2.257167,14.0583333333333,6.45416666666667,60.9166666666667,3.46666666666667,2022-03-28
"20220329","NOIRMOUTIER EN",47.004667,-2.257167,11.6916666666667,9.64583333333333,87.625,3.27083333333333,2022-03-29
"20220330","NOIRMOUTIER EN",47.004667,-2.257167,10.9541666666667,8.64166666666667,85.8333333333333,3.1375,2022-03-30
"20220331","NOIRMOUTIER EN",47.004667,-2.257167,7.27916666666667,3.38333333333333,76.4166666666667,5.57916666666667,2022-03-31
"20220401","NOIRMOUTIER EN",47.004667,-2.257167,6.40416666666667,-1.17083333333333,59.3333333333333,6.41666666666667,2022-04-01
"20220402","NOIRMOUTIER EN",47.004667,-2.257167,6.73333333333333,0.108333333333333,63.0416666666667,4.125,2022-04-02
"20220403","NOIRMOUTIER EN",47.004667,-2.257167,6.325,-2.7625,53.6666666666667,4.68333333333333,2022-04-03
"20220404","NOIRMOUTIER EN",47.004667,-2.257167,7.025,1.44166666666667,69.1666666666667,3.55416666666667,2022-04-04
"20220405","NOIRMOUTIER EN",47.004667,-2.257167,11.1083333333333,9.64583333333333,91,4.05833333333333,2022-04-05
"20220406","NOIRMOUTIER EN",47.004667,-2.257167,11.2583333333333,8.77916666666667,84.9583333333333,6.57916666666667,2022-04-06
"20220407","NOIRMOUTIER EN",47.004667,-2.257167,12.1458333333333,11.0375,92.9583333333333,8.82083333333333,2022-04-07
"20220408","NOIRMOUTIER EN",47.004667,-2.257167,11.3208333333333,9.02083333333333,86.1666666666667,9.2375,2022-04-08
"20220409","NOIRMOUTIER EN",47.004667,-2.257167,8.94583333333333,2.95416666666667,66.875,3.12916666666667,2022-04-09
"20220410","NOIRMOUTIER EN",47.004667,-2.257167,11.0166666666667,3.4625,61.7916666666667,3.85,2022-04-10
"20220411","NOIRMOUTIER EN",47.004667,-2.257167,14.3041666666667,8.04166666666667,66.1666666666667,4.99166666666667,2022-04-11
"20220412","NOIRMOUTIER EN",47.004667,-2.257167,12.6041666666667,10.6875,88.5,3.2625,2022-04-12
"20220413","NOIRMOUTIER EN",47.004667,-2.257167,13.0833333333333,10.1625,84.0833333333333,1.85416666666667,2022-04-13
"20220414","NOIRMOUTIER EN",47.004667,-2.257167,14.1625,10.7708333333333,81.125,2.36666666666667,2022-04-14
"20220415","NOIRMOUTIER EN",47.004667,-2.257167,15.8083333333333,11.1541666666667,75.875,2.62083333333333,2022-04-15
"20220416","NOIRMOUTIER EN",47.004667,-2.257167,16.4291666666667,10.175,68.375,2.6875,2022-04-16
"20220417","NOIRMOUTIER EN",47.004667,-2.257167,14.325,8.94166666666667,71.4166666666667,3.0375,2022-04-17
"20220418","NOIRMOUTIER EN",47.004667,-2.257167,12.4333333333333,9.17083333333333,81.2083333333333,3.61666666666667,2022-04-18
"20220419","NOIRMOUTIER EN",47.004667,-2.257167,11.2791666666667,5.69583333333333,69.1666666666667,4.075,2022-04-19
"20220420","NOIRMOUTIER EN",47.004667,-2.257167,12.2375,8.03333333333333,75.9583333333333,4.47083333333333,2022-04-20
"20220421","NOIRMOUTIER EN",47.004667,-2.257167,13.3083333333333,9.87083333333333,80.125,2.97083333333333,2022-04-21
"20220422","NOIRMOUTIER EN",47.004667,-2.257167,13.6208333333333,9.50416666666667,77.2916666666667,2.84166666666667,2022-04-22
"20220423","NOIRMOUTIER EN",47.004667,-2.257167,14.3458333333333,10.35,77.4166666666667,3.75,2022-04-23
"20220424","NOIRMOUTIER EN",47.004667,-2.257167,13.4833333333333,11.1041666666667,85.75,3.8,2022-04-24
"20220425","NOIRMOUTIER EN",47.004667,-2.257167,13.8041666666667,10.575,81.625,2.7375,2022-04-25
"20220426","NOIRMOUTIER EN",47.004667,-2.257167,14.1708333333333,6.55,61.5,4.68333333333333,2022-04-26
"20220427","NOIRMOUTIER EN",47.004667,-2.257167,15.0041666666667,7.02083333333333,59.875,5.42083333333333,2022-04-27
"20220428","NOIRMOUTIER EN",47.004667,-2.257167,15.7583333333333,9.06666666666667,65.125,3.50833333333333,2022-04-28
"20220429","NOIRMOUTIER EN",47.004667,-2.257167,14.9958333333333,10.7208333333333,76.2916666666667,3.60416666666667,2022-04-29
"20220430","NOIRMOUTIER EN",47.004667,-2.257167,13.2375,7.25,67.75,4.075,2022-04-30
"20220501","NOIRMOUTIER EN",47.004667,-2.257167,14.525,6.8875,62.375,3.14166666666667,2022-05-01
"20220502","NOIRMOUTIER EN",47.004667,-2.257167,13.7875,10.025,78.25,2.63333333333333,2022-05-02
"20220503","NOIRMOUTIER EN",47.004667,-2.257167,14.4916666666667,8.44583333333333,68.0833333333333,2.93333333333333,2022-05-03
"20220504","NOIRMOUTIER EN",47.004667,-2.257167,14.0583333333333,9.65,75.375,3.8,2022-05-04
"20220505","NOIRMOUTIER EN",47.004667,-2.257167,13.5333333333333,10.3541666666667,81.5416666666667,3.50833333333333,2022-05-05
"20220506","NOIRMOUTIER EN",47.004667,-2.257167,14.675,10.5208333333333,76.7916666666667,3.75833333333333,2022-05-06
"20220507","NOIRMOUTIER EN",47.004667,-2.257167,14.4375,11.0833333333333,80.6666666666667,3.85833333333333,2022-05-07
"20220508","NOIRMOUTIER EN",47.004667,-2.257167,17.0666666666667,11.5458333333333,71.8333333333333,3.38333333333333,2022-05-08
"20220509","NOIRMOUTIER EN",47.004667,-2.257167,18.7333333333333,12.3458333333333,68.5833333333333,2.61666666666667,2022-05-09
"20220510","NOIRMOUTIER EN",47.004667,-2.257167,16.0208333333333,13.3166666666667,84.9583333333333,2.42083333333333,2022-05-10
"20220511","NOIRMOUTIER EN",47.004667,-2.257167,16.0090909090909,13.1227272727273,83.3181818181818,5.03636363636364,2022-05-11
"20220512","NOIRMOUTIER EN",47.004667,-2.257167,14.6208333333333,10.0916666666667,74.625,3.49166666666667,2022-05-12
"20220513","NOIRMOUTIER EN",47.004667,-2.257167,15.6,9.375,67.375,3.70416666666667,2022-05-13
"20220514","NOIRMOUTIER EN",47.004667,-2.257167,18.5583333333333,12.1333333333333,66.9583333333333,3.20833333333333,2022-05-14
"20220515","NOIRMOUTIER EN",47.004667,-2.257167,19.7125,15.2875,76.375,5.00416666666667,2022-05-15
"20220516","NOIRMOUTIER EN",47.004667,-2.257167,18.2541666666667,14.7791666666667,81.2083333333333,3.8625,2022-05-16
"20220517","NOIRMOUTIER EN",47.004667,-2.257167,19.5416666666667,14.6458333333333,75.2083333333333,3.97083333333333,2022-05-17
"20220518","NOIRMOUTIER EN",47.004667,-2.257167,19.2666666666667,13.9125,73.9166666666667,3.04166666666667,2022-05-18
"20220519","NOIRMOUTIER EN",47.004667,-2.257167,17.3916666666667,12.8291666666667,75.8333333333333,3.45416666666667,2022-05-19
"20220520","NOIRMOUTIER EN",47.004667,-2.257167,16.7291666666667,13.425,81.375,3.93333333333333,2022-05-20
"20220521","NOIRMOUTIER EN",47.004667,-2.257167,18.5916666666667,13.2208333333333,72.5,3.19166666666667,2022-05-21
"20220522","NOIRMOUTIER EN",47.004667,-2.257167,21.1916666666667,15.1666666666667,69.5416666666667,3.46666666666667,2022-05-22
"20220523","NOIRMOUTIER EN",47.004667,-2.257167,15.8833333333333,13.2041666666667,84.4166666666667,5.34583333333333,2022-05-23
"20220524","NOIRMOUTIER EN",47.004667,-2.257167,14.8208333333333,10.2291666666667,74.375,4.625,2022-05-24
"20220525","NOIRMOUTIER EN",47.004667,-2.257167,15.5291666666667,11.5333333333333,77.5,4.125,2022-05-25
"20220526","NOIRMOUTIER EN",47.004667,-2.257167,15.675,12.0916666666667,79.5833333333333,3.22916666666667,2022-05-26
"20220527","NOIRMOUTIER EN",47.004667,-2.257167,15.4416666666667,12.6041666666667,83.5833333333333,2.8125,2022-05-27
"20220528","NOIRMOUTIER EN",47.004667,-2.257167,17.2958333333333,9.71666666666667,63.375,4.59583333333333,2022-05-28
"20220529","NOIRMOUTIER EN",47.004667,-2.257167,15.5041666666667,5.8375,54.625,5.52916666666667,2022-05-29
"20220530","NOIRMOUTIER EN",47.004667,-2.257167,14.6541666666667,7.5125,63.625,4.125,2022-05-30
"20220531","NOIRMOUTIER EN",47.004667,-2.257167,15.4541666666667,8.61666666666667,65.8333333333333,2.5375,2022-05-31
"20220601","NOIRMOUTIER EN",47.004667,-2.257167,17.1458333333333,9.31666666666667,61,3.1625,2022-06-01
"20220602","NOIRMOUTIER EN",47.004667,-2.257167,19.05,11.7291666666667,63.2916666666667,3.5875,2022-06-02
"20220603","NOIRMOUTIER EN",47.004667,-2.257167,18.9166666666667,14.8416666666667,77.8333333333333,2.35,2022-06-03
"20220604","NOIRMOUTIER EN",47.004667,-2.257167,17.8166666666667,15.8041666666667,88.5,2.71666666666667,2022-06-04
"20220605","NOIRMOUTIER EN",47.004667,-2.257167,17.0083333333333,13.125,78.5833333333333,4.72083333333333,2022-06-05
"20220606","NOIRMOUTIER EN",47.004667,-2.257167,15.9625,13.2958333333333,84.4583333333333,3.8,2022-06-06
"20220607","NOIRMOUTIER EN",47.004667,-2.257167,17.4416666666667,14.5333333333333,83.375,5.85,2022-06-07
"20220608","NOIRMOUTIER EN",47.004667,-2.257167,17.3541666666667,14.1416666666667,81.9166666666667,6.3125,2022-06-08
"20220609","NOIRMOUTIER EN",47.004667,-2.257167,17.6375,13.4625,76.75,3.96666666666667,2022-06-09
"20220610","NOIRMOUTIER EN",47.004667,-2.257167,18.0625,14.25,78.6666666666667,2.95,2022-06-10
"20220611","NOIRMOUTIER EN",47.004667,-2.257167,18.0583333333333,14.0458333333333,78.125,3.45833333333333,2022-06-11
"20220612","NOIRMOUTIER EN",47.004667,-2.257167,18.9208333333333,11.025,61.75,4.7375,2022-06-12
"20220613","NOIRMOUTIER EN",47.004667,-2.257167,18.7875,10.4833333333333,61.0833333333333,4.05416666666667,2022-06-13
"20220614","NOIRMOUTIER EN",47.004667,-2.257167,21.8291666666667,11.8041666666667,55.875,3.92916666666667,2022-06-14
"20220615","NOIRMOUTIER EN",47.004667,-2.257167,21.2833333333333,13.9958333333333,63.7916666666667,3.56666666666667,2022-06-15
"20220616","NOIRMOUTIER EN",47.004667,-2.257167,22.7333333333333,14.0708333333333,59.375,2.9875,2022-06-16
"20220617","NOIRMOUTIER EN",47.004667,-2.257167,26.9375,15.1875,50.0416666666667,2.55,2022-06-17
"20220618","NOIRMOUTIER EN",47.004667,-2.257167,27.0666666666667,15.5916666666667,51.4166666666667,3.6125,2022-06-18
"20220619","NOIRMOUTIER EN",47.004667,-2.257167,19.6375,16.5458333333333,82.5833333333333,5.08333333333333,2022-06-19
"20220620","NOIRMOUTIER EN",47.004667,-2.257167,20.1708333333333,15.8458333333333,77.3333333333333,2.67916666666667,2022-06-20
"20220621","NOIRMOUTIER EN",47.004667,-2.257167,19.7166666666667,17.0333333333333,85,2.5625,2022-06-21
"20220622","NOIRMOUTIER EN",47.004667,-2.257167,18.6791666666667,16.7333333333333,88.625,3.025,2022-06-22
"20220623","NOIRMOUTIER EN",47.004667,-2.257167,18.675,15.2916666666667,81.4166666666667,2.7375,2022-06-23
"20220624","NOIRMOUTIER EN",47.004667,-2.257167,17.8375,14.85,83.0416666666667,5.80416666666667,2022-06-24
"20220625","NOIRMOUTIER EN",47.004667,-2.257167,17.1791666666667,11.1833333333333,68.3333333333333,4.88333333333333,2022-06-25
"20220626","NOIRMOUTIER EN",47.004667,-2.257167,17.2708333333333,10.5458333333333,64.9583333333333,3.6875,2022-06-26
"20220627","NOIRMOUTIER EN",47.004667,-2.257167,16.925,10.8791666666667,67.9583333333333,3.475,2022-06-27
"20220628","NOIRMOUTIER EN",47.004667,-2.257167,17.5458333333333,10.9458333333333,65.8333333333333,3.8625,2022-06-28
"20220629","NOIRMOUTIER EN",47.004667,-2.257167,17.3208333333333,12.8875,76.0416666666667,4.2125,2022-06-29
"20220630","NOIRMOUTIER EN",47.004667,-2.257167,16.3791666666667,10.7625,69.875,4.15416666666667,2022-06-30
"20220701","NOIRMOUTIER EN",47.004667,-2.257167,16.8166666666667,11,69.3333333333333,2.275,2022-07-01
"20220702","NOIRMOUTIER EN",47.004667,-2.257167,17.1708333333333,11.8,72.375,3.22083333333333,2022-07-02
"20220703","NOIRMOUTIER EN",47.004667,-2.257167,17.4583333333333,12.3041666666667,72.1666666666667,4.2375,2022-07-03
"20220704","NOIRMOUTIER EN",47.004667,-2.257167,17.5958333333333,12.1583333333333,70.9583333333333,4.71666666666667,2022-07-04
"20220705","NOIRMOUTIER EN",47.004667,-2.257167,18.3125,12.1166666666667,68,4.55,2022-07-05
"20220706","NOIRMOUTIER EN",47.004667,-2.257167,19.7833333333333,13.5208333333333,68.2916666666667,4.45,2022-07-06
"20220707","NOIRMOUTIER EN",47.004667,-2.257167,19.3833333333333,14.6666666666667,74.5416666666667,4.05416666666667,2022-07-07
"20220708","NOIRMOUTIER EN",47.004667,-2.257167,22.4916666666667,12.4625,56.0416666666667,4.11666666666667,2022-07-08
"20220709","NOIRMOUTIER EN",47.004667,-2.257167,23.0458333333333,14.375,59.6666666666667,3.5625,2022-07-09
"20220710","NOIRMOUTIER EN",47.004667,-2.257167,24.2625,11.7583333333333,48.7916666666667,4.24166666666667,2022-07-10
"20220711","NOIRMOUTIER EN",47.004667,-2.257167,25.6416666666667,12.6541666666667,47.125,3.83333333333333,2022-07-11
"20220712","NOIRMOUTIER EN",47.004667,-2.257167,26.0625,14.5583333333333,50.8333333333333,3.07083333333333,2022-07-12
"20220713","NOIRMOUTIER EN",47.004667,-2.257167,24.6041666666667,15.8208333333333,60.3333333333333,2.38333333333333,2022-07-13
"20220714","NOIRMOUTIER EN",47.004667,-2.257167,22.8791666666667,13.2833333333333,56.625,3.54583333333333,2022-07-14
"20220715","NOIRMOUTIER EN",47.004667,-2.257167,22.7541666666667,11.5666666666667,52.7083333333333,3.49583333333333,2022-07-15
"20220716","NOIRMOUTIER EN",47.004667,-2.257167,25.1333333333333,10.5708333333333,43.2083333333333,4.26666666666667,2022-07-16
"20220717","NOIRMOUTIER EN",47.004667,-2.257167,27.4541666666667,11.5041666666667,38.4166666666667,4.2375,2022-07-17
"20220718","NOIRMOUTIER EN",47.004667,-2.257167,30.3208333333333,13.075,36.875,2.57083333333333,2022-07-18
"20220719","NOIRMOUTIER EN",47.004667,-2.257167,22.4625,17.4875,74.9583333333333,4.42083333333333,2022-07-19
"20220720","NOIRMOUTIER EN",47.004667,-2.257167,20.1125,17.0875,83.125,4.4375,2022-07-20
"20220721","NOIRMOUTIER EN",47.004667,-2.257167,19.2208333333333,14.2875,74.0833333333333,3.42916666666667,2022-07-21
"20220722","NOIRMOUTIER EN",47.004667,-2.257167,19.4583333333333,15.4708333333333,78.2916666666667,3.48333333333333,2022-07-22
"20220723","NOIRMOUTIER EN",47.004667,-2.257167,18.9458333333333,13.4958333333333,71.5,3.05416666666667,2022-07-23
"20220724","NOIRMOUTIER EN",47.004667,-2.257167,20.6958333333333,14.8625,72.7916666666667,2.75833333333333,2022-07-24
"20220725","NOIRMOUTIER EN",47.004667,-2.257167,19.8958333333333,15.95,78.7916666666667,5.51666666666667,2022-07-25
"20220726","NOIRMOUTIER EN",47.004667,-2.257167,19.3541666666667,13.3,68.8333333333333,3.8125,2022-07-26
"20220727","NOIRMOUTIER EN",47.004667,-2.257167,19.5875,11.2,59.5833333333333,3.62083333333333,2022-07-27
"20220728","NOIRMOUTIER EN",47.004667,-2.257167,20.9625,13.7375,64.3333333333333,3.45,2022-07-28
"20220729","NOIRMOUTIER EN",47.004667,-2.257167,20.4125,15.8541666666667,75.7083333333333,3.65833333333333,2022-07-29
"20220730","NOIRMOUTIER EN",47.004667,-2.257167,19.8125,15.65,77.7083333333333,4.03333333333333,2022-07-30
"20220731","NOIRMOUTIER EN",47.004667,-2.257167,18.9291666666667,16.4666666666667,86.3333333333333,3.79166666666667,2022-07-31
"20220801","NOIRMOUTIER EN",47.004667,-2.257167,19.6541666666667,17.2083333333333,86.375,3.54166666666667,2022-08-01
"20220802","NOIRMOUTIER EN",47.004667,-2.257167,22.8458333333333,16.375,69.1666666666667,2.925,2022-08-02
"20220803","NOIRMOUTIER EN",47.004667,-2.257167,22.0416666666667,17.2166666666667,75.0833333333333,2.88333333333333,2022-08-03
"20220804","NOIRMOUTIER EN",47.004667,-2.257167,21.0666666666667,15.5291666666667,71.5833333333333,4.4625,2022-08-04
"20220805","NOIRMOUTIER EN",47.004667,-2.257167,20.2708333333333,10.9875,57.2083333333333,4.98333333333333,2022-08-05
"20220806","NOIRMOUTIER EN",47.004667,-2.257167,21.4958333333333,8.225,45.6666666666667,5.04166666666667,2022-08-06
"20220807","NOIRMOUTIER EN",47.004667,-2.257167,22.6708333333333,8.9125,43.5833333333333,4.72916666666667,2022-08-07
"20220808","NOIRMOUTIER EN",47.004667,-2.257167,24.0875,10.075,43.7916666666667,4.55,2022-08-08
"20220809","NOIRMOUTIER EN",47.004667,-2.257167,25.1958333333333,12.1041666666667,47.1666666666667,4.025,2022-08-09
"20220810","NOIRMOUTIER EN",47.004667,-2.257167,26.875,11.6791666666667,43,3.8625,2022-08-10
"20220811","NOIRMOUTIER EN",47.004667,-2.257167,27.525,10.3125,36.7083333333333,3.72916666666667,2022-08-11
"20220812","NOIRMOUTIER EN",47.004667,-2.257167,27.1583333333333,9.94166666666667,36.3333333333333,3.1625,2022-08-12
"20220813","NOIRMOUTIER EN",47.004667,-2.257167,23.7916666666667,15.5708333333333,63.5,3.60416666666667,2022-08-13
"20220814","NOIRMOUTIER EN",47.004667,-2.257167,19.35,17.975,91.7916666666667,4.6375,2022-08-14
"20220815","NOIRMOUTIER EN",47.004667,-2.257167,20.1916666666667,17.55,85.125,3.77916666666667,2022-08-15
"20220816","NOIRMOUTIER EN",47.004667,-2.257167,19.5791666666667,16.8041666666667,84.5833333333333,3.7125,2022-08-16
"20220817","NOIRMOUTIER EN",47.004667,-2.257167,18.9833333333333,16.2958333333333,84.7916666666667,2.8125,2022-08-17
"20220818","NOIRMOUTIER EN",47.004667,-2.257167,19.1,16.425,84.875,4.97916666666667,2022-08-18
"20220819","NOIRMOUTIER EN",47.004667,-2.257167,19.9916666666667,18.2125,89.7083333333333,3.75416666666667,2022-08-19
"20220820","NOIRMOUTIER EN",47.004667,-2.257167,18.7125,15.25,81,2.5375,2022-08-20
"20220821","NOIRMOUTIER EN",47.004667,-2.257167,18.9416666666667,16.7,87.0833333333333,2.4875,2022-08-21
"20220822","NOIRMOUTIER EN",47.004667,-2.257167,20.0958333333333,18.2791666666667,89.75,3.74583333333333,2022-08-22
"20220823","NOIRMOUTIER EN",47.004667,-2.257167,20.9791666666667,18.5375,86.6666666666667,2.33333333333333,2022-08-23
"20220824","NOIRMOUTIER EN",47.004667,-2.257167,22.5666666666667,18.1791666666667,77.75,3.69166666666667,2022-08-24
"20220825","NOIRMOUTIER EN",47.004667,-2.257167,20.9166666666667,17.9291666666667,83.375,3.1375,2022-08-25
"20220826","NOIRMOUTIER EN",47.004667,-2.257167,18.9708333333333,14.2541666666667,74.9583333333333,3.83333333333333,2022-08-26
"20220827","NOIRMOUTIER EN",47.004667,-2.257167,20.7875,13.4666666666667,64.6666666666667,3.575,2022-08-27
"20220828","NOIRMOUTIER EN",47.004667,-2.257167,22.7916666666667,12.1958333333333,52.5,4.10416666666667,2022-08-28
"20220829","NOIRMOUTIER EN",47.004667,-2.257167,22.675,14.0583333333333,59.1666666666667,3.34166666666667,2022-08-29
"20220830","NOIRMOUTIER EN",47.004667,-2.257167,22.5083333333333,17.2541666666667,73.625,3.19583333333333,2022-08-30
"20220831","NOIRMOUTIER EN",47.004667,-2.257167,20.1083333333333,18.3916666666667,90.1666666666667,1.8375,2022-08-31
"20220901","NOIRMOUTIER EN",47.004667,-2.257167,20.5041666666667,17.8583333333333,85.4583333333333,1.74583333333333,2022-09-01
"20220902","NOIRMOUTIER EN",47.004667,-2.257167,20.2791666666667,17.5041666666667,84.8333333333333,3.16666666666667,2022-09-02
"20220903","NOIRMOUTIER EN",47.004667,-2.257167,20.1125,15.5291666666667,76,4.28333333333333,2022-09-03
"20220904","NOIRMOUTIER EN",47.004667,-2.257167,21.125,16.1875,74.4166666666667,3.72083333333333,2022-09-04
"20220905","NOIRMOUTIER EN",47.004667,-2.257167,21.6833333333333,16.5416666666667,74.625,3.50416666666667,2022-09-05
"20220906","NOIRMOUTIER EN",47.004667,-2.257167,20.4333333333333,16.8,79.7916666666667,5.83333333333333,2022-09-06
"20220907","NOIRMOUTIER EN",47.004667,-2.257167,19.5458333333333,15.4791666666667,77.5,6.65833333333333,2022-09-07
"20220908","NOIRMOUTIER EN",47.004667,-2.257167,19.0583333333333,14.9833333333333,77.5,7.7,2022-09-08
"20220909","NOIRMOUTIER EN",47.004667,-2.257167,18.5958333333333,14.4125,76.7916666666667,6.85416666666667,2022-09-09
"20220910","NOIRMOUTIER EN",47.004667,-2.257167,18.3958333333333,15.525,83.5833333333333,2.02083333333333,2022-09-10
"20220911","NOIRMOUTIER EN",47.004667,-2.257167,21.5,16.0208333333333,73.0416666666667,2.09166666666667,2022-09-11
"20220912","NOIRMOUTIER EN",47.004667,-2.257167,23.6583333333333,15.5583333333333,61.5416666666667,3.69166666666667,2022-09-12
"20220913","NOIRMOUTIER EN",47.004667,-2.257167,23.6833333333333,18.3125,72.3333333333333,4.22083333333333,2022-09-13
"20220914","NOIRMOUTIER EN",47.004667,-2.257167,20.8041666666667,18.2541666666667,85.4583333333333,3.275,2022-09-14
"20220915","NOIRMOUTIER EN",47.004667,-2.257167,19.6458333333333,15.9583333333333,79.8333333333333,3.84166666666667,2022-09-15
"20220916","NOIRMOUTIER EN",47.004667,-2.257167,17.0708333333333,9.05833333333333,61.0833333333333,4.13333333333333,2022-09-16
"20220917","NOIRMOUTIER EN",47.004667,-2.257167,15.975,7.12083333333333,57.375,3.36666666666667,2022-09-17
"20220918","NOIRMOUTIER EN",47.004667,-2.257167,16.1958333333333,6.775,54.6666666666667,3.45416666666667,2022-09-18
"20220919","NOIRMOUTIER EN",47.004667,-2.257167,16.9958333333333,8.77916666666667,60.4166666666667,3.90416666666667,2022-09-19
"20220920","NOIRMOUTIER EN",47.004667,-2.257167,17.0958333333333,8.31666666666667,57.8333333333333,3.8625,2022-09-20
"20220921","NOIRMOUTIER EN",47.004667,-2.257167,17.4833333333333,9.28333333333333,60.5416666666667,3.02083333333333,2022-09-21
"20220922","NOIRMOUTIER EN",47.004667,-2.257167,17.2875,9.55416666666667,62,2.41666666666667,2022-09-22
"20220923","NOIRMOUTIER EN",47.004667,-2.257167,16.3166666666667,13.3166666666667,82.625,2.03333333333333,2022-09-23
"20220924","NOIRMOUTIER EN",47.004667,-2.257167,16.1458333333333,11.4208333333333,74.625,4.025,2022-09-24
"20220925","NOIRMOUTIER EN",47.004667,-2.257167,16.0791666666667,9.96666666666667,68.4583333333333,3.98333333333333,2022-09-25
"20220926","NOIRMOUTIER EN",47.004667,-2.257167,15.1625,10.1666666666667,72.625,5.92916666666667,2022-09-26
"20220927","NOIRMOUTIER EN",47.004667,-2.257167,16.1458333333333,11.8791666666667,76.625,7.97916666666667,2022-09-27
"20220928","NOIRMOUTIER EN",47.004667,-2.257167,15.6791666666667,11.9458333333333,78.9583333333333,7.15,2022-09-28
"20220929","NOIRMOUTIER EN",47.004667,-2.257167,13.9958333333333,9.6375,75.4166666666667,3.85833333333333,2022-09-29
"20220930","NOIRMOUTIER EN",47.004667,-2.257167,14.0333333333333,11.3125,84.2916666666667,3.8375,2022-09-30
"20221001","NOIRMOUTIER EN",47.004667,-2.257167,17.5541666666667,16.925,96.125,7.35,2022-10-01
"20221002","NOIRMOUTIER EN",47.004667,-2.257167,17.3791666666667,15.6125,89.5,5.49166666666667,2022-10-02
"20221003","NOIRMOUTIER EN",47.004667,-2.257167,16.6125,13.8666666666667,84.1666666666667,2.275,2022-10-03
"20221004","NOIRMOUTIER EN",47.004667,-2.257167,15.5833333333333,13.8958333333333,90.2083333333333,1.275,2022-10-04
"20221005","NOIRMOUTIER EN",47.004667,-2.257167,17.5041666666667,14.2958333333333,81.625,4.90833333333333,2022-10-05
"20221006","NOIRMOUTIER EN",47.004667,-2.257167,14.6541666666667,9.3625,71.875,2.0875,2022-10-06
"20221007","NOIRMOUTIER EN",47.004667,-2.257167,14.1333333333333,9.54166666666667,75.5833333333333,2.75416666666667,2022-10-07
"20221008","NOIRMOUTIER EN",47.004667,-2.257167,15.75,11.4833333333333,76.875,2.72916666666667,2022-10-08
"20221009","NOIRMOUTIER EN",47.004667,-2.257167,16.0375,11.175,73.9166666666667,2.8375,2022-10-09
"20221010","NOIRMOUTIER EN",47.004667,-2.257167,17.3833333333333,15.3291666666667,88.0416666666667,3.1375,2022-10-10
"20221011","NOIRMOUTIER EN",47.004667,-2.257167,16.425,12.9958333333333,81.1666666666667,3.05833333333333,2022-10-11
"20221012","NOIRMOUTIER EN",47.004667,-2.257167,14.7,12.3958333333333,86.6666666666667,1.82083333333333,2022-10-12
"20221013","NOIRMOUTIER EN",47.004667,-2.257167,16.4875,15.2208333333333,92.375,5.85833333333333,2022-10-13
"20221014","NOIRMOUTIER EN",47.004667,-2.257167,17.3541666666667,16.5,94.6666666666667,6.87916666666667,2022-10-14
"20221015","NOIRMOUTIER EN",47.004667,-2.257167,16.6625,15.0125,90.2083333333333,5.38333333333333,2022-10-15
"20221016","NOIRMOUTIER EN",47.004667,-2.257167,17.3625,15.3541666666667,88.2916666666667,3.5375,2022-10-16
"20221017","NOIRMOUTIER EN",47.004667,-2.257167,17.7,15.7291666666667,88.4583333333333,2.42916666666667,2022-10-17
"20221018","NOIRMOUTIER EN",47.004667,-2.257167,18.5208333333333,17.0041666666667,91.4166666666667,3.8,2022-10-18
"20221019","NOIRMOUTIER EN",47.004667,-2.257167,19.0833333333333,16.1125,83.625,3.65,2022-10-19
"20221020","NOIRMOUTIER EN",47.004667,-2.257167,17.5333333333333,15.1416666666667,86.125,4.08333333333333,2022-10-20
"20221021","NOIRMOUTIER EN",47.004667,-2.257167,18.4833333333333,13.9625,75.2083333333333,7.45833333333333,2022-10-21
"20221022","NOIRMOUTIER EN",47.004667,-2.257167,18.4458333333333,14.7875,80,4.61666666666667,2022-10-22
"20221023","NOIRMOUTIER EN",47.004667,-2.257167,17.8375,14.1625,79.6666666666667,7.59583333333333,2022-10-23
"20221024","NOIRMOUTIER EN",47.004667,-2.257167,17.1541666666667,14.2875,83.3333333333333,8.2625,2022-10-24
"20221025","NOIRMOUTIER EN",47.004667,-2.257167,17.3375,14.0083333333333,81.5,4.35833333333333,2022-10-25
"20221026","NOIRMOUTIER EN",47.004667,-2.257167,17.8583333333333,15.6208333333333,87.0416666666667,3.59166666666667,2022-10-26
"20221027","NOIRMOUTIER EN",47.004667,-2.257167,18.4583333333333,15.5166666666667,83.4166666666667,3.9125,2022-10-27
"20221028","NOIRMOUTIER EN",47.004667,-2.257167,18.0166666666667,15.1916666666667,83.75,3.45,2022-10-28
"20221029","NOIRMOUTIER EN",47.004667,-2.257167,18.8083333333333,15.6708333333333,82.3333333333333,3.95833333333333,2022-10-29
"20221030","NOIRMOUTIER EN",47.004667,-2.257167,15.9541666666667,13.5958333333333,86.1666666666667,3.275,2022-10-30
"20221031","NOIRMOUTIER EN",47.004667,-2.257167,15.3166666666667,13.1041666666667,87,5.49166666666667,2022-10-31
"20221101","NOIRMOUTIER EN",47.004667,-2.257167,15.8208333333333,11.0125,73.2916666666667,8.79166666666667,2022-11-01
"20221102","NOIRMOUTIER EN",47.004667,-2.257167,15.6916666666667,11.25,75.0416666666667,6.04583333333333,2022-11-02
"20221103","NOIRMOUTIER EN",47.004667,-2.257167,14.5875,10.6625,77.5416666666667,8.9125,2022-11-03
"20221104","NOIRMOUTIER EN",47.004667,-2.257167,13.0666666666667,7.54166666666667,69.625,7.4,2022-11-04
"20221105","NOIRMOUTIER EN",47.004667,-2.257167,14.0041666666667,10.0041666666667,76.9166666666667,4.225,2022-11-05
"20221106","NOIRMOUTIER EN",47.004667,-2.257167,15.3166666666667,12.4708333333333,83.4166666666667,8.14583333333333,2022-11-06
"20221107","NOIRMOUTIER EN",47.004667,-2.257167,15.9666666666667,12.25,78.7916666666667,7.59166666666667,2022-11-07
"20221108","NOIRMOUTIER EN",47.004667,-2.257167,15.5041666666667,12.0208333333333,79.9166666666667,8.675,2022-11-08
"20221109","NOIRMOUTIER EN",47.004667,-2.257167,14.2875,10.5541666666667,78.5416666666667,5.26666666666667,2022-11-09
"20221110","NOIRMOUTIER EN",47.004667,-2.257167,13.1375,11.1041666666667,88.125,2.79166666666667,2022-11-10
"20221111","NOIRMOUTIER EN",47.004667,-2.257167,11.3458333333333,10.1958333333333,92.9583333333333,2.725,2022-11-11
"20221112","NOIRMOUTIER EN",47.004667,-2.257167,15.7041666666667,12.875,83.75,3.30833333333333,2022-11-12
"20221113","NOIRMOUTIER EN",47.004667,-2.257167,14.7541666666667,12.4208333333333,86.25,3.3875,2022-11-13
"20221114","NOIRMOUTIER EN",47.004667,-2.257167,14.0875,10.2375,78.5416666666667,5.475,2022-11-14
"20221115","NOIRMOUTIER EN",47.004667,-2.257167,14.0375,10.4375,79.25,9.42916666666667,2022-11-15
"20221116","NOIRMOUTIER EN",47.004667,-2.257167,14.2166666666667,11.2583333333333,82.75,10.9791666666667,2022-11-16
"20221117","NOIRMOUTIER EN",47.004667,-2.257167,13.5958333333333,9.5125,76.5416666666667,9.97083333333333,2022-11-17
"20221118","NOIRMOUTIER EN",47.004667,-2.257167,11.3541666666667,7.02916666666667,74.9583333333333,4.28333333333333,2022-11-18
"20221119","NOIRMOUTIER EN",47.004667,-2.257167,9.8625,6.00833333333333,77.1666666666667,2.30416666666667,2022-11-19
"20221120","NOIRMOUTIER EN",47.004667,-2.257167,12.6458333333333,8.9,78.375,5.66666666666667,2022-11-20
"20221121","NOIRMOUTIER EN",47.004667,-2.257167,12.2708333333333,8.04583333333333,75.75,9.56666666666667,2022-11-21
"20221122","NOIRMOUTIER EN",47.004667,-2.257167,11.6333333333333,7.375,75.6666666666667,8.40416666666667,2022-11-22
"20221123","NOIRMOUTIER EN",47.004667,-2.257167,13.2583333333333,9.67083333333333,79.6666666666667,8.79166666666667,2022-11-23
"20221124","NOIRMOUTIER EN",47.004667,-2.257167,13.5,10.2916666666667,81.0833333333333,7.10833333333333,2022-11-24
"20221125","NOIRMOUTIER EN",47.004667,-2.257167,12.2625,8.4875,78,4.425,2022-11-25
"20221126","NOIRMOUTIER EN",47.004667,-2.257167,12.0541666666667,9.50416666666667,84.75,4.45833333333333,2022-11-26
"20221127","NOIRMOUTIER EN",47.004667,-2.257167,13.3291666666667,12.4208333333333,94.2083333333333,4.625,2022-11-27
"20221128","NOIRMOUTIER EN",47.004667,-2.257167,11.575,7.86666666666667,78.2916666666667,5.0625,2022-11-28
"20221129","NOIRMOUTIER EN",47.004667,-2.257167,9.925,7.32916666666667,84.4583333333333,1.80416666666667,2022-11-29
"20221130","NOIRMOUTIER EN",47.004667,-2.257167,6.80416666666667,5.02916666666667,88.875,3.95833333333333,2022-11-30
"20221201","NOIRMOUTIER EN",47.004667,-2.257167,6.29583333333333,3.475,82.375,4.50416666666667,2022-12-01
"20221202","NOIRMOUTIER EN",47.004667,-2.257167,5.29583333333333,2.85,84.3333333333333,4.28333333333333,2022-12-02
"20221203","NOIRMOUTIER EN",47.004667,-2.257167,4.61666666666667,2.12916666666667,83.875,5.72083333333333,2022-12-03
"20221204","NOIRMOUTIER EN",47.004667,-2.257167,4.39583333333333,2.39166666666667,86.7083333333333,3.2,2022-12-04
"20221205","NOIRMOUTIER EN",47.004667,-2.257167,4.7125,2.95833333333333,88.5416666666667,3.76666666666667,2022-12-05
"20221206","NOIRMOUTIER EN",47.004667,-2.257167,4.82916666666667,2.10833333333333,82.4583333333333,4.9125,2022-12-06
"20221207","NOIRMOUTIER EN",47.004667,-2.257167,5.00416666666667,1.96666666666667,80.7916666666667,4.19166666666667,2022-12-07
"20221208","NOIRMOUTIER EN",47.004667,-2.257167,2.1625,0.404166666666667,88.4583333333333,5.025,2022-12-08
"20221209","NOIRMOUTIER EN",47.004667,-2.257167,2.77916666666667,-0.225,81.25,4.62916666666667,2022-12-09
"20221210","NOIRMOUTIER EN",47.004667,-2.257167,2.75,0.279166666666667,84.375,2.08333333333333,2022-12-10
"20221211","NOIRMOUTIER EN",47.004667,-2.257167,2.41666666666667,0.183333333333333,85.5,3.7,2022-12-11
"20221212","NOIRMOUTIER EN",47.004667,-2.257167,2.1125,-0.608333333333333,82.9583333333333,3.81666666666667,2022-12-12
"20221213","NOIRMOUTIER EN",47.004667,-2.257167,1.43333333333333,-1.375,81.875,4.15,2022-12-13
"20221214","NOIRMOUTIER EN",47.004667,-2.257167,4.35416666666667,3.85416666666667,96.5416666666667,4.33333333333333,2022-12-14
"20221215","NOIRMOUTIER EN",47.004667,-2.257167,3.5625,-0.5,76.375,7.84583333333333,2022-12-15
"20221216","NOIRMOUTIER EN",47.004667,-2.257167,3.775,-1.25833333333333,69.875,5.30833333333333,2022-12-16
"20221217","NOIRMOUTIER EN",47.004667,-2.257167,0.516666666666667,-3.05416666666667,77.1666666666667,4.02916666666667,2022-12-17
"20221218","NOIRMOUTIER EN",47.004667,-2.257167,5.66666666666667,4.52916666666667,92.6666666666667,5.8625,2022-12-18
"20221219","NOIRMOUTIER EN",47.004667,-2.257167,11.1,10.1375,93.7916666666667,6.8125,2022-12-19
"20221220","NOIRMOUTIER EN",47.004667,-2.257167,11.125,10.675,97.1666666666667,4.05,2022-12-20
"20221221","NOIRMOUTIER EN",47.004667,-2.257167,12.0875,11.1166666666667,93.9166666666667,7.31666666666667,2022-12-21
"20221222","NOIRMOUTIER EN",47.004667,-2.257167,13.2125,12.2666666666667,93.9583333333333,8.37916666666667,2022-12-22
"20221223","NOIRMOUTIER EN",47.004667,-2.257167,13.25,12.4083333333333,94.5833333333333,8.10416666666667,2022-12-23
"20221224","NOIRMOUTIER EN",47.004667,-2.257167,11.8875,10.6583333333333,92.2916666666667,4.24583333333333,2022-12-24
"20221225","NOIRMOUTIER EN",47.004667,-2.257167,11.925,11.2291666666667,95.6666666666667,3.57916666666667,2022-12-25
"20221226","NOIRMOUTIER EN",47.004667,-2.257167,10.0208333333333,8.40416666666667,89.9583333333333,2.94166666666667,2022-12-26
"20221227","NOIRMOUTIER EN",47.004667,-2.257167,9.74166666666667,8.27916666666667,90.8333333333333,3.27083333333333,2022-12-27
"20221228","NOIRMOUTIER EN",47.004667,-2.257167,12.175,10.0125,86.8333333333333,8.57916666666667,2022-12-28
"20221229","NOIRMOUTIER EN",47.004667,-2.257167,10.7,8.05833333333333,84,5.575,2022-12-29
"20221230","NOIRMOUTIER EN",47.004667,-2.257167,13.1916666666667,12.1583333333333,93.5,9.425,2022-12-30
"20221231","NOIRMOUTIER EN",47.004667,-2.257167,14.6375,11.3541666666667,80.7916666666667,7.8625,2022-12-31
"20230101","NOIRMOUTIER EN",47.004667,-2.257167,12.6166666666667,10.9625,89.75,4.9875,2023-01-01
"20230102","NOIRMOUTIER EN",47.004667,-2.257167,11.2625,8.95,86,3.74583333333333,2023-01-02
"20230103","NOIRMOUTIER EN",47.004667,-2.257167,11.65,8.95833333333333,83.75,6.14583333333333,2023-01-03
"20230104","NOIRMOUTIER EN",47.004667,-2.257167,13.0416666666667,12.15,94.3333333333333,7.58333333333333,2023-01-04
"20230105","NOIRMOUTIER EN",47.004667,-2.257167,12.3125,11.0916666666667,92.375,3.97916666666667,2023-01-05
"20230106","NOIRMOUTIER EN",47.004667,-2.257167,12.55,10.8666666666667,89.5833333333333,5.325,2023-01-06
"20230107","NOIRMOUTIER EN",47.004667,-2.257167,12.1583333333333,9.8375,85.8333333333333,7.50833333333333,2023-01-07
"20230108","NOIRMOUTIER EN",47.004667,-2.257167,10.3916666666667,7.45833333333333,82.25,7.95,2023-01-08
"20230109","NOIRMOUTIER EN",47.004667,-2.257167,9.59166666666667,5.52083333333333,75.9583333333333,8.46666666666667,2023-01-09
"20230110","NOIRMOUTIER EN",47.004667,-2.257167,12.2333333333333,10.9416666666667,91.7916666666667,7.15,2023-01-10
"20230111","NOIRMOUTIER EN",47.004667,-2.257167,11.8958333333333,9.2875,84.25,6.95,2023-01-11
"20230112","NOIRMOUTIER EN",47.004667,-2.257167,12.125,10.325,88.875,8.9625,2023-01-12
"20230113","NOIRMOUTIER EN",47.004667,-2.257167,11.675,9.3875,85.9166666666667,6.35833333333333,2023-01-13
"20230114","NOIRMOUTIER EN",47.004667,-2.257167,11.925,10.8083333333333,93.0416666666667,8.425,2023-01-14
"20230115","NOIRMOUTIER EN",47.004667,-2.257167,9.50416666666667,5.6,76.7916666666667,10.4791666666667,2023-01-15
"20230116","NOIRMOUTIER EN",47.004667,-2.257167,7.9,4.63333333333333,80.25,8.45833333333333,2023-01-16
"20230117","NOIRMOUTIER EN",47.004667,-2.257167,6.25833333333333,3.15416666666667,80.8333333333333,6.94583333333333,2023-01-17
"20230118","NOIRMOUTIER EN",47.004667,-2.257167,5.46666666666667,1.40416666666667,75.2083333333333,4.40416666666667,2023-01-18
"20230119","NOIRMOUTIER EN",47.004667,-2.257167,5.17083333333333,2.59166666666667,83.625,3.88333333333333,2023-01-19
"20230120","NOIRMOUTIER EN",47.004667,-2.257167,4.7375,2.10833333333333,83.7083333333333,1.27083333333333,2023-01-20
"20230121","NOIRMOUTIER EN",47.004667,-2.257167,4.64166666666667,0.6375,76,3.6875,2023-01-21
"20230122","NOIRMOUTIER EN",47.004667,-2.257167,2.54166666666667,-1.525,74.7083333333333,3.37083333333333,2023-01-22
"20230123","NOIRMOUTIER EN",47.004667,-2.257167,2.7625,-0.0541666666666667,81.7083333333333,4.6375,2023-01-23
"20230124","NOIRMOUTIER EN",47.004667,-2.257167,3.16666666666667,0.245833333333333,81.1666666666667,4.92083333333333,2023-01-24
"20230125","NOIRMOUTIER EN",47.004667,-2.257167,3.1,1.07916666666667,86.4166666666667,2.82083333333333,2023-01-25
"20230126","NOIRMOUTIER EN",47.004667,-2.257167,6.18333333333333,4.31666666666667,88.1666666666667,3.9,2023-01-26
"20230127","NOIRMOUTIER EN",47.004667,-2.257167,6.35416666666667,3.02083333333333,79.5,5.33333333333333,2023-01-27
"20230128","NOIRMOUTIER EN",47.004667,-2.257167,4.725,-0.279166666666667,70.3333333333333,4.72083333333333,2023-01-28
"20230129","NOIRMOUTIER EN",47.004667,-2.257167,4.5375,-0.154166666666667,71.9583333333333,1.99166666666667,2023-01-29
"20230130","NOIRMOUTIER EN",47.004667,-2.257167,8.29166666666667,6.34166666666667,87.625,2.84166666666667,2023-01-30
"20230131","NOIRMOUTIER EN",47.004667,-2.257167,8.4625,6.14166666666667,85.9166666666667,2.03333333333333,2023-01-31
"20230201","NOIRMOUTIER EN",47.004667,-2.257167,8.89166666666667,5.1125,77.875,2.4375,2023-02-01
"20230202","NOIRMOUTIER EN",47.004667,-2.257167,8.55,4.8125,77.5833333333333,1.54583333333333,2023-02-02
"20230203","NOIRMOUTIER EN",47.004667,-2.257167,9.40416666666667,4.34166666666667,70.9583333333333,1.31666666666667,2023-02-03
"20230204","NOIRMOUTIER EN",47.004667,-2.257167,9.15833333333333,4.74583333333333,73.9166666666667,2.2125,2023-02-04
"20230205","NOIRMOUTIER EN",47.004667,-2.257167,9.13333333333333,5.1875,76.5833333333333,2.88333333333333,2023-02-05
"20230206","NOIRMOUTIER EN",47.004667,-2.257167,5.75,2.2125,78.2083333333333,5.07916666666667,2023-02-06
"20230207","NOIRMOUTIER EN",47.004667,-2.257167,4.66666666666667,-0.2625,70.9583333333333,5.9125,2023-02-07
"20230208","NOIRMOUTIER EN",47.004667,-2.257167,5.12916666666667,0.6,73.25,2.8625,2023-02-08
"20230209","NOIRMOUTIER EN",47.004667,-2.257167,4.45416666666667,1.86666666666667,84.375,0.991666666666667,2023-02-09
"20230210","NOIRMOUTIER EN",47.004667,-2.257167,7.09583333333333,3.55,79.0416666666667,1.70833333333333,2023-02-10
"20230211","NOIRMOUTIER EN",47.004667,-2.257167,6.77916666666667,2.68333333333333,76.2083333333333,2.8625,2023-02-11
"20230212","NOIRMOUTIER EN",47.004667,-2.257167,7.00416666666667,3.0375,76.125,3.45,2023-02-12
"20230213","NOIRMOUTIER EN",47.004667,-2.257167,7.30833333333333,3.85416666666667,79.2083333333333,3.30833333333333,2023-02-13
"20230214","NOIRMOUTIER EN",47.004667,-2.257167,8.7375,4.13333333333333,73.25,2.52916666666667,2023-02-14
"20230215","NOIRMOUTIER EN",47.004667,-2.257167,8.62916666666667,5.975,83.8333333333333,3.1625,2023-02-15
"20230216","NOIRMOUTIER EN",47.004667,-2.257167,10.7208333333333,10.2458333333333,97,3.57916666666667,2023-02-16
"20230217","NOIRMOUTIER EN",47.004667,-2.257167,11.0666666666667,10.7458333333333,97.875,3.09166666666667,2023-02-17
"20230218","NOIRMOUTIER EN",47.004667,-2.257167,10.4416666666667,9.75416666666667,95.8333333333333,2.06666666666667,2023-02-18
"20230219","NOIRMOUTIER EN",47.004667,-2.257167,9.76666666666667,8.02083333333333,89.375,1.60416666666667,2023-02-19
"20230220","NOIRMOUTIER EN",47.004667,-2.257167,8.67083333333333,6.79583333333333,88.5,2.25,2023-02-20
"20230221","NOIRMOUTIER EN",47.004667,-2.257167,9.56666666666667,7.45416666666667,86.9583333333333,2.17916666666667,2023-02-21
"20230222","NOIRMOUTIER EN",47.004667,-2.257167,9.36666666666667,7.71666666666667,89.625,2.925,2023-02-22
"20230223","NOIRMOUTIER EN",47.004667,-2.257167,6.4,3.0625,79.4166666666667,4.50833333333333,2023-02-23
"20230224","NOIRMOUTIER EN",47.004667,-2.257167,8.06666666666667,5.8125,85.75,6.13333333333333,2023-02-24
"20230225","NOIRMOUTIER EN",47.004667,-2.257167,7.4125,3.4125,76.375,5.67916666666667,2023-02-25
"20230226","NOIRMOUTIER EN",47.004667,-2.257167,5.175,-3.00416666666667,57.5416666666667,6.63333333333333,2023-02-26
"20230227","NOIRMOUTIER EN",47.004667,-2.257167,4.22083333333333,-4.85416666666667,53.0416666666667,6.89166666666667,2023-02-27
"20230228","NOIRMOUTIER EN",47.004667,-2.257167,4.25,-1.79166666666667,66.5416666666667,5.025,2023-02-28
"20230301","NOIRMOUTIER EN",47.004667,-2.257167,4.46666666666667,-1.89166666666667,64.0833333333333,4.89583333333333,2023-03-01
"20230302","NOIRMOUTIER EN",47.004667,-2.257167,4.95833333333333,0.454166666666667,73.0416666666667,3.51666666666667,2023-03-02
"20230303","NOIRMOUTIER EN",47.004667,-2.257167,6.4125,2.69583333333333,77.5833333333333,3.57916666666667,2023-03-03
"20230304","NOIRMOUTIER EN",47.004667,-2.257167,5.9,1.4625,73.8333333333333,4.50833333333333,2023-03-04
"20230305","NOIRMOUTIER EN",47.004667,-2.257167,5.15833333333333,-0.495833333333333,67.25,2.95416666666667,2023-03-05
"20230306","NOIRMOUTIER EN",47.004667,-2.257167,6.29166666666667,0.8125,68.5,2.58333333333333,2023-03-06
"20230307","NOIRMOUTIER EN",47.004667,-2.257167,7.74166666666667,5.10416666666667,83.7083333333333,4.62916666666667,2023-03-07
"20230308","NOIRMOUTIER EN",47.004667,-2.257167,11.5291666666667,10.4625,93.25,8.65833333333333,2023-03-08
"20230309","NOIRMOUTIER EN",47.004667,-2.257167,11.6916666666667,10.0333333333333,89.75,8.39583333333333,2023-03-09
"20230310","NOIRMOUTIER EN",47.004667,-2.257167,9.12916666666667,5.975,81.375,8.7,2023-03-10
"20230311","NOIRMOUTIER EN",47.004667,-2.257167,11.3375,10.6541666666667,95.625,5.7875,2023-03-11
"20230312","NOIRMOUTIER EN",47.004667,-2.257167,11.75,10.75,93.6666666666667,5.47916666666667,2023-03-12
"20230313","NOIRMOUTIER EN",47.004667,-2.257167,12.3791666666667,10.375,87.6666666666667,8.75833333333333,2023-03-13
"20230314","NOIRMOUTIER EN",47.004667,-2.257167,10.5041666666667,6.22916666666667,75,8.53333333333333,2023-03-14
"20230315","NOIRMOUTIER EN",47.004667,-2.257167,9.62916666666667,7.10416666666667,84.5833333333333,3.70833333333333,2023-03-15
"20230316","NOIRMOUTIER EN",47.004667,-2.257167,10.75,8.14166666666667,84.2916666666667,3.725,2023-03-16
"20230317","NOIRMOUTIER EN",47.004667,-2.257167,11.7208333333333,9.8625,88.5416666666667,4.59166666666667,2023-03-17
"20230318","NOIRMOUTIER EN",47.004667,-2.257167,11.9458333333333,10.3541666666667,90.2083333333333,6.07916666666667,2023-03-18
"20230319","NOIRMOUTIER EN",47.004667,-2.257167,10.8583333333333,7.52083333333333,80.4166666666667,3.95416666666667,2023-03-19
"20230320","NOIRMOUTIER EN",47.004667,-2.257167,10.3083333333333,7.39166666666667,82.5833333333333,3.05,2023-03-20
"20230321","NOIRMOUTIER EN",47.004667,-2.257167,12.1875,10.575,90.0416666666667,5.37916666666667,2023-03-21
"20230322","NOIRMOUTIER EN",47.004667,-2.257167,11.9375,10.4541666666667,90.8333333333333,7.77083333333333,2023-03-22
"20230323","NOIRMOUTIER EN",47.004667,-2.257167,12.2583333333333,10.7916666666667,90.75,7.55,2023-03-23
"20230324","NOIRMOUTIER EN",47.004667,-2.257167,12.2875,9.98333333333333,86.0833333333333,7.77083333333333,2023-03-24
"20230325","NOIRMOUTIER EN",47.004667,-2.257167,11.2,9.1375,87.2083333333333,7.21666666666667,2023-03-25
"20230326","NOIRMOUTIER EN",47.004667,-2.257167,11.0583333333333,7.71666666666667,80.0416666666667,7.32083333333333,2023-03-26
"20230327","NOIRMOUTIER EN",47.004667,-2.257167,10.8875,7.37916666666667,79.375,2.14583333333333,2023-03-27
"20230328","NOIRMOUTIER EN",47.004667,-2.257167,10.2208333333333,5.95416666666667,75.2916666666667,5.5625,2023-03-28
"20230329","NOIRMOUTIER EN",47.004667,-2.257167,13.2833333333333,9.70833333333333,79.5416666666667,4.34583333333333,2023-03-29
"20230330","NOIRMOUTIER EN",47.004667,-2.257167,12.9875,11.125,88.5416666666667,7.33333333333333,2023-03-30
"20230331","NOIRMOUTIER EN",47.004667,-2.257167,12.6375,9.25833333333333,79.9583333333333,11.8541666666667,2023-03-31
"20230401","NOIRMOUTIER EN",47.004667,-2.257167,10.8791666666667,8.27083333333333,84.125,7.87083333333333,2023-04-01
"20230402","NOIRMOUTIER EN",47.004667,-2.257167,11.1333333333333,6.96666666666667,75.7083333333333,4.36666666666667,2023-04-02
"20230403","NOIRMOUTIER EN",47.004667,-2.257167,8.04583333333333,3.50833333333333,73.25,3.9625,2023-04-03
"20230404","NOIRMOUTIER EN",47.004667,-2.257167,9.46666666666667,2.26666666666667,62.4166666666667,3.44583333333333,2023-04-04
"20230405","NOIRMOUTIER EN",47.004667,-2.257167,9.075,4.30416666666667,73.0833333333333,2.31666666666667,2023-04-05
"20230406","NOIRMOUTIER EN",47.004667,-2.257167,11.2,8.20833333333333,81.75,3.52916666666667,2023-04-06
"20230407","NOIRMOUTIER EN",47.004667,-2.257167,11.15,5.51666666666667,69.2916666666667,2.675,2023-04-07
"20230408","NOIRMOUTIER EN",47.004667,-2.257167,12.6958333333333,5.4125,62.125,3.45,2023-04-08
"20230418","NOIRMOUTIER EN",47.004667,-2.257167,12.5291666666667,5.87916666666667,65.375,4.65416666666667,2023-04-18
"20230419","NOIRMOUTIER EN",47.004667,-2.257167,13.5958333333333,8.2875,71.3333333333333,3.45833333333333,2023-04-19
"20230420","NOIRMOUTIER EN",47.004667,-2.257167,13.8041666666667,5.44583333333333,58.2916666666667,4.73333333333333,2023-04-20
"20230421","NOIRMOUTIER EN",47.004667,-2.257167,11.2625,4.29583333333333,63.3333333333333,3.925,2023-04-21
"20230422","NOIRMOUTIER EN",47.004667,-2.257167,13.0833333333333,9.3125,78.2916666666667,4.71666666666667,2023-04-22
"20230423","NOIRMOUTIER EN",47.004667,-2.257167,12.8958333333333,9.35,79.1666666666667,8.37916666666667,2023-04-23
"20230424","NOIRMOUTIER EN",47.004667,-2.257167,12.4416666666667,7.17916666666667,70.5416666666667,5.24583333333333,2023-04-24
"20230425","NOIRMOUTIER EN",47.004667,-2.257167,11.225,6.35833333333333,72.1666666666667,2.82916666666667,2023-04-25
"20230426","NOIRMOUTIER EN",47.004667,-2.257167,13.075,11,87.2916666666667,3.09166666666667,2023-04-26
"20230427","NOIRMOUTIER EN",47.004667,-2.257167,13.45,12.6375,94.5833333333333,3.55833333333333,2023-04-27
"20230428","NOIRMOUTIER EN",47.004667,-2.257167,14.4416666666667,13.3291666666667,92.8333333333333,2.3125,2023-04-28
"20230429","NOIRMOUTIER EN",47.004667,-2.257167,13.6625,11.4875,87,3.14166666666667,2023-04-29
"20230430","NOIRMOUTIER EN",47.004667,-2.257167,14.4166666666667,12.5708333333333,88.7916666666667,2.95,2023-04-30
"20230501","NOIRMOUTIER EN",47.004667,-2.257167,13.5791666666667,10.075,80.1666666666667,3.24583333333333,2023-05-01
"20230502","NOIRMOUTIER EN",47.004667,-2.257167,15.4291666666667,9.72916666666667,69.875,2.81666666666667,2023-05-02
"20230503","NOIRMOUTIER EN",47.004667,-2.257167,17.7958333333333,8.875,56.9583333333333,5.275,2023-05-03
"20230504","NOIRMOUTIER EN",47.004667,-2.257167,16.0125,12.5875,80.4583333333333,4.97083333333333,2023-05-04
"20230505","NOIRMOUTIER EN",47.004667,-2.257167,15.3666666666667,13.1208333333333,86.4583333333333,4.94583333333333,2023-05-05
"20230506","NOIRMOUTIER EN",47.004667,-2.257167,15.5666666666667,12.8583333333333,84,2.95833333333333,2023-05-06
"20230507","NOIRMOUTIER EN",47.004667,-2.257167,15.5458333333333,13.15,85.875,3.80416666666667,2023-05-07
"20230508","NOIRMOUTIER EN",47.004667,-2.257167,14.7583333333333,12.5416666666667,86.5833333333333,3.77083333333333,2023-05-08
"20230509","NOIRMOUTIER EN",47.004667,-2.257167,15.0291666666667,12.325,84.25,6.625,2023-05-09
"20230510","NOIRMOUTIER EN",47.004667,-2.257167,14.0375,9.94583333333333,76.5416666666667,6.9875,2023-05-10
"20230511","NOIRMOUTIER EN",47.004667,-2.257167,13.6416666666667,8.77083333333333,72.5416666666667,3.6625,2023-05-11
"20230512","NOIRMOUTIER EN",47.004667,-2.257167,13.8625,9.22916666666667,73.9583333333333,4.1,2023-05-12
"20230513","NOIRMOUTIER EN",47.004667,-2.257167,14.85,10.8333333333333,77.25,4.175,2023-05-13
"20230514","NOIRMOUTIER EN",47.004667,-2.257167,14.4416666666667,11.1333333333333,80.875,3.675,2023-05-14
"20230515","NOIRMOUTIER EN",47.004667,-2.257167,14.0166666666667,9.65,75.5416666666667,3.77083333333333,2023-05-15
"20230516","NOIRMOUTIER EN",47.004667,-2.257167,14.0125,5.6875,58.9583333333333,4.31666666666667,2023-05-16
"20230517","NOIRMOUTIER EN",47.004667,-2.257167,14.7083333333333,6.25833333333333,58.25,3.9375,2023-05-17
"20230518","NOIRMOUTIER EN",47.004667,-2.257167,14.5,7.80833333333333,64.5,3.84583333333333,2023-05-18
"20230519","NOIRMOUTIER EN",47.004667,-2.257167,15.0208333333333,7.06666666666667,59.8333333333333,4.59583333333333,2023-05-19
"20230520","NOIRMOUTIER EN",47.004667,-2.257167,15.5541666666667,8.41666666666667,63.4583333333333,4.50416666666667,2023-05-20
"20230521","NOIRMOUTIER EN",47.004667,-2.257167,16.3875,10.4333333333333,68.375,3.9625,2023-05-21
"20230522","NOIRMOUTIER EN",47.004667,-2.257167,16.8375,10.2625,65.875,4.00416666666667,2023-05-22
"20230523","NOIRMOUTIER EN",47.004667,-2.257167,16.75,11.25,70.5833333333333,4.67083333333333,2023-05-23
"20230524","NOIRMOUTIER EN",47.004667,-2.257167,15.9583333333333,7.1625,58.1666666666667,5.17083333333333,2023-05-24
"20230525","NOIRMOUTIER EN",47.004667,-2.257167,17.1916666666667,8.375,58.0416666666667,4.95833333333333,2023-05-25
"20230526","NOIRMOUTIER EN",47.004667,-2.257167,19.0833333333333,11.1916666666667,61.6666666666667,4.89166666666667,2023-05-26
"20230527","NOIRMOUTIER EN",47.004667,-2.257167,20.3875,11.5333333333333,58.125,3.825,2023-05-27
"20230528","NOIRMOUTIER EN",47.004667,-2.257167,20.7583333333333,12.6541666666667,61.875,4.02083333333333,2023-05-28
"20230529","NOIRMOUTIER EN",47.004667,-2.257167,20.6625,12.3291666666667,60.2916666666667,5.24166666666667,2023-05-29
"20230530","NOIRMOUTIER EN",47.004667,-2.257167,19.7875,11.5125,60.2083333333333,5.09583333333333,2023-05-30
"20230531","NOIRMOUTIER EN",47.004667,-2.257167,19.3666666666667,10.8083333333333,59.8333333333333,4.7,2023-05-31
"20230601","NOIRMOUTIER EN",47.004667,-2.257167,21.6541666666667,12.8458333333333,59.1666666666667,4.26666666666667,2023-06-01
"20230602","NOIRMOUTIER EN",47.004667,-2.257167,20.2625,12.0958333333333,60.7083333333333,4.94583333333333,2023-06-02
"20230603","NOIRMOUTIER EN",47.004667,-2.257167,19.2625,10.1125,57.375,4.17916666666667,2023-06-03
"20230604","NOIRMOUTIER EN",47.004667,-2.257167,21.2333333333333,10.6708333333333,52.7083333333333,3.85416666666667,2023-06-04
"20230605","NOIRMOUTIER EN",47.004667,-2.257167,21.4416666666667,10.0708333333333,50,4.00833333333333,2023-06-05
"20230606","NOIRMOUTIER EN",47.004667,-2.257167,21.7791666666667,11.2833333333333,54.5,3.62083333333333,2023-06-06
"20230607","NOIRMOUTIER EN",47.004667,-2.257167,22.7458333333333,13.5333333333333,57.9583333333333,3.64166666666667,2023-06-07
"20230608","NOIRMOUTIER EN",47.004667,-2.257167,22.0541666666667,14.6625,63.5833333333333,3.525,2023-06-08
"20230609","NOIRMOUTIER EN",47.004667,-2.257167,20.7791666666667,16.9708333333333,79.125,2.04583333333333,2023-06-09
"20230610","NOIRMOUTIER EN",47.004667,-2.257167,19.8291666666667,16.7083333333333,82.875,3.44166666666667,2023-06-10
"20230611","NOIRMOUTIER EN",47.004667,-2.257167,19.5416666666667,15.575,78.625,3.075,2023-06-11
"20230612","NOIRMOUTIER EN",47.004667,-2.257167,19.7333333333333,14.9958333333333,74.7083333333333,3.24166666666667,2023-06-12
"20230613","NOIRMOUTIER EN",47.004667,-2.257167,20.7958333333333,14.9166666666667,69.625,4.09583333333333,2023-06-13
"20230614","NOIRMOUTIER EN",47.004667,-2.257167,19.6041666666667,15.1833333333333,76.0416666666667,3.94166666666667,2023-06-14
"20230615","NOIRMOUTIER EN",47.004667,-2.257167,19.1291666666667,15.5666666666667,80.5,3.99166666666667,2023-06-15
"20230616","NOIRMOUTIER EN",47.004667,-2.257167,19.25,15.9583333333333,81.9166666666667,2.24166666666667,2023-06-16
"20230617","NOIRMOUTIER EN",47.004667,-2.257167,19.7541666666667,15.0208333333333,75.7916666666667,1.95833333333333,2023-06-17
"20230618","NOIRMOUTIER EN",47.004667,-2.257167,18.7125,16.3583333333333,86.5416666666667,2.29583333333333,2023-06-18
"20230619","NOIRMOUTIER EN",47.004667,-2.257167,20.5125,16.1041666666667,77.4166666666667,1.9,2023-06-19
"20230620","NOIRMOUTIER EN",47.004667,-2.257167,20.6541666666667,16.6583333333333,78.375,3.6,2023-06-20
"20230621","NOIRMOUTIER EN",47.004667,-2.257167,19.8416666666667,15.3333333333333,76.4166666666667,2.55,2023-06-21
"20230622","NOIRMOUTIER EN",47.004667,-2.257167,20.5291666666667,15.625,74.0833333333333,4.22083333333333,2023-06-22
"20230623","NOIRMOUTIER EN",47.004667,-2.257167,20.6,14.1916666666667,68.625,2.99583333333333,2023-06-23
"20230624","NOIRMOUTIER EN",47.004667,-2.257167,23.6958333333333,13.5541666666667,55.75,2.675,2023-06-24
"20230625","NOIRMOUTIER EN",47.004667,-2.257167,22.0666666666667,16.6208333333333,71.6666666666667,4.69166666666667,2023-06-25
"20230626","NOIRMOUTIER EN",47.004667,-2.257167,19.5333333333333,12.1958333333333,63.5416666666667,4.1375,2023-06-26
"20230627","NOIRMOUTIER EN",47.004667,-2.257167,19.3125,11.9416666666667,63.2916666666667,3.35416666666667,2023-06-27
"20230628","NOIRMOUTIER EN",47.004667,-2.257167,20.6541666666667,12.8916666666667,62.5,2.97083333333333,2023-06-28
"20230629","NOIRMOUTIER EN",47.004667,-2.257167,19.8625,14.4958333333333,72.2916666666667,3.8875,2023-06-29
"20230630","NOIRMOUTIER EN",47.004667,-2.257167,17.6916666666667,13.2458333333333,76,4.18333333333333,2023-06-30
"20230701","NOIRMOUTIER EN",47.004667,-2.257167,18.85,15.6416666666667,82.25,6.10416666666667,2023-07-01
"20230702","NOIRMOUTIER EN",47.004667,-2.257167,18.4166666666667,13.9291666666667,75.5833333333333,3.97083333333333,2023-07-02
"20230703","NOIRMOUTIER EN",47.004667,-2.257167,18.0916666666667,14.7958333333333,81.4583333333333,3.1875,2023-07-03
"20230704","NOIRMOUTIER EN",47.004667,-2.257167,18.0291666666667,15.55,85.5,4.69583333333333,2023-07-04
"20230705","NOIRMOUTIER EN",47.004667,-2.257167,17.2166666666667,11.6416666666667,70.5833333333333,2.83333333333333,2023-07-05
"20230706","NOIRMOUTIER EN",47.004667,-2.257167,17.375,11.2541666666667,69.5,2.15416666666667,2023-07-06
"20230707","NOIRMOUTIER EN",47.004667,-2.257167,22.2875,14.2541666666667,63.375,2.7625,2023-07-07
"20230708","NOIRMOUTIER EN",47.004667,-2.257167,21.3833333333333,17.3458333333333,78.7916666666667,2.24166666666667,2023-07-08
"20230709","NOIRMOUTIER EN",47.004667,-2.257167,20.3833333333333,16.1666666666667,77.4166666666667,2.49583333333333,2023-07-09
"20230710","NOIRMOUTIER EN",47.004667,-2.257167,20.4125,15.9291666666667,76.4583333333333,3.02916666666667,2023-07-10
"20230711","NOIRMOUTIER EN",47.004667,-2.257167,20.8333333333333,16.9708333333333,79.0416666666667,4.15,2023-07-11
"20230712","NOIRMOUTIER EN",47.004667,-2.257167,18.6041666666667,13.25,71.7083333333333,3.59583333333333,2023-07-12
"20230713","NOIRMOUTIER EN",47.004667,-2.257167,19.7708333333333,12.6875,64.7083333333333,2.42916666666667,2023-07-13
"20230714","NOIRMOUTIER EN",47.004667,-2.257167,20.775,15.7583333333333,73.2916666666667,5.91666666666667,2023-07-14
"20230715","NOIRMOUTIER EN",47.004667,-2.257167,19.7875,13.8041666666667,69.0833333333333,7.7,2023-07-15
"20230716","NOIRMOUTIER EN",47.004667,-2.257167,18.7333333333333,12.2416666666667,66.4583333333333,5.38333333333333,2023-07-16
"20230717","NOIRMOUTIER EN",47.004667,-2.257167,18.7083333333333,12.5958333333333,68.5833333333333,2.58333333333333,2023-07-17
"20230718","NOIRMOUTIER EN",47.004667,-2.257167,19.1083333333333,12.8375,67.625,4.5375,2023-07-18
"20230719","NOIRMOUTIER EN",47.004667,-2.257167,19.0958333333333,13.9166666666667,72.5833333333333,4.225,2023-07-19
"20230720","NOIRMOUTIER EN",47.004667,-2.257167,18.2666666666667,13.1583333333333,72.5,3.76666666666667,2023-07-20
"20230721","NOIRMOUTIER EN",47.004667,-2.257167,18.2083333333333,11.8875,67.0833333333333,4.41666666666667,2023-07-21
"20230722","NOIRMOUTIER EN",47.004667,-2.257167,18.5958333333333,12.2,66.9166666666667,4.13333333333333,2023-07-22
"20230723","NOIRMOUTIER EN",47.004667,-2.257167,19.6166666666667,16.375,81.9583333333333,6.33333333333333,2023-07-23
"20230724","NOIRMOUTIER EN",47.004667,-2.257167,18.7041666666667,15.0208333333333,79.3333333333333,6.2625,2023-07-24
"20230725","NOIRMOUTIER EN",47.004667,-2.257167,18.0291666666667,12.5,70.5,6.1,2023-07-25
"20230726","NOIRMOUTIER EN",47.004667,-2.257167,18.6416666666667,15.325,81.5833333333333,3.67083333333333,2023-07-26
"20230727","NOIRMOUTIER EN",47.004667,-2.257167,19.8375,16.7416666666667,83,5.92916666666667,2023-07-27
"20230728","NOIRMOUTIER EN",47.004667,-2.257167,19.8833333333333,17.825,88.25,4.10833333333333,2023-07-28
"20230729","NOIRMOUTIER EN",47.004667,-2.257167,19.9708333333333,16.1708333333333,79.0416666666667,5.39583333333333,2023-07-29
"20230730","NOIRMOUTIER EN",47.004667,-2.257167,19.3958333333333,13.6625,69.75,5.02083333333333,2023-07-30
"20230731","NOIRMOUTIER EN",47.004667,-2.257167,19.9791666666667,16.4375,80.2083333333333,7.44583333333333,2023-07-31
"20230801","NOIRMOUTIER EN",47.004667,-2.257167,18.7625,16.0916666666667,84.875,6.35833333333333,2023-08-01
"20230802","NOIRMOUTIER EN",47.004667,-2.257167,19.3791666666667,15.4041666666667,78.375,10.7041666666667,2023-08-02
"20230803","NOIRMOUTIER EN",47.004667,-2.257167,17.2125,14.3375,83.2916666666667,7.875,2023-08-03
"20230804","NOIRMOUTIER EN",47.004667,-2.257167,17.5875,13.3125,76.125,5.9,2023-08-04
"20230805","NOIRMOUTIER EN",47.004667,-2.257167,16.8541666666667,13.2416666666667,79.5416666666667,7.575,2023-08-05
"20230806","NOIRMOUTIER EN",47.004667,-2.257167,17.1125,12.2791666666667,73.375,5.56666666666667,2023-08-06
"20230807","NOIRMOUTIER EN",47.004667,-2.257167,16.8958333333333,11.2083333333333,69.9583333333333,2.5625,2023-08-07
"20230808","NOIRMOUTIER EN",47.004667,-2.257167,17.5541666666667,12.3416666666667,72.4583333333333,2.80416666666667,2023-08-08
"20230809","NOIRMOUTIER EN",47.004667,-2.257167,22.1166666666667,15.9,69.7083333333333,2.6625,2023-08-09
"20230810","NOIRMOUTIER EN",47.004667,-2.257167,21.5666666666667,17.6375,78.7083333333333,3.9125,2023-08-10
"20230811","NOIRMOUTIER EN",47.004667,-2.257167,19.8166666666667,19.0708333333333,95.5416666666667,3.50416666666667,2023-08-11
"20230812","NOIRMOUTIER EN",47.004667,-2.257167,19.2458333333333,16.3666666666667,83.9166666666667,3.7375,2023-08-12
"20230813","NOIRMOUTIER EN",47.004667,-2.257167,19.6416666666667,14.8291666666667,74.5,3.125,2023-08-13
"20230814","NOIRMOUTIER EN",47.004667,-2.257167,19.8791666666667,16.3625,80.7916666666667,4.10833333333333,2023-08-14
"20230815","NOIRMOUTIER EN",47.004667,-2.257167,18.9708333333333,14.8666666666667,77.6666666666667,3.82083333333333,2023-08-15
"20230816","NOIRMOUTIER EN",47.004667,-2.257167,20.6458333333333,14.9,70.2916666666667,3.72083333333333,2023-08-16
"20230817","NOIRMOUTIER EN",47.004667,-2.257167,21.8875,17.2708333333333,75.9166666666667,1.97083333333333,2023-08-17
"20230818","NOIRMOUTIER EN",47.004667,-2.257167,22.2083333333333,16.6,71.9166666666667,2.6,2023-08-18
"20230819","NOIRMOUTIER EN",47.004667,-2.257167,21.0416666666667,16.9833333333333,78.1666666666667,3.32916666666667,2023-08-19
"20230820","NOIRMOUTIER EN",47.004667,-2.257167,20.15,15.6916666666667,76.5833333333333,2.8875,2023-08-20
"20230821","NOIRMOUTIER EN",47.004667,-2.257167,21.1666666666667,15.8291666666667,72.9166666666667,2.72083333333333,2023-08-21
"20230822","NOIRMOUTIER EN",47.004667,-2.257167,22.0416666666667,16.55,72,3.67083333333333,2023-08-22
"20230823","NOIRMOUTIER EN",47.004667,-2.257167,24.4166666666667,18.2,69.4583333333333,3.24166666666667,2023-08-23
"20230824","NOIRMOUTIER EN",47.004667,-2.257167,23.9625,19.4583333333333,77.2083333333333,3.19166666666667,2023-08-24
"20230825","NOIRMOUTIER EN",47.004667,-2.257167,18.8458333333333,12.9375,69.0833333333333,5.075,2023-08-25
"20230826","NOIRMOUTIER EN",47.004667,-2.257167,18.4291666666667,13.0375,71.125,4.83333333333333,2023-08-26
"20230827","NOIRMOUTIER EN",47.004667,-2.257167,18.2416666666667,12.65,70.2083333333333,5.64166666666667,2023-08-27
"20230828","NOIRMOUTIER EN",47.004667,-2.257167,18.3791666666667,13.4791666666667,73.75,5.175,2023-08-28
"20230829","NOIRMOUTIER EN",47.004667,-2.257167,17.1375,11.0583333333333,67.75,3.29583333333333,2023-08-29
"20230830","NOIRMOUTIER EN",47.004667,-2.257167,17.3125,12.3458333333333,73.3333333333333,4.3875,2023-08-30
"20230831","NOIRMOUTIER EN",47.004667,-2.257167,18.8166666666667,16.2791666666667,85.5,4.22916666666667,2023-08-31
"20230901","NOIRMOUTIER EN",47.004667,-2.257167,18.8125,16.2375,85.25,3.65833333333333,2023-09-01
"20230902","NOIRMOUTIER EN",47.004667,-2.257167,19.7208333333333,15.9375,79.6666666666667,2.44583333333333,2023-09-02
"20230903","NOIRMOUTIER EN",47.004667,-2.257167,24.2333333333333,16.9916666666667,66.7916666666667,3.95416666666667,2023-09-03
"20230904","NOIRMOUTIER EN",47.004667,-2.257167,25.1541666666667,14.2833333333333,52.5416666666667,3.17916666666667,2023-09-04
"20230905","NOIRMOUTIER EN",47.004667,-2.257167,23.0416666666667,16.0708333333333,66.2083333333333,2.6625,2023-09-05
"20230906","NOIRMOUTIER EN",47.004667,-2.257167,23.0083333333333,16.9583333333333,70.8333333333333,1.98333333333333,2023-09-06
"20230907","NOIRMOUTIER EN",47.004667,-2.257167,22.5833333333333,17.1125,72.25,1.8875,2023-09-07
"20230908","NOIRMOUTIER EN",47.004667,-2.257167,22.4458333333333,17.775,76.25,1.54166666666667,2023-09-08
"20230909","NOIRMOUTIER EN",47.004667,-2.257167,23.1125,16.7708333333333,71.0416666666667,2.14583333333333,2023-09-09
"20230910","NOIRMOUTIER EN",47.004667,-2.257167,21.575,18.7833333333333,84.5416666666667,2.125,2023-09-10
"20230911","NOIRMOUTIER EN",47.004667,-2.257167,20.325,17.5583333333333,84.375,2.64166666666667,2023-09-11
"20230912","NOIRMOUTIER EN",47.004667,-2.257167,19.9666666666667,16.4708333333333,80.75,3.60833333333333,2023-09-12
"20230913","NOIRMOUTIER EN",47.004667,-2.257167,18.425,13.3666666666667,72.625,3.40416666666667,2023-09-13
"20230914","NOIRMOUTIER EN",47.004667,-2.257167,19.2583333333333,14.0041666666667,73.0416666666667,2.5625,2023-09-14
"20230915","NOIRMOUTIER EN",47.004667,-2.257167,22.4875,14.4458333333333,62.375,3.0625,2023-09-15
"20230916","NOIRMOUTIER EN",47.004667,-2.257167,21.7208333333333,17.6083333333333,78.25,2.14166666666667,2023-09-16
"20230917","NOIRMOUTIER EN",47.004667,-2.257167,21.6375,18.1708333333333,81.0416666666667,3.55833333333333,2023-09-17
"20230918","NOIRMOUTIER EN",47.004667,-2.257167,19.8416666666667,15.9583333333333,78.7916666666667,4.82083333333333,2023-09-18
"20230919","NOIRMOUTIER EN",47.004667,-2.257167,19.2541666666667,13.9958333333333,71.7916666666667,4.87916666666667,2023-09-19
"20230920","NOIRMOUTIER EN",47.004667,-2.257167,20.3458333333333,15.8125,75.7916666666667,8.425,2023-09-20
"20230921","NOIRMOUTIER EN",47.004667,-2.257167,16.9958333333333,12.3666666666667,74.6666666666667,5.9875,2023-09-21
"20230922","NOIRMOUTIER EN",47.004667,-2.257167,15.7625,10.0583333333333,69.5416666666667,5.6,2023-09-22
"20230923","NOIRMOUTIER EN",47.004667,-2.257167,16.1833333333333,9.425,65,2.475,2023-09-23
"20230924","NOIRMOUTIER EN",47.004667,-2.257167,18.3583333333333,12.7458333333333,70.7083333333333,4.375,2023-09-24
"20230925","NOIRMOUTIER EN",47.004667,-2.257167,20.1,16.2958333333333,79.5833333333333,2.0625,2023-09-25
"20230926","NOIRMOUTIER EN",47.004667,-2.257167,18.8083333333333,15.9125,83.75,2.27083333333333,2023-09-26
"20230927","NOIRMOUTIER EN",47.004667,-2.257167,18.5666666666667,15.6375,83.2916666666667,4.53333333333333,2023-09-27
"20230928","NOIRMOUTIER EN",47.004667,-2.257167,19.0666666666667,15.9375,82.125,4.10416666666667,2023-09-28
"20230929","NOIRMOUTIER EN",47.004667,-2.257167,17.9333333333333,13.4958333333333,75.6666666666667,3.92083333333333,2023-09-29
"20230930","NOIRMOUTIER EN",47.004667,-2.257167,17.8125,13.7583333333333,78.4166666666667,1.20416666666667,2023-09-30
"20231001","NOIRMOUTIER EN",47.004667,-2.257167,20.7083333333333,16.1208333333333,76.0416666666667,2.30416666666667,2023-10-01
"20231002","NOIRMOUTIER EN",47.004667,-2.257167,20.3791666666667,17.0333333333333,81.9166666666667,3.9625,2023-10-02
"20231003","NOIRMOUTIER EN",47.004667,-2.257167,18.3791666666667,12.1875,68,5.15,2023-10-03
"20231004","NOIRMOUTIER EN",47.004667,-2.257167,16.2166666666667,9.2625,64.0416666666667,2.6375,2023-10-04
"20231005","NOIRMOUTIER EN",47.004667,-2.257167,16.4291666666667,9.00416666666667,63.1666666666667,1.95,2023-10-05
"20231006","NOIRMOUTIER EN",47.004667,-2.257167,16.7958333333333,9.87916666666667,66.375,1.85833333333333,2023-10-06
"20231007","NOIRMOUTIER EN",47.004667,-2.257167,18.4791666666667,9.9625,61.1666666666667,2.025,2023-10-07
"20231008","NOIRMOUTIER EN",47.004667,-2.257167,18.7958333333333,11.65,65.7083333333333,1.79166666666667,2023-10-08
"20231009","NOIRMOUTIER EN",47.004667,-2.257167,19.2375,13.3333333333333,71.6666666666667,1.48333333333333,2023-10-09
"20231010","NOIRMOUTIER EN",47.004667,-2.257167,17.5875,14.325,82.9583333333333,1.45833333333333,2023-10-10
"20231011","NOIRMOUTIER EN",47.004667,-2.257167,18.4791666666667,15.9791666666667,86.2083333333333,3.3875,2023-10-11
"20231012","NOIRMOUTIER EN",47.004667,-2.257167,20.3458333333333,18.3416666666667,88.3333333333333,3.9,2023-10-12
"20231013","NOIRMOUTIER EN",47.004667,-2.257167,20.375,16.05,76.5416666666667,8.0625,2023-10-13
"20231014","NOIRMOUTIER EN",47.004667,-2.257167,15.4916666666667,6.84166666666667,57.0416666666667,4.1375,2023-10-14
"20231015","NOIRMOUTIER EN",47.004667,-2.257167,13.3791666666667,5.09583333333333,58,4.39583333333333,2023-10-15
"20231016","NOIRMOUTIER EN",47.004667,-2.257167,13.0791666666667,3.43333333333333,52.6666666666667,5.44583333333333,2023-10-16
"20231017","NOIRMOUTIER EN",47.004667,-2.257167,18.1958333333333,10.775,62.2083333333333,4.55833333333333,2023-10-17
"20231018","NOIRMOUTIER EN",47.004667,-2.257167,19.0583333333333,15.5791666666667,80.75,8.89583333333333,2023-10-18
"20231019","NOIRMOUTIER EN",47.004667,-2.257167,17.0791666666667,14.3708333333333,84.1666666666667,6.33333333333333,2023-10-19
"20231020","NOIRMOUTIER EN",47.004667,-2.257167,15.1458333333333,12.5708333333333,84.9166666666667,6.67916666666667,2023-10-20
"20231021","NOIRMOUTIER EN",47.004667,-2.257167,15.3958333333333,8.6625,64.375,11.5125,2023-10-21
"20231022","NOIRMOUTIER EN",47.004667,-2.257167,15.4291666666667,9.79583333333333,69.9583333333333,3.8625,2023-10-22
"20231023","NOIRMOUTIER EN",47.004667,-2.257167,14.5708333333333,10.4291666666667,76.5,3.9875,2023-10-23
"20231024","NOIRMOUTIER EN",47.004667,-2.257167,14.9666666666667,10.4375,74.8333333333333,6.83333333333333,2023-10-24
"20231025","NOIRMOUTIER EN",47.004667,-2.257167,16.0833333333333,13.1166666666667,82.75,7.32916666666667,2023-10-25
"20231026","NOIRMOUTIER EN",47.004667,-2.257167,15.6875,11.8083333333333,77.875,7.03333333333333,2023-10-26
"20231027","NOIRMOUTIER EN",47.004667,-2.257167,14.9875,9.89583333333333,71.75,9.325,2023-10-27
"20231028","NOIRMOUTIER EN",47.004667,-2.257167,15.6625,11.6708333333333,77.375,11.0708333333333,2023-10-28
"20231029","NOIRMOUTIER EN",47.004667,-2.257167,15.1041666666667,9.21666666666667,68.0833333333333,8.94166666666667,2023-10-29
"20231030","NOIRMOUTIER EN",47.004667,-2.257167,13.5125,10.0333333333333,79.7916666666667,5.14166666666667,2023-10-30
"20231031","NOIRMOUTIER EN",47.004667,-2.257167,15.7875,11.4916666666667,75.7916666666667,7.44583333333333,2023-10-31
"20231101","NOIRMOUTIER EN",47.004667,-2.257167,14.9166666666667,10.5833333333333,75.75,10.2375,2023-11-01
"20231102","NOIRMOUTIER EN",47.004667,-2.257167,12.7833333333333,5.99166666666667,63.5833333333333,13.8,2023-11-02
"20231103","NOIRMOUTIER EN",47.004667,-2.257167,12.2916666666667,7.55833333333333,73,8.2125,2023-11-03
"20231104","NOIRMOUTIER EN",47.004667,-2.257167,13.675,9.5875,76.8333333333333,13.3458333333333,2023-11-04
"20231105","NOIRMOUTIER EN",47.004667,-2.257167,13.9083333333333,8.49166666666667,70.0416666666667,10.3375,2023-11-05
"20231106","NOIRMOUTIER EN",47.004667,-2.257167,12.1583333333333,7.61666666666667,74.125,7.175,2023-11-06
"20231107","NOIRMOUTIER EN",47.004667,-2.257167,11.9791666666667,6.84583333333333,71.3333333333333,3.37083333333333,2023-11-07
"20231108","NOIRMOUTIER EN",47.004667,-2.257167,13.5958333333333,9.64166666666667,77.625,8.34583333333333,2023-11-08
"20231109","NOIRMOUTIER EN",47.004667,-2.257167,12.5958333333333,7.61666666666667,72,9.275,2023-11-09
"20231110","NOIRMOUTIER EN",47.004667,-2.257167,12.4666666666667,7.2,70.375,8.825,2023-11-10
"20231111","NOIRMOUTIER EN",47.004667,-2.257167,11.1083333333333,8.73333333333333,85.4583333333333,3.225,2023-11-11
"20231112","NOIRMOUTIER EN",47.004667,-2.257167,15.2666666666667,12.5166666666667,83.75,8.88333333333333,2023-11-12
"20231113","NOIRMOUTIER EN",47.004667,-2.257167,15.8833333333333,13.9041666666667,88.125,NA,2023-11-13
"20231114","NOIRMOUTIER EN",47.004667,-2.257167,14.8208333333333,11.5666666666667,81,7.25833333333333,2023-11-14
"20231115","NOIRMOUTIER EN",47.004667,-2.257167,13.5833333333333,9.90833333333333,78.6666666666667,3.53333333333333,2023-11-15
"20231116","NOIRMOUTIER EN",47.004667,-2.257167,13.8125,9.66666666666667,76.4583333333333,10.15,2023-11-16
"20231117","NOIRMOUTIER EN",47.004667,-2.257167,12.1666666666667,8.875,80.625,2,2023-11-17
"20231118","NOIRMOUTIER EN",47.004667,-2.257167,15.2708333333333,13.05,86.75,6.91666666666667,2023-11-18
"20231119","NOIRMOUTIER EN",47.004667,-2.257167,14.4458333333333,11.3375,81.8333333333333,6.14583333333333,2023-11-19
"20231120","NOIRMOUTIER EN",47.004667,-2.257167,13.125,9.17083333333333,77.2083333333333,6.95416666666667,2023-11-20
"20231121","NOIRMOUTIER EN",47.004667,-2.257167,12.2625,8.40833333333333,77.4166666666667,4.7125,2023-11-21
"20231122","NOIRMOUTIER EN",47.004667,-2.257167,11.3,6.875,74.5416666666667,3.75833333333333,2023-11-22
"20231123","NOIRMOUTIER EN",47.004667,-2.257167,11.1625,8.25,82.2916666666667,2.35416666666667,2023-11-23
"20231124","NOIRMOUTIER EN",47.004667,-2.257167,11.5375,7.92916666666667,78.875,3.35416666666667,2023-11-24
"20231125","NOIRMOUTIER EN",47.004667,-2.257167,6.25,0.670833333333333,68.2916666666667,2.03333333333333,2023-11-25
"20231126","NOIRMOUTIER EN",47.004667,-2.257167,6.90833333333333,2.7625,74.9583333333333,3.09583333333333,2023-11-26
"20231127","NOIRMOUTIER EN",47.004667,-2.257167,12.2125,8.975,80.875,6.84583333333333,2023-11-27
"20231128","NOIRMOUTIER EN",47.004667,-2.257167,8.49583333333333,3.6,72,2.975,2023-11-28
"20231129","NOIRMOUTIER EN",47.004667,-2.257167,7.475,2.97916666666667,73.5416666666667,3.075,2023-11-29
"20231130","NOIRMOUTIER EN",47.004667,-2.257167,8.40416666666667,3.60416666666667,72.0416666666667,3.32916666666667,2023-11-30
"20231201","NOIRMOUTIER EN",47.004667,-2.257167,6.25,3.13333333333333,80.8333333333333,4.12083333333333,2023-12-01
"20231202","NOIRMOUTIER EN",47.004667,-2.257167,4.50416666666667,0.395833333333333,74.875,2.6875,2023-12-02
"20231203","NOIRMOUTIER EN",47.004667,-2.257167,9.95416666666667,6.32916666666667,78.7083333333333,6.44583333333333,2023-12-03
"20231204","NOIRMOUTIER EN",47.004667,-2.257167,11.3375,6.7375,73.8333333333333,10.8625,2023-12-04
"20231205","NOIRMOUTIER EN",47.004667,-2.257167,9.62916666666667,2.15416666666667,59.6666666666667,6.49583333333333,2023-12-05
"20231206","NOIRMOUTIER EN",47.004667,-2.257167,7.19166666666667,3.26666666666667,76.3333333333333,2.92083333333333,2023-12-06
"20231207","NOIRMOUTIER EN",47.004667,-2.257167,9.43333333333333,7.72083333333333,89.125,5.4625,2023-12-07
"20231208","NOIRMOUTIER EN",47.004667,-2.257167,11.5958333333333,8.31666666666667,80.3333333333333,4.15,2023-12-08
"20231209","NOIRMOUTIER EN",47.004667,-2.257167,13.2541666666667,10.9375,86.1666666666667,9.10416666666667,2023-12-09
"20231210","NOIRMOUTIER EN",47.004667,-2.257167,13.0291666666667,11.2625,89.0416666666667,6.79166666666667,2023-12-10
"20231211","NOIRMOUTIER EN",47.004667,-2.257167,13.6041666666667,12.525,93.25,5.2,2023-12-11
"20231212","NOIRMOUTIER EN",47.004667,-2.257167,13.0125,10.3125,83.8333333333333,7.38333333333333,2023-12-12
"20231213","NOIRMOUTIER EN",47.004667,-2.257167,10.9458333333333,7,76.6666666666667,6.4,2023-12-13
"20231214","NOIRMOUTIER EN",47.004667,-2.257167,10.5375,6.9,78.5,3.50833333333333,2023-12-14
"20231215","NOIRMOUTIER EN",47.004667,-2.257167,9.70833333333333,5.37083333333333,75.1666666666667,2.00416666666667,2023-12-15
"20231216","NOIRMOUTIER EN",47.004667,-2.257167,6.825,3.4,79.125,1.65,2023-12-16
"20231217","NOIRMOUTIER EN",47.004667,-2.257167,3.55833333333333,2.43333333333333,92.1666666666667,1.75416666666667,2023-12-17
"20231218","NOIRMOUTIER EN",47.004667,-2.257167,5.90416666666667,4.16666666666667,88.8333333333333,3.02083333333333,2023-12-18
"20231219","NOIRMOUTIER EN",47.004667,-2.257167,11.6541666666667,8.54166666666667,81.4166666666667,5.14166666666667,2023-12-19
"20231220","NOIRMOUTIER EN",47.004667,-2.257167,10.4583333333333,6.65416666666667,77.375,5.1375,2023-12-20
"20231221","NOIRMOUTIER EN",47.004667,-2.257167,11.9833333333333,9.24166666666667,83.4166666666667,7.89166666666667,2023-12-21
"20231222","NOIRMOUTIER EN",47.004667,-2.257167,11.7416666666667,7.82083333333333,77.1666666666667,7.0375,2023-12-22
"20231223","NOIRMOUTIER EN",47.004667,-2.257167,11.5583333333333,8.73333333333333,82.7916666666667,5.31666666666667,2023-12-23
"20231224","NOIRMOUTIER EN",47.004667,-2.257167,12.1708333333333,9.17083333333333,81.875,6.40416666666667,2023-12-24
"20231225","NOIRMOUTIER EN",47.004667,-2.257167,12.4166666666667,8.71666666666667,78.0416666666667,5.34583333333333,2023-12-25
"20231226","NOIRMOUTIER EN",47.004667,-2.257167,12.2291666666667,8.65416666666667,78.8333333333333,3.85416666666667,2023-12-26
"20231227","NOIRMOUTIER EN",47.004667,-2.257167,11.8041666666667,9.2625,84.5833333333333,7.35833333333333,2023-12-27
"20231228","NOIRMOUTIER EN",47.004667,-2.257167,11.9458333333333,8.95833333333333,82,4.52916666666667,2023-12-28
"20231229","NOIRMOUTIER EN",47.004667,-2.257167,11.8791666666667,9.22916666666667,83.875,5.4125,2023-12-29
"20231230","NOIRMOUTIER EN",47.004667,-2.257167,12.1083333333333,9.475,84.25,6.71666666666667,2023-12-30
"20231231","NOIRMOUTIER EN",47.004667,-2.257167,10.9833333333333,5.625,69.7083333333333,11.375,2023-12-31
"20240101","NOIRMOUTIER EN",47.004667,-2.257167,11.5375,7.89166666666667,78.75,7.92083333333333,2024-01-01
"20240102","NOIRMOUTIER EN",47.004667,-2.257167,13.2333333333333,10.3333333333333,82.7916666666667,11.8583333333333,2024-01-02
"20240103","NOIRMOUTIER EN",47.004667,-2.257167,12.4875,8.40416666666667,76.4166666666667,10.9291666666667,2024-01-03
"20240104","NOIRMOUTIER EN",47.004667,-2.257167,11.8708333333333,8.0625,77.625,7.20833333333333,2024-01-04
"20240105","NOIRMOUTIER EN",47.004667,-2.257167,8.43333333333333,4.85416666666667,78.5,2.3,2024-01-05
"20240106","NOIRMOUTIER EN",47.004667,-2.257167,8.19166666666667,3.45416666666667,72.2916666666667,4.30416666666667,2024-01-06
"20240107","NOIRMOUTIER EN",47.004667,-2.257167,6.42083333333333,1.76666666666667,72.4166666666667,3.92916666666667,2024-01-07
"20240108","NOIRMOUTIER EN",47.004667,-2.257167,2.22916666666667,-2.80833333333333,69.5416666666667,4.52916666666667,2024-01-08
"20240109","NOIRMOUTIER EN",47.004667,-2.257167,-0.00416666666666667,-5.95416666666667,64.5416666666667,2.36666666666667,2024-01-09
"20240110","NOIRMOUTIER EN",47.004667,-2.257167,0.454166666666667,-3.64166666666667,74.1666666666667,4.10416666666667,2024-01-10
"20240111","NOIRMOUTIER EN",47.004667,-2.257167,2.84583333333333,-2.13333333333333,70.0416666666667,6.1125,2024-01-11
"20240112","NOIRMOUTIER EN",47.004667,-2.257167,2.71666666666667,-2.00416666666667,71.4583333333333,6.40833333333333,2024-01-12
"20240113","NOIRMOUTIER EN",47.004667,-2.257167,1.2,-1.66666666666667,81.4166666666667,4.14166666666667,2024-01-13
"20240114","NOIRMOUTIER EN",47.004667,-2.257167,3.07083333333333,0.0375,80.625,1.4125,2024-01-14
"20240115","NOIRMOUTIER EN",47.004667,-2.257167,4.4375,1.8,83.25,3.59166666666667,2024-01-15
"20240116","NOIRMOUTIER EN",47.004667,-2.257167,3.26666666666667,-1.575,71.2916666666667,4.05,2024-01-16
"20240117","NOIRMOUTIER EN",47.004667,-2.257167,11.3666666666667,9.2625,87.1666666666667,7.05833333333333,2024-01-17
"20240118","NOIRMOUTIER EN",47.004667,-2.257167,4.73333333333333,-0.854166666666667,67.875,4.825,2024-01-18
"20240119","NOIRMOUTIER EN",47.004667,-2.257167,2.47083333333333,-3.29166666666667,66.2916666666667,2.59583333333333,2024-01-19
"20240120","NOIRMOUTIER EN",47.004667,-2.257167,2.09166666666667,-2.7125,71,3.2625,2024-01-20
"20240121","NOIRMOUTIER EN",47.004667,-2.257167,10.9833333333333,8.57916666666667,85.2916666666667,6.80833333333333,2024-01-21
"20240122","NOIRMOUTIER EN",47.004667,-2.257167,11.6708333333333,8.84166666666667,82.9583333333333,7.73333333333333,2024-01-22
"20240123","NOIRMOUTIER EN",47.004667,-2.257167,11.4416666666667,9.63333333333333,88.7083333333333,5.92083333333333,2024-01-23
"20240124","NOIRMOUTIER EN",47.004667,-2.257167,12.1708333333333,10.8458333333333,91.5416666666667,5.1625,2024-01-24
"20240125","NOIRMOUTIER EN",47.004667,-2.257167,11.45,9.775,89.4583333333333,3.62916666666667,2024-01-25
"20240126","NOIRMOUTIER EN",47.004667,-2.257167,10.8333333333333,7.95,82.75,3.71666666666667,2024-01-26
"20240127","NOIRMOUTIER EN",47.004667,-2.257167,8.98333333333333,5.24583333333333,77.6666666666667,3.25833333333333,2024-01-27
"20240128","NOIRMOUTIER EN",47.004667,-2.257167,9.74583333333333,6.89583333333333,82.625,3.29583333333333,2024-01-28
"20240129","NOIRMOUTIER EN",47.004667,-2.257167,10.8958333333333,8.83333333333333,87.125,5.12083333333333,2024-01-29
"20240130","NOIRMOUTIER EN",47.004667,-2.257167,9.7625,6.65833333333333,81.4166666666667,1.75,2024-01-30
"20240131","NOIRMOUTIER EN",47.004667,-2.257167,9.72916666666667,6.65833333333333,81.4166666666667,2.02083333333333,2024-01-31
"20240201","NOIRMOUTIER EN",47.004667,-2.257167,11.1041666666667,9.32083333333333,88.7916666666667,3.05833333333333,2024-02-01
"20240202","NOIRMOUTIER EN",47.004667,-2.257167,9.92916666666667,7.55416666666667,85.5,1.39583333333333,2024-02-02
"20240203","NOIRMOUTIER EN",47.004667,-2.257167,8.90833333333333,6.675,86.125,1.22083333333333,2024-02-03
"20240204","NOIRMOUTIER EN",47.004667,-2.257167,9.49166666666667,5.57083333333333,76.5833333333333,1.275,2024-02-04
"20240205","NOIRMOUTIER EN",47.004667,-2.257167,9.25,6.6125,83.6666666666667,2.81666666666667,2024-02-05
"20240206","NOIRMOUTIER EN",47.004667,-2.257167,11.7375,8.3125,79.7083333333333,4.95,2024-02-06
"20240207","NOIRMOUTIER EN",47.004667,-2.257167,12.225,10.4208333333333,88.7916666666667,7.60416666666667,2024-02-07
"20240208","NOIRMOUTIER EN",47.004667,-2.257167,12.4125,9.35833333333333,81.7916666666667,8.00416666666667,2024-02-08
"20240209","NOIRMOUTIER EN",47.004667,-2.257167,12.3708333333333,9.5875,83.25,6.49583333333333,2024-02-09
"20240210","NOIRMOUTIER EN",47.004667,-2.257167,10.9,6.5125,74.625,6.70416666666667,2024-02-10
"20240211","NOIRMOUTIER EN",47.004667,-2.257167,9.99166666666667,5.8375,75.625,7.525,2024-02-11
"20240212","NOIRMOUTIER EN",47.004667,-2.257167,9.2375,6.0625,80.7916666666667,3.09166666666667,2024-02-12
"20240213","NOIRMOUTIER EN",47.004667,-2.257167,11.2416666666667,8.87083333333333,85.375,5.00416666666667,2024-02-13
"20240214","NOIRMOUTIER EN",47.004667,-2.257167,12.9125,10.2083333333333,83.875,5.22916666666667,2024-02-14
"20240215","NOIRMOUTIER EN",47.004667,-2.257167,13.9083333333333,9.275,73.9583333333333,5.50416666666667,2024-02-15
"20240216","NOIRMOUTIER EN",47.004667,-2.257167,11.7666666666667,8.57916666666667,81.1666666666667,4.70416666666667,2024-02-16
"20240217","NOIRMOUTIER EN",47.004667,-2.257167,10.4333333333333,8.50833333333333,88.0416666666667,2.48333333333333,2024-02-17
"20240218","NOIRMOUTIER EN",47.004667,-2.257167,11.7416666666667,9.93333333333333,88.625,4.48333333333333,2024-02-18
"20240219","NOIRMOUTIER EN",47.004667,-2.257167,10.5625,7.2125,79.875,3.79583333333333,2024-02-19
"20240220","NOIRMOUTIER EN",47.004667,-2.257167,10.2166666666667,7.94166666666667,85.875,2.80416666666667,2024-02-20
"20240221","NOIRMOUTIER EN",47.004667,-2.257167,12.0791666666667,9.9,86.625,6.94166666666667,2024-02-21
"20240222","NOIRMOUTIER EN",47.004667,-2.257167,10.9583333333333,7.7625,81.0833333333333,12.1041666666667,2024-02-22
"20240223","NOIRMOUTIER EN",47.004667,-2.257167,7.975,3.07916666666667,71.2916666666667,7.05833333333333,2024-02-23
"20240224","NOIRMOUTIER EN",47.004667,-2.257167,8.30416666666667,4.06666666666667,74.7083333333333,4.97083333333333,2024-02-24
"20240225","NOIRMOUTIER EN",47.004667,-2.257167,10.5875,8.21666666666667,85.4583333333333,6.05,2024-02-25
"20240226","NOIRMOUTIER EN",47.004667,-2.257167,8.8125,4.12083333333333,72.875,8.13333333333333,2024-02-26
"20240227","NOIRMOUTIER EN",47.004667,-2.257167,8.2125,1.62083333333333,63.3333333333333,5.7,2024-02-27
"20240228","NOIRMOUTIER EN",47.004667,-2.257167,10.1583333333333,8.30416666666667,88.3333333333333,3.15416666666667,2024-02-28
"20240229","NOIRMOUTIER EN",47.004667,-2.257167,10.5125,7.1375,79.9583333333333,6.2625,2024-02-29
"20240301","NOIRMOUTIER EN",47.004667,-2.257167,9.475,4.85416666666667,73.1666666666667,8.91666666666667,2024-03-01
"20240302","NOIRMOUTIER EN",47.004667,-2.257167,8.7875,3.55416666666667,69.9166666666667,5.15833333333333,2024-03-02
"20240303","NOIRMOUTIER EN",47.004667,-2.257167,7.77916666666667,2.1125,67.8333333333333,3.40833333333333,2024-03-03
"20240304","NOIRMOUTIER EN",47.004667,-2.257167,8.35416666666667,4.79166666666667,78.4583333333333,6.10833333333333,2024-03-04
"20240305","NOIRMOUTIER EN",47.004667,-2.257167,8.82083333333333,3.94166666666667,71.8333333333333,5.99166666666667,2024-03-05
"20240306","NOIRMOUTIER EN",47.004667,-2.257167,9.5,6.94166666666667,84.1666666666667,3.2625,2024-03-06
"20240307","NOIRMOUTIER EN",47.004667,-2.257167,9.54166666666667,3.3,66.2916666666667,5.125,2024-03-07
"20240308","NOIRMOUTIER EN",47.004667,-2.257167,9.8125,5.64583333333333,75.5833333333333,4.14166666666667,2024-03-08
"20240309","NOIRMOUTIER EN",47.004667,-2.257167,8.225,5.60833333333333,83.625,4.43333333333333,2024-03-09
"20240310","NOIRMOUTIER EN",47.004667,-2.257167,8.77916666666667,4.87083333333333,77.25,2.6625,2024-03-10
"20240311","NOIRMOUTIER EN",47.004667,-2.257167,10.4458333333333,6.92083333333333,79,5.29583333333333,2024-03-11
"20240312","NOIRMOUTIER EN",47.004667,-2.257167,12.0208333333333,9.46666666666667,84.4583333333333,4.39166666666667,2024-03-12
"20240313","NOIRMOUTIER EN",47.004667,-2.257167,10.65,8.64166666666667,87.5833333333333,3.15,2024-03-13
"20240314","NOIRMOUTIER EN",47.004667,-2.257167,12.425,9.48333333333333,82.4166666666667,4.62916666666667,2024-03-14
"20240315","NOIRMOUTIER EN",47.004667,-2.257167,13.1583333333333,10.7625,85.5,6.725,2024-03-15
"20240316","NOIRMOUTIER EN",47.004667,-2.257167,13.1833333333333,10.9208333333333,86.2083333333333,3.39583333333333,2024-03-16
"20240317","NOIRMOUTIER EN",47.004667,-2.257167,13.1666666666667,11.225,88.1666666666667,2.9625,2024-03-17
"20240318","NOIRMOUTIER EN",47.004667,-2.257167,12.4,8.67083333333333,78.5416666666667,2.5,2024-03-18
"20240319","NOIRMOUTIER EN",47.004667,-2.257167,12.2666666666667,8.35,77.5833333333333,1.41666666666667,2024-03-19
"20240320","NOIRMOUTIER EN",47.004667,-2.257167,12.9583333333333,8.87083333333333,76.4166666666667,2.74583333333333,2024-03-20
"20240321","NOIRMOUTIER EN",47.004667,-2.257167,13.5083333333333,9.0125,74.75,2.85,2024-03-21
"20240322","NOIRMOUTIER EN",47.004667,-2.257167,10.8958333333333,8.22083333333333,83.75,3.475,2024-03-22
"20240323","NOIRMOUTIER EN",47.004667,-2.257167,10.4916666666667,4.43333333333333,66.2916666666667,7.10833333333333,2024-03-23
"20240324","NOIRMOUTIER EN",47.004667,-2.257167,10.2708333333333,4.6875,68.7083333333333,4.22916666666667,2024-03-24
"20240325","NOIRMOUTIER EN",47.004667,-2.257167,9.97083333333333,5.875,76.25,3.4125,2024-03-25
"20240326","NOIRMOUTIER EN",47.004667,-2.257167,10.0416666666667,4.65416666666667,69.5416666666667,3.20833333333333,2024-03-26
"20240327","NOIRMOUTIER EN",47.004667,-2.257167,9.52083333333333,5.10416666666667,74.375,7.35416666666667,2024-03-27
"20240328","NOIRMOUTIER EN",47.004667,-2.257167,9.79166666666667,4.69166666666667,70.875,10.6458333333333,2024-03-28
"20240329","NOIRMOUTIER EN",47.004667,-2.257167,11.1583333333333,6.9,75.2916666666667,5.5,2024-03-29
"20240330","NOIRMOUTIER EN",47.004667,-2.257167,11.4208333333333,6.29166666666667,71.8333333333333,4.00416666666667,2024-03-30
"20240331","NOIRMOUTIER EN",47.004667,-2.257167,11,6.80416666666667,75.75,5.05416666666667,2024-03-31
"20240401","NOIRMOUTIER EN",47.004667,-2.257167,11.2833333333333,6.75833333333333,73.8333333333333,8.08333333333333,2024-04-01
"20240402","NOIRMOUTIER EN",47.004667,-2.257167,11.9541666666667,8.40416666666667,79.0416666666667,7.6125,2024-04-02
"20240403","NOIRMOUTIER EN",47.004667,-2.257167,13.3916666666667,10.6666666666667,83.5833333333333,7.5375,2024-04-03
"20240404","NOIRMOUTIER EN",47.004667,-2.257167,14.025,10.7041666666667,80.5,6.78333333333333,2024-04-04
"20240405","NOIRMOUTIER EN",47.004667,-2.257167,15.7333333333333,10.575,72.2083333333333,5.5,2024-04-05
"20240406","NOIRMOUTIER EN",47.004667,-2.257167,15.7,10.1375,69.7916666666667,6.5875,2024-04-06
"20240407","NOIRMOUTIER EN",47.004667,-2.257167,12.8333333333333,9.52916666666667,80.4583333333333,3.72916666666667,2024-04-07
"20240408","NOIRMOUTIER EN",47.004667,-2.257167,11.9333333333333,8.76666666666667,81.4583333333333,6.34583333333333,2024-04-08
"20240409","NOIRMOUTIER EN",47.004667,-2.257167,11.1416666666667,5.39166666666667,67.9166666666667,7.9625,2024-04-09
"20240410","NOIRMOUTIER EN",47.004667,-2.257167,12.1666666666667,8.74166666666667,79.875,3.89166666666667,2024-04-10
"20240411","NOIRMOUTIER EN",47.004667,-2.257167,13.5625,10.6375,82.8333333333333,2.67916666666667,2024-04-11
"20240412","NOIRMOUTIER EN",47.004667,-2.257167,14.4458333333333,10.7541666666667,79.5833333333333,1.65416666666667,2024-04-12
"20240413","NOIRMOUTIER EN",47.004667,-2.257167,15.7875,12.1125,79.6666666666667,2.42916666666667,2024-04-13
"20240414","NOIRMOUTIER EN",47.004667,-2.257167,13.0375,10.3791666666667,84.4166666666667,3.23333333333333,2024-04-14
"20240415","NOIRMOUTIER EN",47.004667,-2.257167,12.0291666666667,6.64583333333333,69.8333333333333,7.31666666666667,2024-04-15
"20240416","NOIRMOUTIER EN",47.004667,-2.257167,11.5916666666667,4.575,62.2083333333333,6.5375,2024-04-16
"20240417","NOIRMOUTIER EN",47.004667,-2.257167,11.1833333333333,4.65416666666667,64.5,5.27916666666667,2024-04-17
"20240418","NOIRMOUTIER EN",47.004667,-2.257167,11.5791666666667,4.8625,64.4166666666667,3.6625,2024-04-18
"20240419","NOIRMOUTIER EN",47.004667,-2.257167,11.4208333333333,6.4875,72.4166666666667,3.3375,2024-04-19
"20240420","NOIRMOUTIER EN",47.004667,-2.257167,12.4,4.24583333333333,59.5,4.29583333333333,2024-04-20
"20240421","NOIRMOUTIER EN",47.004667,-2.257167,10.1166666666667,2.0625,57.7916666666667,5.10416666666667,2024-04-21
"20240422","NOIRMOUTIER EN",47.004667,-2.257167,10.1,2.11666666666667,58.3333333333333,4.7875,2024-04-22
"20240423","NOIRMOUTIER EN",47.004667,-2.257167,10.4291666666667,2.425,58.1666666666667,3.88333333333333,2024-04-23
"20240424","NOIRMOUTIER EN",47.004667,-2.257167,11.9375,7,71.9583333333333,5.03333333333333,2024-04-24
"20240425","NOIRMOUTIER EN",47.004667,-2.257167,11.1,5.3125,67.5833333333333,2.61666666666667,2024-04-25
"20240426","NOIRMOUTIER EN",47.004667,-2.257167,11.375,6.92916666666667,74.5416666666667,3.17916666666667,2024-04-26
"20240427","NOIRMOUTIER EN",47.004667,-2.257167,9.47083333333333,6.98333333333333,84.4583333333333,3.34166666666667,2024-04-27
"20240428","NOIRMOUTIER EN",47.004667,-2.257167,12.3833333333333,7.05416666666667,70.4166666666667,4.1,2024-04-28
"20240429","NOIRMOUTIER EN",47.004667,-2.257167,11.775,6.99166666666667,73.5,2.34166666666667,2024-04-29
"20240430","NOIRMOUTIER EN",47.004667,-2.257167,13.0666666666667,9.04166666666667,76.9166666666667,4.62083333333333,2024-04-30
"20240501","NOIRMOUTIER EN",47.004667,-2.257167,12.0458333333333,7.7125,75.125,2.725,2024-05-01
"20240502","NOIRMOUTIER EN",47.004667,-2.257167,13.0416666666667,7.39166666666667,68.7916666666667,5.99583333333333,2024-05-02
"20240503","NOIRMOUTIER EN",47.004667,-2.257167,12.7416666666667,7.44583333333333,70.5,3.97916666666667,2024-05-03
"20240504","NOIRMOUTIER EN",47.004667,-2.257167,12.6083333333333,10.425,86.7083333333333,4.6,2024-05-04
"20240505","NOIRMOUTIER EN",47.004667,-2.257167,13.0875,10.2291666666667,82.9166666666667,3.67916666666667,2024-05-05
"20240506","NOIRMOUTIER EN",47.004667,-2.257167,13.2083333333333,9.14166666666667,76.4583333333333,6.47083333333333,2024-05-06
"20240507","NOIRMOUTIER EN",47.004667,-2.257167,15.325,10.8416666666667,75.0416666666667,3.9,2024-05-07
"20240508","NOIRMOUTIER EN",47.004667,-2.257167,16.0583333333333,10.4041666666667,70.375,2.99583333333333,2024-05-08
"20240509","NOIRMOUTIER EN",47.004667,-2.257167,16.5625,10.1833333333333,66.9583333333333,3.79583333333333,2024-05-09
"20240510","NOIRMOUTIER EN",47.004667,-2.257167,19.3,11.0625,60.0833333333333,3.85,2024-05-10
"20240511","NOIRMOUTIER EN",47.004667,-2.257167,19.7416666666667,12.925,65.625,2.99166666666667,2024-05-11
"20240512","NOIRMOUTIER EN",47.004667,-2.257167,15.9791666666667,12.9416666666667,82.4583333333333,4.125,2024-05-12
"20240513","NOIRMOUTIER EN",47.004667,-2.257167,14.6708333333333,11.6333333333333,82.2916666666667,5.84583333333333,2024-05-13
"20240514","NOIRMOUTIER EN",47.004667,-2.257167,14.6416666666667,10.4083333333333,75.9583333333333,7.575,2024-05-14
"20240515","NOIRMOUTIER EN",47.004667,-2.257167,14.1041666666667,9.8625,75.9166666666667,5.8125,2024-05-15
"20240516","NOIRMOUTIER EN",47.004667,-2.257167,13.8625,10.3,79.2083333333333,4.85833333333333,2024-05-16
"20240517","NOIRMOUTIER EN",47.004667,-2.257167,14.4541666666667,10.475,77.4166666666667,3.60833333333333,2024-05-17
"20240518","NOIRMOUTIER EN",47.004667,-2.257167,15.2458333333333,10.7916666666667,75.625,2.17916666666667,2024-05-18
"20240519","NOIRMOUTIER EN",47.004667,-2.257167,15.8333333333333,11.7083333333333,77.2083333333333,1.80416666666667,2024-05-19
"20240520","NOIRMOUTIER EN",47.004667,-2.257167,14.8708333333333,12.1416666666667,83.8333333333333,2.8,2024-05-20
"20240521","NOIRMOUTIER EN",47.004667,-2.257167,15.8166666666667,12.075,78.625,3.65833333333333,2024-05-21
"20240522","NOIRMOUTIER EN",47.004667,-2.257167,15.8458333333333,10.7583333333333,71.9583333333333,4.91666666666667,2024-05-22
"20240523","NOIRMOUTIER EN",47.004667,-2.257167,15.5130434782609,11.2782608695652,76.0869565217391,3.40869565217391,2024-05-23
"20240524","NOIRMOUTIER EN",47.004667,-2.257167,14.825,9.12083333333333,69.5416666666667,2.70833333333333,2024-05-24
"20240525","NOIRMOUTIER EN",47.004667,-2.257167,16.5,11.4,72.625,3.44166666666667,2024-05-25
"20240526","NOIRMOUTIER EN",47.004667,-2.257167,16.3916666666667,12.0375,75.625,5.97083333333333,2024-05-26
"20240527","NOIRMOUTIER EN",47.004667,-2.257167,15.2416666666667,9.77916666666667,70.0833333333333,5.15833333333333,2024-05-27
"20240528","NOIRMOUTIER EN",47.004667,-2.257167,16.0291666666667,12.7083333333333,80.75,6.37916666666667,2024-05-28
"20240529","NOIRMOUTIER EN",47.004667,-2.257167,16.1083333333333,14.8583333333333,92.375,6.55416666666667,2024-05-29
"20240530","NOIRMOUTIER EN",47.004667,-2.257167,16.0708333333333,11.0458333333333,72.5,5.69166666666667,2024-05-30
"20240531","NOIRMOUTIER EN",47.004667,-2.257167,16.3958333333333,11.2291666666667,72,4.2875,2024-05-31
"20240601","NOIRMOUTIER EN",47.004667,-2.257167,16.0458333333333,10.55,70.5,4.50416666666667,2024-06-01
"20240602","NOIRMOUTIER EN",47.004667,-2.257167,17.025,11.6708333333333,71.1666666666667,3.81666666666667,2024-06-02
"20240603","NOIRMOUTIER EN",47.004667,-2.257167,17.1041666666667,12,72.2083333333333,3.77083333333333,2024-06-03
"20240604","NOIRMOUTIER EN",47.004667,-2.257167,16.925,13.1833333333333,79,3.38333333333333,2024-06-04
"20240605","NOIRMOUTIER EN",47.004667,-2.257167,16.3916666666667,12.1041666666667,76.1666666666667,3.225,2024-06-05
"20240606","NOIRMOUTIER EN",47.004667,-2.257167,15.6583333333333,10.2333333333333,71.0416666666667,3.72083333333333,2024-06-06
"20240607","NOIRMOUTIER EN",47.004667,-2.257167,15.8833333333333,10.5458333333333,71.3333333333333,3.85833333333333,2024-06-07
"20240608","NOIRMOUTIER EN",47.004667,-2.257167,16.6583333333333,10.8916666666667,69.0833333333333,4.59166666666667,2024-06-08
"20240609","NOIRMOUTIER EN",47.004667,-2.257167,16.5916666666667,10.6375,69.0416666666667,4.49166666666667,2024-06-09
"20240610","NOIRMOUTIER EN",47.004667,-2.257167,15.275,11.0291666666667,76,4.27083333333333,2024-06-10
"20240611","NOIRMOUTIER EN",47.004667,-2.257167,15.3916666666667,8.44583333333333,63.875,4.175,2024-06-11
"20240612","NOIRMOUTIER EN",47.004667,-2.257167,14.7541666666667,8.85416666666667,68.5,3.6375,2024-06-12
"20240613","NOIRMOUTIER EN",47.004667,-2.257167,15.1166666666667,10.9916666666667,77.4166666666667,4.5125,2024-06-13
"20240614","NOIRMOUTIER EN",47.004667,-2.257167,15.8833333333333,13.275,84.7916666666667,6.66666666666667,2024-06-14
"20240615","NOIRMOUTIER EN",47.004667,-2.257167,15.0833333333333,11.5333333333333,79.7083333333333,7.1375,2024-06-15
"20240616","NOIRMOUTIER EN",47.004667,-2.257167,16.1208333333333,15.0416666666667,93.375,3.6125,2024-06-16
"20240617","NOIRMOUTIER EN",47.004667,-2.257167,17.2,16.2125,94.0416666666667,2.8875,2024-06-17
"20240618","NOIRMOUTIER EN",47.004667,-2.257167,17.7916666666667,16.4666666666667,92.0833333333333,3.175,2024-06-18
"20240619","NOIRMOUTIER EN",47.004667,-2.257167,17.7625,16.3375,91.5416666666667,3.10416666666667,2024-06-19
"20240620","NOIRMOUTIER EN",47.004667,-2.257167,18.3458333333333,16.7708333333333,90.875,2.74166666666667,2024-06-20
"20240621","NOIRMOUTIER EN",47.004667,-2.257167,17.4208333333333,15.0166666666667,86.125,4.92083333333333,2024-06-21
"20240622","NOIRMOUTIER EN",47.004667,-2.257167,16.8375,13.975,83.375,5.30416666666667,2024-06-22
"20240623","NOIRMOUTIER EN",47.004667,-2.257167,18.2208333333333,15.6083333333333,85.1666666666667,2.54166666666667,2024-06-23
"20240624","NOIRMOUTIER EN",47.004667,-2.257167,20.5375,15.175,73.7083333333333,2.69583333333333,2024-06-24
"20240625","NOIRMOUTIER EN",47.004667,-2.257167,22.7166666666667,17.2791666666667,72.9583333333333,2.95833333333333,2024-06-25
"20240626","NOIRMOUTIER EN",47.004667,-2.257167,23.1208333333333,18.2208333333333,74.875,3.00416666666667,2024-06-26
"20240627","NOIRMOUTIER EN",47.004667,-2.257167,19.4125,16.925,85.8333333333333,4.3875,2024-06-27
"20240628","NOIRMOUTIER EN",47.004667,-2.257167,17.625,12.3208333333333,71.5416666666667,3.77083333333333,2024-06-28
"20240629","NOIRMOUTIER EN",47.004667,-2.257167,16.1833333333333,12.8708333333333,80.9166666666667,4.05833333333333,2024-06-29
"20240630","NOIRMOUTIER EN",47.004667,-2.257167,17.1083333333333,14.3375,84.0833333333333,3.52083333333333,2024-06-30
"20240701","NOIRMOUTIER EN",47.004667,-2.257167,17.0041666666667,13.0916666666667,78.25,4.375,2024-07-01
"20240702","NOIRMOUTIER EN",47.004667,-2.257167,17.0166666666667,13.9125,82.0833333333333,4.19583333333333,2024-07-02
"20240703","NOIRMOUTIER EN",47.004667,-2.257167,16.65,14.0125,84.8333333333333,4.03333333333333,2024-07-03
"20240704","NOIRMOUTIER EN",47.004667,-2.257167,17.025,12.325,74.625,5.14166666666667,2024-07-04
"20240705","NOIRMOUTIER EN",47.004667,-2.257167,17.7041666666667,14.2583333333333,80.75,3.65833333333333,2024-07-05
"20240706","NOIRMOUTIER EN",47.004667,-2.257167,16.6833333333333,11.6416666666667,72.8333333333333,6.65416666666667,2024-07-06
"20240707","NOIRMOUTIER EN",47.004667,-2.257167,16.2125,12.025,76.9583333333333,3.125,2024-07-07
"20240708","NOIRMOUTIER EN",47.004667,-2.257167,18.3083333333333,14.7458333333333,80.5833333333333,3.62916666666667,2024-07-08
"20240709","NOIRMOUTIER EN",47.004667,-2.257167,18.5416666666667,17.5625,94.125,3.55833333333333,2024-07-09
"20240710","NOIRMOUTIER EN",47.004667,-2.257167,18.3666666666667,16.3541666666667,88.375,2.74166666666667,2024-07-10
"20240711","NOIRMOUTIER EN",47.004667,-2.257167,17.4958333333333,15.6541666666667,89.2916666666667,2.6625,2024-07-11
"20240712","NOIRMOUTIER EN",47.004667,-2.257167,16.1291666666667,13.1291666666667,82.5833333333333,5.28333333333333,2024-07-12
"20240713","NOIRMOUTIER EN",47.004667,-2.257167,16.4541666666667,12.5291666666667,78.2916666666667,2.75416666666667,2024-07-13
"20240714","NOIRMOUTIER EN",47.004667,-2.257167,16.6625,13.4666666666667,82.6666666666667,1.38333333333333,2024-07-14
"20240715","NOIRMOUTIER EN",47.004667,-2.257167,18.3875,16.1333333333333,87.0416666666667,4.5125,2024-07-15
"20240716","NOIRMOUTIER EN",47.004667,-2.257167,18.2291666666667,15.5375,84.5416666666667,5.10833333333333,2024-07-16
"20240717","NOIRMOUTIER EN",47.004667,-2.257167,18.4541666666667,15.3333333333333,82.6666666666667,2.08333333333333,2024-07-17
"20240718","NOIRMOUTIER EN",47.004667,-2.257167,21.5625,16.8958333333333,76.2916666666667,2.0875,2024-07-18
"20240719","NOIRMOUTIER EN",47.004667,-2.257167,19.8208333333333,16.925,83.7916666666667,3.32916666666667,2024-07-19
"20240720","NOIRMOUTIER EN",47.004667,-2.257167,20,17.9041666666667,88,3.2625,2024-07-20
"20240721","NOIRMOUTIER EN",47.004667,-2.257167,18.6458333333333,15.9333333333333,84.5833333333333,4.85833333333333,2024-07-21
"20240722","NOIRMOUTIER EN",47.004667,-2.257167,18.925,16.3958333333333,85.3333333333333,4.46666666666667,2024-07-22
"20240723","NOIRMOUTIER EN",47.004667,-2.257167,18.9291666666667,17.0833333333333,89.5833333333333,3.85416666666667,2024-07-23
"20240724","NOIRMOUTIER EN",47.004667,-2.257167,18.4,14.1333333333333,76.7083333333333,3.5375,2024-07-24
"20240725","NOIRMOUTIER EN",47.004667,-2.257167,18.7958333333333,16.1958333333333,85.2916666666667,3.03333333333333,2024-07-25
"20240726","NOIRMOUTIER EN",47.004667,-2.257167,19.0291666666667,18.4458333333333,96.4583333333333,3.125,2024-07-26
"20240727","NOIRMOUTIER EN",47.004667,-2.257167,17.7333333333333,15.9875,89.75,2.57916666666667,2024-07-27
"20240728","NOIRMOUTIER EN",47.004667,-2.257167,21.1041666666667,14.6291666666667,67.5,4.2625,2024-07-28
"20240729","NOIRMOUTIER EN",47.004667,-2.257167,24.3916666666667,18.8083333333333,71.625,2.64166666666667,2024-07-29
"20240730","NOIRMOUTIER EN",47.004667,-2.257167,24.2666666666667,20.8875,82.1666666666667,2.225,2024-07-30
"20240731","NOIRMOUTIER EN",47.004667,-2.257167,22.6583333333333,20.4208333333333,87.7083333333333,2.43333333333333,2024-07-31
"20240801","NOIRMOUTIER EN",47.004667,-2.257167,20.7958333333333,18.7041666666667,88,4.53333333333333,2024-08-01
"20240802","NOIRMOUTIER EN",47.004667,-2.257167,19.25,15.9,81.2083333333333,4.075,2024-08-02
"20240803","NOIRMOUTIER EN",47.004667,-2.257167,20.0833333333333,17.1833333333333,83.7916666666667,4.06666666666667,2024-08-03
"20240804","NOIRMOUTIER EN",47.004667,-2.257167,19.2541666666667,15.4375,79.7916666666667,2.2625,2024-08-04
"20240805","NOIRMOUTIER EN",47.004667,-2.257167,19.4958333333333,16.8166666666667,85,2.075,2024-08-05
"20240806","NOIRMOUTIER EN",47.004667,-2.257167,20.0333333333333,17.6416666666667,86.4583333333333,3.58333333333333,2024-08-06
"20240807","NOIRMOUTIER EN",47.004667,-2.257167,18.7708333333333,14.9416666666667,79.3333333333333,2.55,2024-08-07
"20240808","NOIRMOUTIER EN",47.004667,-2.257167,19.1125,15.6166666666667,81.125,2.35833333333333,2024-08-08
"20240809","NOIRMOUTIER EN",47.004667,-2.257167,20.4333333333333,18.875,91,3.8375,2024-08-09
"20240810","NOIRMOUTIER EN",47.004667,-2.257167,20.2041666666667,17.2375,83.9166666666667,2.1875,2024-08-10
"20240811","NOIRMOUTIER EN",47.004667,-2.257167,27,18.7166666666667,62.4166666666667,3.25833333333333,2024-08-11
"20240812","NOIRMOUTIER EN",47.004667,-2.257167,20.9333333333333,19.0666666666667,89.5,5.00416666666667,2024-08-12
"20240813","NOIRMOUTIER EN",47.004667,-2.257167,20.225,16.5208333333333,79.5,3.0875,2024-08-13
"20240814","NOIRMOUTIER EN",47.004667,-2.257167,20.1833333333333,15.975,77.375,4.44166666666667,2024-08-14
"20240815","NOIRMOUTIER EN",47.004667,-2.257167,18.5958333333333,14.2416666666667,76.375,2.7375,2024-08-15
"20240816","NOIRMOUTIER EN",47.004667,-2.257167,20.9666666666667,18.7,87.2083333333333,4.82916666666667,2024-08-16
"20240817","NOIRMOUTIER EN",47.004667,-2.257167,19.1958333333333,17.2458333333333,88.8333333333333,3.35,2024-08-17
"20240818","NOIRMOUTIER EN",47.004667,-2.257167,17.9291666666667,13.125,73.9166666666667,3.35416666666667,2024-08-18
"20240819","NOIRMOUTIER EN",47.004667,-2.257167,18.675,14.8625,79.2916666666667,2.81666666666667,2024-08-19
"20240820","NOIRMOUTIER EN",47.004667,-2.257167,19.0625,16.3166666666667,84.4166666666667,5.25416666666667,2024-08-20
"20240821","NOIRMOUTIER EN",47.004667,-2.257167,16.675,11.5125,73.1666666666667,2.24583333333333,2024-08-21
"20240822","NOIRMOUTIER EN",47.004667,-2.257167,17.5458333333333,14.5458333333333,83.5833333333333,3.31666666666667,2024-08-22
"20240823","NOIRMOUTIER EN",47.004667,-2.257167,20.3583333333333,19.0208333333333,92.2916666666667,5.55,2024-08-23
"20240824","NOIRMOUTIER EN",47.004667,-2.257167,19.0083333333333,16.6166666666667,86.4583333333333,6.10416666666667,2024-08-24
"20240825","NOIRMOUTIER EN",47.004667,-2.257167,16.4041666666667,11.7291666666667,75.75,1.6625,2024-08-25
"20240826","NOIRMOUTIER EN",47.004667,-2.257167,17.1791666666667,13.1583333333333,78.625,1.92083333333333,2024-08-26
"20240827","NOIRMOUTIER EN",47.004667,-2.257167,21.3083333333333,13.7666666666667,64.0833333333333,2.75416666666667,2024-08-27
"20240828","NOIRMOUTIER EN",47.004667,-2.257167,20.5708333333333,16.675,78.8333333333333,3.6875,2024-08-28
"20240829","NOIRMOUTIER EN",47.004667,-2.257167,18.9625,16.2333333333333,84.4166666666667,2.27916666666667,2024-08-29
"20240830","NOIRMOUTIER EN",47.004667,-2.257167,16.5541666666667,14.4208333333333,87.4583333333333,4.45416666666667,2024-08-30
"20240831","NOIRMOUTIER EN",47.004667,-2.257167,19.8458333333333,18.0083333333333,89.5416666666667,3.04166666666667,2024-08-31
"20240901","NOIRMOUTIER EN",47.004667,-2.257167,18.9666666666667,18.2916666666667,95.8333333333333,2.95833333333333,2024-09-01
"20240902","NOIRMOUTIER EN",47.004667,-2.257167,18.1416666666667,17.0625,93.625,3.225,2024-09-02
"20240903","NOIRMOUTIER EN",47.004667,-2.257167,17.9458333333333,15.4083333333333,85.5833333333333,3.6375,2024-09-03
"20240904","NOIRMOUTIER EN",47.004667,-2.257167,16.7958333333333,13.925,83.4583333333333,2.90416666666667,2024-09-04
"20240905","NOIRMOUTIER EN",47.004667,-2.257167,15.45,12.0625,80.8333333333333,2.72083333333333,2024-09-05
"20240906","NOIRMOUTIER EN",47.004667,-2.257167,15.25,13.2125,87.9166666666667,2.33333333333333,2024-09-06
"20240907","NOIRMOUTIER EN",47.004667,-2.257167,15.9125,14.1375,89.625,2.1625,2024-09-07
"20240908","NOIRMOUTIER EN",47.004667,-2.257167,17.9875,15.65,86.4583333333333,5.04166666666667,2024-09-08
"20240909","NOIRMOUTIER EN",47.004667,-2.257167,17.1583333333333,13.3208333333333,78.75,4.8125,2024-09-09
"20240910","NOIRMOUTIER EN",47.004667,-2.257167,16.3083333333333,12.5666666666667,78.7083333333333,4.95833333333333,2024-09-10
"20240911","NOIRMOUTIER EN",47.004667,-2.257167,15.9583333333333,11.525,76,5.43333333333333,2024-09-11
"20240912","NOIRMOUTIER EN",47.004667,-2.257167,14.9375,8.775,66.9583333333333,3.9625,2024-09-12
"20240913","NOIRMOUTIER EN",47.004667,-2.257167,14.3625,8.15416666666667,67.375,2.72916666666667,2024-09-13
"20240914","NOIRMOUTIER EN",47.004667,-2.257167,15.275,8.04166666666667,62.9166666666667,2.9375,2024-09-14
"20240915","NOIRMOUTIER EN",47.004667,-2.257167,15.425,9.5625,69.4583333333333,2.52083333333333,2024-09-15
"20240916","NOIRMOUTIER EN",47.004667,-2.257167,16.5541666666667,11.1208333333333,71.4583333333333,3.09583333333333,2024-09-16
"20240917","NOIRMOUTIER EN",47.004667,-2.257167,17.4708333333333,12.7583333333333,75.125,4.60416666666667,2024-09-17
"20240918","NOIRMOUTIER EN",47.004667,-2.257167,18.2666666666667,13.675,75.5416666666667,4.1125,2024-09-18
"20240919","NOIRMOUTIER EN",47.004667,-2.257167,19.1208333333333,14.3541666666667,75.0416666666667,3.625,2024-09-19
"20240920","NOIRMOUTIER EN",47.004667,-2.257167,18.6333333333333,14.2875,76.7083333333333,2.55416666666667,2024-09-20
"20240921","NOIRMOUTIER EN",47.004667,-2.257167,16.4291666666667,15.4375,94,2.47083333333333,2024-09-21
"20240922","NOIRMOUTIER EN",47.004667,-2.257167,17.0333333333333,15.8333333333333,92.875,2.79583333333333,2024-09-22
"20240923","NOIRMOUTIER EN",47.004667,-2.257167,16.3041666666667,14.4666666666667,89.0416666666667,4.16666666666667,2024-09-23
"20240924","NOIRMOUTIER EN",47.004667,-2.257167,16.5,14.0125,85.8333333333333,2.52083333333333,2024-09-24
"20240925","NOIRMOUTIER EN",47.004667,-2.257167,15.6375,15.0583333333333,96.4583333333333,3.90416666666667,2024-09-25
"20240926","NOIRMOUTIER EN",47.004667,-2.257167,16.925,14.0083333333333,83.7083333333333,8.05833333333333,2024-09-26
"20240927","NOIRMOUTIER EN",47.004667,-2.257167,14.3666666666667,9.67916666666667,73.75,8.99583333333333,2024-09-27
"20240928","NOIRMOUTIER EN",47.004667,-2.257167,13.4,8.375,72,2.96666666666667,2024-09-28
"20240929","NOIRMOUTIER EN",47.004667,-2.257167,13.625,11,84.4166666666667,6.45,2024-09-29
"20240930","NOIRMOUTIER EN",47.004667,-2.257167,16.25,13.55,83.9583333333333,7.28333333333333,2024-09-30
"20241001","NOIRMOUTIER EN",47.004667,-2.257167,14.1208333333333,12.1208333333333,88.2083333333333,3.00416666666667,2024-10-01
"20241002","NOIRMOUTIER EN",47.004667,-2.257167,14.3041666666667,12.1125,86.75,2.6875,2024-10-02
"20241003","NOIRMOUTIER EN",47.004667,-2.257167,13.7666666666667,10.4791666666667,81.5833333333333,2.66666666666667,2024-10-03
"20241004","NOIRMOUTIER EN",47.004667,-2.257167,13.1125,8.65,75.2916666666667,1.85833333333333,2024-10-04
"20241005","NOIRMOUTIER EN",47.004667,-2.257167,14.1333333333333,9.22916666666667,73.7083333333333,4.09583333333333,2024-10-05
"20241006","NOIRMOUTIER EN",47.004667,-2.257167,16.7125,15.9541666666667,95.4583333333333,5.09166666666667,2024-10-06
"20241007","NOIRMOUTIER EN",47.004667,-2.257167,16.3375,14.8,90.75,5.24583333333333,2024-10-07
"20241008","NOIRMOUTIER EN",47.004667,-2.257167,16.2625,14.1375,87.375,7.1,2024-10-08
"20241009","NOIRMOUTIER EN",47.004667,-2.257167,14.625,13.5625,93.625,5.59166666666667,2024-10-09
"20241010","NOIRMOUTIER EN",47.004667,-2.257167,14.9083333333333,11.5625,80.625,4.7875,2024-10-10
"20241011","NOIRMOUTIER EN",47.004667,-2.257167,13.3958333333333,8.9,75.0416666666667,2.15833333333333,2024-10-11
"20241012","NOIRMOUTIER EN",47.004667,-2.257167,16.225,14.125,87.5833333333333,3.75416666666667,2024-10-12
"20241013","NOIRMOUTIER EN",47.004667,-2.257167,15.9083333333333,14.3458333333333,90.5833333333333,2.5875,2024-10-13
"20241014","NOIRMOUTIER EN",47.004667,-2.257167,16.4583333333333,15.5041666666667,94.3333333333333,2.25833333333333,2024-10-14
"20241015","NOIRMOUTIER EN",47.004667,-2.257167,18.9958333333333,16.8625,87.7916666666667,3.24166666666667,2024-10-15
"20241016","NOIRMOUTIER EN",47.004667,-2.257167,18.0041666666667,16.7875,92.75,5.0125,2024-10-16
"20241017","NOIRMOUTIER EN",47.004667,-2.257167,15.8708333333333,13.6833333333333,86.9166666666667,3.22916666666667,2024-10-17
"20241018","NOIRMOUTIER EN",47.004667,-2.257167,15.0833333333333,12.6958333333333,86.0833333333333,3.7625,2024-10-18
"20241019","NOIRMOUTIER EN",47.004667,-2.257167,16.0458333333333,14.2458333333333,89.2083333333333,4.45833333333333,2024-10-19
"20241020","NOIRMOUTIER EN",47.004667,-2.257167,18.0041666666667,15.9291666666667,87.9166666666667,7.14166666666667,2024-10-20
"20241021","NOIRMOUTIER EN",47.004667,-2.257167,15.7458333333333,14.9125,94.9166666666667,3.14166666666667,2024-10-21
"20241022","NOIRMOUTIER EN",47.004667,-2.257167,13.0666666666667,11.1416666666667,88.75,1.2,2024-10-22
"20241023","NOIRMOUTIER EN",47.004667,-2.257167,13.5,10.7541666666667,84.125,3.0625,2024-10-23
"20241024","NOIRMOUTIER EN",47.004667,-2.257167,15.7708333333333,14.15,90.2916666666667,4.87916666666667,2024-10-24
"20241025","NOIRMOUTIER EN",47.004667,-2.257167,14.725,12.2375,85.625,3.10833333333333,2024-10-25
"20241026","NOIRMOUTIER EN",47.004667,-2.257167,12.9291666666667,11.35,90.4166666666667,1.81666666666667,2024-10-26
"20241027","NOIRMOUTIER EN",47.004667,-2.257167,14.0833333333333,12.0083333333333,87.25,3.38333333333333,2024-10-27
"20241028","NOIRMOUTIER EN",47.004667,-2.257167,13.4,12.7416666666667,95.9583333333333,1.2875,2024-10-28
"20241029","NOIRMOUTIER EN",47.004667,-2.257167,12.4458333333333,11.8833333333333,96.5416666666667,2.47916666666667,2024-10-29
"20241030","NOIRMOUTIER EN",47.004667,-2.257167,12.3583333333333,11.5291666666667,94.7083333333333,4.725,2024-10-30
"20241031","NOIRMOUTIER EN",47.004667,-2.257167,12.7958333333333,12.25,96.5416666666667,3.75,2024-10-31
"20241101","NOIRMOUTIER EN",47.004667,-2.257167,11.8291666666667,11.6208333333333,98.7083333333333,3.62916666666667,2024-11-01
"20241102","NOIRMOUTIER EN",47.004667,-2.257167,10.1458333333333,9.55,96.25,4.60416666666667,2024-11-02
"20241103","NOIRMOUTIER EN",47.004667,-2.257167,10.3875,9.82916666666667,96.5,3.775,2024-11-03
"20241104","NOIRMOUTIER EN",47.004667,-2.257167,11.3166666666667,11.1875,99.2916666666667,3.79166666666667,2024-11-04
"20241105","NOIRMOUTIER EN",47.004667,-2.257167,12.5791666666667,12.3083333333333,98.125,1.99166666666667,2024-11-05
"20241106","NOIRMOUTIER EN",47.004667,-2.257167,11.6125,11.5541666666667,99.625,3.21666666666667,2024-11-06
"20241107","NOIRMOUTIER EN",47.004667,-2.257167,10.5166666666667,9.85833333333333,95.8333333333333,3.96666666666667,2024-11-07
"20241108","NOIRMOUTIER EN",47.004667,-2.257167,13.4333333333333,12.0166666666667,91.5,3.675,2024-11-08
"20241109","NOIRMOUTIER EN",47.004667,-2.257167,12.7666666666667,12.0833333333333,95.625,1.77083333333333,2024-11-09
"20241110","NOIRMOUTIER EN",47.004667,-2.257167,12.45,11.4458333333333,93.75,1.5125,2024-11-10
"20241111","NOIRMOUTIER EN",47.004667,-2.257167,12.825,10.4666666666667,85.75,3.075,2024-11-11
"20241112","NOIRMOUTIER EN",47.004667,-2.257167,10.6041666666667,7.4,80.8333333333333,5.21666666666667,2024-11-12
"20241113","NOIRMOUTIER EN",47.004667,-2.257167,9.84166666666667,5.02083333333333,72.3333333333333,6.34166666666667,2024-11-13
"20241114","NOIRMOUTIER EN",47.004667,-2.257167,9.14583333333333,5.64583333333333,79,4.95833333333333,2024-11-14
"20241115","NOIRMOUTIER EN",47.004667,-2.257167,9.60416666666667,7.175,85.4583333333333,3.8375,2024-11-15
"20241116","NOIRMOUTIER EN",47.004667,-2.257167,6.99583333333333,5.55416666666667,90.75,2.49583333333333,2024-11-16
"20241117","NOIRMOUTIER EN",47.004667,-2.257167,9.65,8.075,90.25,2.18333333333333,2024-11-17
"20241118","NOIRMOUTIER EN",47.004667,-2.257167,11.7083333333333,9.29583333333333,85.2916666666667,4.75,2024-11-18
"20241119","NOIRMOUTIER EN",47.004667,-2.257167,13.4666666666667,11.4083333333333,87.4166666666667,9.125,2024-11-19
"20241120","NOIRMOUTIER EN",47.004667,-2.257167,8.84583333333333,4.975,76.9583333333333,2.75,2024-11-20
"20241121","NOIRMOUTIER EN",47.004667,-2.257167,7.87083333333333,4.45416666666667,79.3333333333333,9.875,2024-11-21
"20241122","NOIRMOUTIER EN",47.004667,-2.257167,6.49583333333333,2.8,77.75,2.54583333333333,2024-11-22
"20241123","NOIRMOUTIER EN",47.004667,-2.257167,13.4083333333333,10.0833333333333,80.5,8.77916666666667,2024-11-23
"20241124","NOIRMOUTIER EN",47.004667,-2.257167,15.9958333333333,12.25,78.625,10.2416666666667,2024-11-24
"20241125","NOIRMOUTIER EN",47.004667,-2.257167,12.2958333333333,10.1291666666667,86.625,4.68333333333333,2024-11-25
"20241126","NOIRMOUTIER EN",47.004667,-2.257167,11.4875,9.83333333333333,89.875,3.73333333333333,2024-11-26
"20241127","NOIRMOUTIER EN",47.004667,-2.257167,14.2625,12.9541666666667,91.75,8.4875,2024-11-27
"20241128","NOIRMOUTIER EN",47.004667,-2.257167,13.4625,13.2291666666667,98.5,3.8,2024-11-28
"20241129","NOIRMOUTIER EN",47.004667,-2.257167,11.275,10.6791666666667,96.25,3.19583333333333,2024-11-29
"20241130","NOIRMOUTIER EN",47.004667,-2.257167,11.7625,11.7125,99.75,2.57083333333333,2024-11-30
"20241201","NOIRMOUTIER EN",47.004667,-2.257167,14.2208333333333,13.1708333333333,93.25,5.28333333333333,2024-12-01
"20241202","NOIRMOUTIER EN",47.004667,-2.257167,12.1875,9.025,81.4166666666667,4.19583333333333,2024-12-02
"20241203","NOIRMOUTIER EN",47.004667,-2.257167,9.38333333333333,6.25833333333333,81.2083333333333,1.31666666666667,2024-12-03
"20241204","NOIRMOUTIER EN",47.004667,-2.257167,8.45,5.725,83.5833333333333,2.925,2024-12-04
"20241205","NOIRMOUTIER EN",47.004667,-2.257167,13.9833333333333,13.1708333333333,95.0416666666667,7.4125,2024-12-05
"20241206","NOIRMOUTIER EN",47.004667,-2.257167,12.9083333333333,10.0833333333333,83.3333333333333,5.11666666666667,2024-12-06
"20241207","NOIRMOUTIER EN",47.004667,-2.257167,11.35,6.42916666666667,72.375,11.3916666666667,2024-12-07
"20241208","NOIRMOUTIER EN",47.004667,-2.257167,9.09166666666667,4.875,75.0833333333333,8.89166666666667,2024-12-08
"20241209","NOIRMOUTIER EN",47.004667,-2.257167,8.62916666666667,3.76666666666667,72.0416666666667,5.99166666666667,2024-12-09
"20241210","NOIRMOUTIER EN",47.004667,-2.257167,6.5125,3.01666666666667,78.5,5.09583333333333,2024-12-10
"20241211","NOIRMOUTIER EN",47.004667,-2.257167,6.1,2.25,76.4166666666667,5.725,2024-12-11
"20241212","NOIRMOUTIER EN",47.004667,-2.257167,4.80833333333333,1.525,79.4166666666667,5.53333333333333,2024-12-12
"20241213","NOIRMOUTIER EN",47.004667,-2.257167,3.7375,1.45416666666667,85.0416666666667,2.96666666666667,2024-12-13
"20241214","NOIRMOUTIER EN",47.004667,-2.257167,7.0375,4.20416666666667,82.25,2.77083333333333,2024-12-14
"20241215","NOIRMOUTIER EN",47.004667,-2.257167,9.4,7.55,88.5,2.33333333333333,2024-12-15
"20241216","NOIRMOUTIER EN",47.004667,-2.257167,7.9875,7.3,95.5416666666667,2.29583333333333,2024-12-16
"20241217","NOIRMOUTIER EN",47.004667,-2.257167,8.97083333333333,7.90833333333333,93.0416666666667,3.33333333333333,2024-12-17
"20241218","NOIRMOUTIER EN",47.004667,-2.257167,13.325,12.4041666666667,94.25,7.03333333333333,2024-12-18
"20241219","NOIRMOUTIER EN",47.004667,-2.257167,10.6125,6.32083333333333,75.25,7.75,2024-12-19
"20241220","NOIRMOUTIER EN",47.004667,-2.257167,9.65416666666667,6.57083333333333,81.375,4.63333333333333,2024-12-20
"20241221","NOIRMOUTIER EN",47.004667,-2.257167,11.1208333333333,9.7625,91.4166666666667,5.50416666666667,2024-12-21
"20241222","NOIRMOUTIER EN",47.004667,-2.257167,10.5,6.46666666666667,76.75,9.54583333333333,2024-12-22
"20241223","NOIRMOUTIER EN",47.004667,-2.257167,9.74166666666667,5.30833333333333,74.5416666666667,5.4375,2024-12-23
"20241224","NOIRMOUTIER EN",47.004667,-2.257167,11.6958333333333,11.275,97.3333333333333,2.46666666666667,2024-12-24
"20241225","NOIRMOUTIER EN",47.004667,-2.257167,10.7791666666667,10.6125,98.9583333333333,1.55833333333333,2024-12-25
"20241226","NOIRMOUTIER EN",47.004667,-2.257167,7.87916666666667,7.1875,95.4166666666667,3.62083333333333,2024-12-26
"20241227","NOIRMOUTIER EN",47.004667,-2.257167,3.975,3.18333333333333,94.5416666666667,2.45416666666667,2024-12-27
"20241228","NOIRMOUTIER EN",47.004667,-2.257167,5.77916666666667,4.82083333333333,93.7083333333333,1.625,2024-12-28
"20241229","NOIRMOUTIER EN",47.004667,-2.257167,4.82083333333333,2.71666666666667,86.4583333333333,2.38333333333333,2024-12-29
"20241230","NOIRMOUTIER EN",47.004667,-2.257167,4.39583333333333,2.1875,85.5,0.983333333333333,2024-12-30
"20241231","NOIRMOUTIER EN",47.004667,-2.257167,8.20833333333333,6.07083333333333,86.5833333333333,4.65833333333333,2024-12-31
"20250101","NOIRMOUTIER EN",47.004667,-2.257167,11.3583333333333,9.09166666666667,85.9166666666667,7.35833333333333,2025-01-01
"20250102","NOIRMOUTIER EN",47.004667,-2.257167,8.59583333333333,7.0625,90.2916666666667,4.225,2025-01-02
"20250103","NOIRMOUTIER EN",47.004667,-2.257167,4.93333333333333,1.59166666666667,79.125,5.28333333333333,2025-01-03
"20250104","NOIRMOUTIER EN",47.004667,-2.257167,7.15416666666667,5.75416666666667,90.8333333333333,6.24583333333333,2025-01-04
"20250105","NOIRMOUTIER EN",47.004667,-2.257167,12.5583333333333,10.875,89.4166666666667,7.29166666666667,2025-01-05
"20250106","NOIRMOUTIER EN",47.004667,-2.257167,10.1541666666667,6.70833333333333,79.375,8.42083333333333,2025-01-06
"20250107","NOIRMOUTIER EN",47.004667,-2.257167,8.06666666666667,5.77083333333333,86,4.12916666666667,2025-01-07
"20250108","NOIRMOUTIER EN",47.004667,-2.257167,11.1458333333333,10.0291666666667,92.875,7.83333333333333,2025-01-08
"20250109","NOIRMOUTIER EN",47.004667,-2.257167,9.25833333333333,6.29583333333333,82.1666666666667,5.26666666666667,2025-01-09
"20250110","NOIRMOUTIER EN",47.004667,-2.257167,6.5625,5.80833333333333,95.3333333333333,3.38333333333333,2025-01-10
"20250111","NOIRMOUTIER EN",47.004667,-2.257167,5.80833333333333,3.5625,86.2083333333333,2.25,2025-01-11
"20250112","NOIRMOUTIER EN",47.004667,-2.257167,2.075,0.245833333333333,88.1666666666667,3.1125,2025-01-12
"20250113","NOIRMOUTIER EN",47.004667,-2.257167,1.89583333333333,-0.829166666666667,82.7916666666667,3.20833333333333,2025-01-13
"20250114","NOIRMOUTIER EN",47.004667,-2.257167,2.21666666666667,-1.45833333333333,77.2916666666667,2.475,2025-01-14
"20250115","NOIRMOUTIER EN",47.004667,-2.257167,4.72083333333333,0.654166666666667,75.5833333333333,2.6375,2025-01-15
"20250116","NOIRMOUTIER EN",47.004667,-2.257167,5.7375,3.35,84.7916666666667,4.02916666666667,2025-01-16
"20250117","NOIRMOUTIER EN",47.004667,-2.257167,4.0625,2.04166666666667,87.0416666666667,1.89583333333333,2025-01-17
"20250118","NOIRMOUTIER EN",47.004667,-2.257167,1.18333333333333,0.608333333333333,96,2.4125,2025-01-18
"20250119","NOIRMOUTIER EN",47.004667,-2.257167,1.94166666666667,1.15416666666667,94.5416666666667,3.275,2025-01-19
"20250120","NOIRMOUTIER EN",47.004667,-2.257167,1.83333333333333,1.05,94.6666666666667,4.3625,2025-01-20
"20250121","NOIRMOUTIER EN",47.004667,-2.257167,4.57083333333333,3.56666666666667,93.3333333333333,3.92083333333333,2025-01-21
"20250122","NOIRMOUTIER EN",47.004667,-2.257167,8.10416666666667,7.78333333333333,97.875,2.97916666666667,2025-01-22
"20250123","NOIRMOUTIER EN",47.004667,-2.257167,8.225,6.225,87.6666666666667,4.62083333333333,2025-01-23
"20250124","NOIRMOUTIER EN",47.004667,-2.257167,11.2208333333333,9.55416666666667,89.625,8.52083333333333,2025-01-24
"20250125","NOIRMOUTIER EN",47.004667,-2.257167,8.0125,7.0875,94.0416666666667,3.58333333333333,2025-01-25
"20250126","NOIRMOUTIER EN",47.004667,-2.257167,9.09583333333333,8.06666666666667,93.375,8.95416666666667,2025-01-26
"20250127","NOIRMOUTIER EN",47.004667,-2.257167,9.875,6.85,81.5416666666667,9.27083333333333,2025-01-27
"20250128","NOIRMOUTIER EN",47.004667,-2.257167,10.6458333333333,7.47916666666667,80.9583333333333,9.94166666666667,2025-01-28
"20250129","NOIRMOUTIER EN",47.004667,-2.257167,9.81666666666667,8.14166666666667,89.4583333333333,6.6125,2025-01-29
"20250130","NOIRMOUTIER EN",47.004667,-2.257167,7.94166666666667,4.78333333333333,80.9583333333333,4.17083333333333,2025-01-30
"20250131","NOIRMOUTIER EN",47.004667,-2.257167,6.65833333333333,5.45,92.2083333333333,3.3125,2025-01-31
"20250201","NOIRMOUTIER EN",47.004667,-2.257167,5.55,3.61666666666667,87.5833333333333,3.67916666666667,2025-02-01
"20250202","NOIRMOUTIER EN",47.004667,-2.257167,4.09583333333333,2.35416666666667,88.9166666666667,2.93333333333333,2025-02-02
"20250203","NOIRMOUTIER EN",47.004667,-2.257167,3.94166666666667,2.05416666666667,88.4583333333333,1.975,2025-02-03
"20250204","NOIRMOUTIER EN",47.004667,-2.257167,7.26666666666667,6.1375,92.5416666666667,2.90833333333333,2025-02-04
"20250205","NOIRMOUTIER EN",47.004667,-2.257167,9.07916666666667,8.44583333333333,95.8333333333333,3.03333333333333,2025-02-05
"20250206","NOIRMOUTIER EN",47.004667,-2.257167,5.67083333333333,2.7625,81.9583333333333,5.34583333333333,2025-02-06
"20250207","NOIRMOUTIER EN",47.004667,-2.257167,3.97083333333333,1.54166666666667,84.25,4.17083333333333,2025-02-07
"20250208","NOIRMOUTIER EN",47.004667,-2.257167,6.04583333333333,2.9,80.7083333333333,4.13333333333333,2025-02-08
"20250209","NOIRMOUTIER EN",47.004667,-2.257167,6.3375,5.45833333333333,94.25,2.775,2025-02-09
"20250210","NOIRMOUTIER EN",47.004667,-2.257167,5.6875,3.8875,88.5,3.12916666666667,2025-02-10
"20250211","NOIRMOUTIER EN",47.004667,-2.257167,5.84166666666667,3.725,86.5416666666667,3.64583333333333,2025-02-11
"20250212","NOIRMOUTIER EN",47.004667,-2.257167,8.51666666666667,7.92916666666667,96.2083333333333,1.98333333333333,2025-02-12
"20250213","NOIRMOUTIER EN",47.004667,-2.257167,9.225,8.88333333333333,97.7083333333333,2.125,2025-02-13
"20250214","NOIRMOUTIER EN",47.004667,-2.257167,7.54166666666667,6.77916666666667,95.125,3.6875,2025-02-14
"20250215","NOIRMOUTIER EN",47.004667,-2.257167,6.7875,1.1375,67.7916666666667,4.22916666666667,2025-02-15
"20250216","NOIRMOUTIER EN",47.004667,-2.257167,6.05833333333333,1.99166666666667,75.3333333333333,3.52083333333333,2025-02-16
"20250217","NOIRMOUTIER EN",47.004667,-2.257167,7.72916666666667,4.76666666666667,81.625,1.95,2025-02-17
"20250218","NOIRMOUTIER EN",47.004667,-2.257167,8.47916666666667,4.76666666666667,77.9166666666667,3.64583333333333,2025-02-18
"20250219","NOIRMOUTIER EN",47.004667,-2.257167,10.4833333333333,9.09583333333333,91.25,3.7875,2025-02-19
"20250220","NOIRMOUTIER EN",47.004667,-2.257167,11.6708333333333,10.8458333333333,94.7916666666667,4.93333333333333,2025-02-20
"20250221","NOIRMOUTIER EN",47.004667,-2.257167,11.7791666666667,10.1541666666667,90,6.54583333333333,2025-02-21
"20250222","NOIRMOUTIER EN",47.004667,-2.257167,11.3541666666667,10.4208333333333,94.2083333333333,3.89583333333333,2025-02-22
"20250223","NOIRMOUTIER EN",47.004667,-2.257167,10.9416666666667,9.97083333333333,93.9166666666667,5.0375,2025-02-23
"20250224","NOIRMOUTIER EN",47.004667,-2.257167,11.9458333333333,10.6458333333333,92,5.875,2025-02-24
"20250225","NOIRMOUTIER EN",47.004667,-2.257167,10.1125,7.3125,83.25,7.73333333333333,2025-02-25
"20250226","NOIRMOUTIER EN",47.004667,-2.257167,9.50833333333333,7.47916666666667,87.25,4.85833333333333,2025-02-26
"20250227","NOIRMOUTIER EN",47.004667,-2.257167,8.3,4.5125,77.5833333333333,2.3625,2025-02-27
"20250228","NOIRMOUTIER EN",47.004667,-2.257167,7.7,2.59583333333333,71.3333333333333,4.2875,2025-02-28
"20250301","NOIRMOUTIER EN",47.004667,-2.257167,7.05416666666667,2.06666666666667,71.5416666666667,5.34166666666667,2025-03-01
"20250302","NOIRMOUTIER EN",47.004667,-2.257167,6.63333333333333,2.07083333333333,73.2083333333333,4.81666666666667,2025-03-02
"20250303","NOIRMOUTIER EN",47.004667,-2.257167,8.47916666666667,3.36666666666667,70.875,3.50416666666667,2025-03-03
"20250304","NOIRMOUTIER EN",47.004667,-2.257167,9.95,4.57083333333333,69.8333333333333,3.175,2025-03-04
"20250305","NOIRMOUTIER EN",47.004667,-2.257167,10.6791666666667,5.74166666666667,72.75,2.025,2025-03-05
"20250306","NOIRMOUTIER EN",47.004667,-2.257167,12.4041666666667,6.3,66.5,4.7375,2025-03-06
"20250307","NOIRMOUTIER EN",47.004667,-2.257167,14.2333333333333,8.3625,68.0833333333333,6.525,2025-03-07
"20250308","NOIRMOUTIER EN",47.004667,-2.257167,13.7375,9.04166666666667,73.5833333333333,4.90416666666667,2025-03-08
"20250309","NOIRMOUTIER EN",47.004667,-2.257167,11.5958333333333,9.35416666666667,86.5416666666667,2.49583333333333,2025-03-09
"20250310","NOIRMOUTIER EN",47.004667,-2.257167,9.9625,9.02083333333333,94.125,1.47916666666667,2025-03-10
"20250311","NOIRMOUTIER EN",47.004667,-2.257167,11.2708333333333,7.7125,80.0416666666667,3.275,2025-03-11
"20250312","NOIRMOUTIER EN",47.004667,-2.257167,7.225,3.07083333333333,75.5833333333333,3.80833333333333,2025-03-12
"20250313","NOIRMOUTIER EN",47.004667,-2.257167,6.60833333333333,2.14583333333333,73.625,3.75,2025-03-13
"20250314","NOIRMOUTIER EN",47.004667,-2.257167,6.5875,1.22083333333333,69.4583333333333,3.5625,2025-03-14
"20250315","NOIRMOUTIER EN",47.004667,-2.257167,6.18333333333333,-0.7125,62.625,5.1375,2025-03-15
"20250316","NOIRMOUTIER EN",47.004667,-2.257167,5.3,1.8375,78.375,4.05,2025-03-16
"20250317","NOIRMOUTIER EN",47.004667,-2.257167,7.80416666666667,3.1,73.6666666666667,3.94583333333333,2025-03-17
"20250318","NOIRMOUTIER EN",47.004667,-2.257167,10.3208333333333,4.29583333333333,67.25,3.8375,2025-03-18
"20250319","NOIRMOUTIER EN",47.004667,-2.257167,14.2833333333333,7.8125,65.625,4.37083333333333,2025-03-19
"20250320","NOIRMOUTIER EN",47.004667,-2.257167,12.8125,8.44583333333333,74.9583333333333,3.87916666666667,2025-03-20
"20250321","NOIRMOUTIER EN",47.004667,-2.257167,13.8333333333333,9.9125,77.5,5.94583333333333,2025-03-21
"20250322","NOIRMOUTIER EN",47.004667,-2.257167,11.4416666666667,9.3125,87.1666666666667,4.15,2025-03-22
"20250323","NOIRMOUTIER EN",47.004667,-2.257167,11.1166666666667,10.1791666666667,94.0416666666667,2.95416666666667,2025-03-23
"20250324","NOIRMOUTIER EN",47.004667,-2.257167,11.8083333333333,9.11666666666667,83.9583333333333,3.4875,2025-03-24
"20250325","NOIRMOUTIER EN",47.004667,-2.257167,10.375,8.04583333333333,85.5416666666667,2.87916666666667,2025-03-25
"20250326","NOIRMOUTIER EN",47.004667,-2.257167,10.75,8.6875,87.2916666666667,1.80833333333333,2025-03-26
"20250327","NOIRMOUTIER EN",47.004667,-2.257167,11.4958333333333,8.9,84.875,3.07916666666667,2025-03-27
"20250328","NOIRMOUTIER EN",47.004667,-2.257167,10.3875,7.8125,84.7916666666667,3.975,2025-03-28
"20250329","NOIRMOUTIER EN",47.004667,-2.257167,10.4041666666667,5.625,72.5416666666667,4.47916666666667,2025-03-29
"20250330","NOIRMOUTIER EN",47.004667,-2.257167,11.9125,10.1166666666667,89.0416666666667,3.07083333333333,2025-03-30
"20250331","NOIRMOUTIER EN",47.004667,-2.257167,12.1916666666667,7.29583333333333,74.4583333333333,3.64583333333333,2025-03-31
"20250401","NOIRMOUTIER EN",47.004667,-2.257167,13.1416666666667,2.975,51.2083333333333,6.75416666666667,2025-04-01
"20250402","NOIRMOUTIER EN",47.004667,-2.257167,11.6,4.56666666666667,63.1666666666667,6.4125,2025-04-02
"20250403","NOIRMOUTIER EN",47.004667,-2.257167,12.1291666666667,9.45833333333333,84.125,4.50833333333333,2025-04-03
"20250404","NOIRMOUTIER EN",47.004667,-2.257167,15.3833333333333,10.0083333333333,71.3333333333333,3.34166666666667,2025-04-04
"20250405","NOIRMOUTIER EN",47.004667,-2.257167,14.6416666666667,9.88333333333333,73.9583333333333,2.62916666666667,2025-04-05
"20250406","NOIRMOUTIER EN",47.004667,-2.257167,13.325,11.6583333333333,90.2916666666667,3.1,2025-04-06
"20250407","NOIRMOUTIER EN",47.004667,-2.257167,14.3875,5.525,57.1666666666667,2.7,2025-04-07
"20250408","NOIRMOUTIER EN",47.004667,-2.257167,14.9875,5.29166666666667,54.8333333333333,2.4625,2025-04-08
"20250409","NOIRMOUTIER EN",47.004667,-2.257167,14.2875,5.97916666666667,59.25,3.8125,2025-04-09
"20250410","NOIRMOUTIER EN",47.004667,-2.257167,14.5875,6.74583333333333,61.125,5.14166666666667,2025-04-10
"20250411","NOIRMOUTIER EN",47.004667,-2.257167,16.1916666666667,7.65416666666667,58.25,4.5125,2025-04-11
"20250412","NOIRMOUTIER EN",47.004667,-2.257167,14.9,11.4,79.9583333333333,4.40416666666667,2025-04-12
"20250413","NOIRMOUTIER EN",47.004667,-2.257167,12.6375,8.74583333333333,78,4.09583333333333,2025-04-13
"20250414","NOIRMOUTIER EN",47.004667,-2.257167,11.7708333333333,9.4125,86,2.60833333333333,2025-04-14
"20250415","NOIRMOUTIER EN",47.004667,-2.257167,11.6833333333333,8.11666666666667,79.0416666666667,7.44583333333333,2025-04-15
"20250416","NOIRMOUTIER EN",47.004667,-2.257167,11.2083333333333,5.59583333333333,68.6666666666667,4.85833333333333,2025-04-16
"20250417","NOIRMOUTIER EN",47.004667,-2.257167,11.7875,7.1375,73.75,3.7125,2025-04-17
"20250418","NOIRMOUTIER EN",47.004667,-2.257167,12.6375,10.6416666666667,87.875,4.66666666666667,2025-04-18
"20250419","NOIRMOUTIER EN",47.004667,-2.257167,12.3708333333333,10.7666666666667,90.0416666666667,3.45,2025-04-19
"20250420","NOIRMOUTIER EN",47.004667,-2.257167,12.925,10.5166666666667,85.8333333333333,4.62916666666667,2025-04-20
"20250421","NOIRMOUTIER EN",47.004667,-2.257167,13.0875,10.3875,83.875,4.44583333333333,2025-04-21
"20250422","NOIRMOUTIER EN",47.004667,-2.257167,13.0583333333333,9.02916666666667,77,3.52916666666667,2025-04-22
"20250423","NOIRMOUTIER EN",47.004667,-2.257167,13.3,11.1291666666667,86.875,8.10416666666667,2025-04-23
"20250424","NOIRMOUTIER EN",47.004667,-2.257167,13.0333333333333,9.01666666666667,77,2.825,2025-04-24
"20250425","NOIRMOUTIER EN",47.004667,-2.257167,14.2916666666667,10.0041666666667,77.1666666666667,2.47083333333333,2025-04-25
"20250426","NOIRMOUTIER EN",47.004667,-2.257167,12.9291666666667,11.1083333333333,88.75,3.00833333333333,2025-04-26
"20250427","NOIRMOUTIER EN",47.004667,-2.257167,13.4541666666667,10.4333333333333,82.6666666666667,3.00416666666667,2025-04-27
"20250428","NOIRMOUTIER EN",47.004667,-2.257167,17.9333333333333,11.2416666666667,66.9166666666667,3.3125,2025-04-28
"20250429","NOIRMOUTIER EN",47.004667,-2.257167,20.3208333333333,11.5791666666667,58.5833333333333,3.8375,2025-04-29
"20250430","NOIRMOUTIER EN",47.004667,-2.257167,21.1875,11.8083333333333,56.9583333333333,3.58333333333333,2025-04-30
"20250501","NOIRMOUTIER EN",47.004667,-2.257167,16.9833333333333,12.6875,76.5,3.30833333333333,2025-05-01
"20250502","NOIRMOUTIER EN",47.004667,-2.257167,17.8458333333333,14.1833333333333,80.4583333333333,2.5875,2025-05-02
"20250503","NOIRMOUTIER EN",47.004667,-2.257167,17.6708333333333,14.8166666666667,83.7916666666667,3.39583333333333,2025-05-03
"20250504","NOIRMOUTIER EN",47.004667,-2.257167,14.675,11.6541666666667,83.4583333333333,4.30416666666667,2025-05-04
"20250505","NOIRMOUTIER EN",47.004667,-2.257167,11.0208333333333,4.42083333333333,64.0833333333333,5.6875,2025-05-05
"20250506","NOIRMOUTIER EN",47.004667,-2.257167,12.8083333333333,5.91666666666667,64.3333333333333,4.74166666666667,2025-05-06
"20250507","NOIRMOUTIER EN",47.004667,-2.257167,12.4541666666667,7.575,72.6666666666667,4.2875,2025-05-07
"20250508","NOIRMOUTIER EN",47.004667,-2.257167,13.1916666666667,7.7625,70.8333333333333,3.85,2025-05-08
"20250509","NOIRMOUTIER EN",47.004667,-2.257167,15.2916666666667,8.8875,66.7083333333333,3.55,2025-05-09
"20250510","NOIRMOUTIER EN",47.004667,-2.257167,15.1416666666667,11.3791666666667,79,2.86666666666667,2025-05-10
"20250511","NOIRMOUTIER EN",47.004667,-2.257167,15.1125,12.5583333333333,85.125,3.68333333333333,2025-05-11
"20250512","NOIRMOUTIER EN",47.004667,-2.257167,14.5083333333333,11.9583333333333,84.875,4.60833333333333,2025-05-12
"20250513","NOIRMOUTIER EN",47.004667,-2.257167,14.8708333333333,12.525,86.625,3.00416666666667,2025-05-13
"20250514","NOIRMOUTIER EN",47.004667,-2.257167,17.1125,13.4541666666667,80.0416666666667,2.64583333333333,2025-05-14
"20250515","NOIRMOUTIER EN",47.004667,-2.257167,17.5541666666667,11.3208333333333,68.7083333333333,4.19583333333333,2025-05-15
"20250516","NOIRMOUTIER EN",47.004667,-2.257167,15.8375,9.27916666666667,65.75,3.80416666666667,2025-05-16
"20250517","NOIRMOUTIER EN",47.004667,-2.257167,15.8875,8.95416666666667,64.0416666666667,3.54583333333333,2025-05-17
"20250518","NOIRMOUTIER EN",47.004667,-2.257167,17.7125,9.35833333333333,59.4583333333333,3.93333333333333,2025-05-18
"20250519","NOIRMOUTIER EN",47.004667,-2.257167,17.9833333333333,10.3,61.7916666666667,4.07083333333333,2025-05-19
"20250520","NOIRMOUTIER EN",47.004667,-2.257167,16.1916666666667,11.975,76.3333333333333,4.125,2025-05-20
"20250521","NOIRMOUTIER EN",47.004667,-2.257167,15.2041666666667,10.7583333333333,75.1666666666667,4.43333333333333,2025-05-21
"20250522","NOIRMOUTIER EN",47.004667,-2.257167,15.4291666666667,11.8333333333333,79.3333333333333,4.5125,2025-05-22
"20250523","NOIRMOUTIER EN",47.004667,-2.257167,15.7375,12.0291666666667,78.75,3.82083333333333,2025-05-23
"20250524","NOIRMOUTIER EN",47.004667,-2.257167,15.5708333333333,12.3375,81.625,3.59166666666667,2025-05-24
"20250525","NOIRMOUTIER EN",47.004667,-2.257167,16.6291666666667,13.0541666666667,80.1666666666667,6.55833333333333,2025-05-25
"20250526","NOIRMOUTIER EN",47.004667,-2.257167,15.6875,10.7583333333333,72.8333333333333,3.6875,2025-05-26
"20250527","NOIRMOUTIER EN",47.004667,-2.257167,16.8708333333333,13.1833333333333,78.9583333333333,5.8875,2025-05-27
"20250528","NOIRMOUTIER EN",47.004667,-2.257167,17.0541666666667,14.9666666666667,87.5833333333333,5.11666666666667,2025-05-28
"20250529","NOIRMOUTIER EN",47.004667,-2.257167,17.35,14.9208333333333,86.0416666666667,2.49166666666667,2025-05-29
"20250530","NOIRMOUTIER EN",47.004667,-2.257167,20.9333333333333,15.8958333333333,75,2.3125,2025-05-30
"20250531","NOIRMOUTIER EN",47.004667,-2.257167,18.2958333333333,15.55,84.3333333333333,3.75833333333333,2025-05-31
"20250601","NOIRMOUTIER EN",47.004667,-2.257167,17.4583333333333,13.8458333333333,80,4.18333333333333,2025-06-01
"20250602","NOIRMOUTIER EN",47.004667,-2.257167,16.4875,11.1708333333333,71.2916666666667,3.42083333333333,2025-06-02
"20250603","NOIRMOUTIER EN",47.004667,-2.257167,16.9833333333333,11.1125,68.9166666666667,5,2025-06-03
"20250604","NOIRMOUTIER EN",47.004667,-2.257167,16.4041666666667,12.4625,77.9166666666667,4.45,2025-06-04
"20250605","NOIRMOUTIER EN",47.004667,-2.257167,16.6291666666667,14.7875,89.0833333333333,6.89166666666667,2025-06-05
"20250606","NOIRMOUTIER EN",47.004667,-2.257167,17.4208333333333,13.2541666666667,76.9166666666667,6.35,2025-06-06
"20250607","NOIRMOUTIER EN",47.004667,-2.257167,17.0291666666667,13.5,79.9583333333333,7.3,2025-06-07
"20250608","NOIRMOUTIER EN",47.004667,-2.257167,16.1041666666667,10.6,70.5833333333333,3.80833333333333,2025-06-08
"20250609","NOIRMOUTIER EN",47.004667,-2.257167,16.6458333333333,11.2583333333333,72.2083333333333,2.10416666666667,2025-06-09
"20250610","NOIRMOUTIER EN",47.004667,-2.257167,18.5458333333333,13.8333333333333,75.0416666666667,2.6625,2025-06-10
"20250611","NOIRMOUTIER EN",47.004667,-2.257167,23.7875,14.9416666666667,61.5416666666667,3.85416666666667,2025-06-11
"20250612","NOIRMOUTIER EN",47.004667,-2.257167,20.8625,16.575,77.375,3.14583333333333,2025-06-12
"20250613","NOIRMOUTIER EN",47.004667,-2.257167,21.0208333333333,16.8041666666667,78.125,3.025,2025-06-13
"20250614","NOIRMOUTIER EN",47.004667,-2.257167,18.5583333333333,14.3333333333333,76.75,4.0625,2025-06-14
"20250615","NOIRMOUTIER EN",47.004667,-2.257167,17.85,13.0375,74.125,3.5125,2025-06-15
"20250616","NOIRMOUTIER EN",47.004667,-2.257167,19.2125,12.9791666666667,68.4583333333333,3.975,2025-06-16
"20250617","NOIRMOUTIER EN",47.004667,-2.257167,21.4,13.9875,65.1666666666667,3.5125,2025-06-17
"20250618","NOIRMOUTIER EN",47.004667,-2.257167,23.4,14.8833333333333,60.9583333333333,3.44583333333333,2025-06-18
"20250619","NOIRMOUTIER EN",47.004667,-2.257167,25.8291666666667,15.225,54.25,3.37083333333333,2025-06-19
"20250620","NOIRMOUTIER EN",47.004667,-2.257167,26.2041666666667,16.7125,56.9583333333333,2.68333333333333,2025-06-20
"20250621","NOIRMOUTIER EN",47.004667,-2.257167,23.9708333333333,17.6833333333333,69.125,4.08333333333333,2025-06-21
"20250622","NOIRMOUTIER EN",47.004667,-2.257167,20.2541666666667,15.9375,76.7083333333333,4.09166666666667,2025-06-22
"20250623","NOIRMOUTIER EN",47.004667,-2.257167,20.0875,15.9,77.125,4.6125,2025-06-23
"20250624","NOIRMOUTIER EN",47.004667,-2.257167,19.5166666666667,15.1458333333333,76.4166666666667,2.67916666666667,2025-06-24
"20250625","NOIRMOUTIER EN",47.004667,-2.257167,21.5625,17.6208333333333,79.3333333333333,2.79583333333333,2025-06-25
"20250626","NOIRMOUTIER EN",47.004667,-2.257167,21.025,17.6416666666667,81.375,4.40833333333333,2025-06-26
"20250627","NOIRMOUTIER EN",47.004667,-2.257167,21.2666666666667,17.3791666666667,78.7083333333333,2.7625,2025-06-27
"20250628","NOIRMOUTIER EN",47.004667,-2.257167,20.85,17.375,80.875,3.175,2025-06-28
"20250629","NOIRMOUTIER EN",47.004667,-2.257167,24.825,18.4,69.3333333333333,3.42083333333333,2025-06-29
"20250630","NOIRMOUTIER EN",47.004667,-2.257167,25.8041666666667,19.3208333333333,69.75,3.325,2025-06-30
"20250701","NOIRMOUTIER EN",47.004667,-2.257167,21.1958333333333,17.9083333333333,82.0833333333333,2.93333333333333,2025-07-01
"20250702","NOIRMOUTIER EN",47.004667,-2.257167,21.1208333333333,14.675,68.25,4.59583333333333,2025-07-02
"20250703","NOIRMOUTIER EN",47.004667,-2.257167,20.2375,12.4083333333333,61.875,4.82916666666667,2025-07-03
"20250704","NOIRMOUTIER EN",47.004667,-2.257167,21.8125,10.3375,49.4583333333333,4.74166666666667,2025-07-04
"20250705","NOIRMOUTIER EN",47.004667,-2.257167,19.5208333333333,12.3875,64.9583333333333,3.83333333333333,2025-07-05
"20250706","NOIRMOUTIER EN",47.004667,-2.257167,19.0375,16.15,83.7083333333333,6.4125,2025-07-06
"20250707","NOIRMOUTIER EN",47.004667,-2.257167,18.9208333333333,12.6541666666667,67.9166666666667,5.3,2025-07-07
"20250708","NOIRMOUTIER EN",47.004667,-2.257167,17.9041666666667,13.6083333333333,76.25,4.08333333333333,2025-07-08
"20250709","NOIRMOUTIER EN",47.004667,-2.257167,19.5583333333333,13.0666666666667,67.2916666666667,3.4875,2025-07-09
"20250710","NOIRMOUTIER EN",47.004667,-2.257167,23.325,11.9041666666667,52.5416666666667,2.875,2025-07-10
"20250711","NOIRMOUTIER EN",47.004667,-2.257167,26.1125,12.9,46.1666666666667,4.19166666666667,2025-07-11
"20250712","NOIRMOUTIER EN",47.004667,-2.257167,25.8,14.5541666666667,51.8333333333333,3.7125,2025-07-12
"20250713","NOIRMOUTIER EN",47.004667,-2.257167,22.0916666666667,17.3708333333333,75.2083333333333,3.62916666666667,2025-07-13
"20250714","NOIRMOUTIER EN",47.004667,-2.257167,20.1666666666667,16.0333333333333,77.8333333333333,4.375,2025-07-14
"20250715","NOIRMOUTIER EN",47.004667,-2.257167,19.4833333333333,15.0083333333333,76.3333333333333,3.84166666666667,2025-07-15
"20250716","NOIRMOUTIER EN",47.004667,-2.257167,20.3,16.8541666666667,81.0833333333333,3.79583333333333,2025-07-16
"20250717","NOIRMOUTIER EN",47.004667,-2.257167,20.275,17.0875,82.625,2.875,2025-07-17
"20250718","NOIRMOUTIER EN",47.004667,-2.257167,19.5875,17.1833333333333,86.2916666666667,3.62083333333333,2025-07-18
"20250719","NOIRMOUTIER EN",47.004667,-2.257167,19.575,16.9625,85.3333333333333,4.0375,2025-07-19
"20250720","NOIRMOUTIER EN",47.004667,-2.257167,18.7083333333333,15.8458333333333,83.875,7.44583333333333,2025-07-20
"20250721","NOIRMOUTIER EN",47.004667,-2.257167,18.3708333333333,16,86.25,8.17083333333333,2025-07-21
"20250722","NOIRMOUTIER EN",47.004667,-2.257167,19.2958333333333,14.7333333333333,75.5,3.57083333333333,2025-07-22
"20250723","NOIRMOUTIER EN",47.004667,-2.257167,18.4125,15.8375,85.4166666666667,3.75833333333333,2025-07-23
"20250724","NOIRMOUTIER EN",47.004667,-2.257167,18.9791666666667,14.525,75.8333333333333,3.73333333333333,2025-07-24
"20250725","NOIRMOUTIER EN",47.004667,-2.257167,18.9541666666667,15.1916666666667,79.0833333333333,3.33333333333333,2025-07-25
"20250726","NOIRMOUTIER EN",47.004667,-2.257167,19.2583333333333,15.85,81.1666666666667,3.4625,2025-07-26
"20250727","NOIRMOUTIER EN",47.004667,-2.257167,18.4708333333333,14.5833333333333,78.2916666666667,4.2625,2025-07-27
"20250728","NOIRMOUTIER EN",47.004667,-2.257167,18.8958333333333,14.8166666666667,77.5416666666667,3.77083333333333,2025-07-28
"20250729","NOIRMOUTIER EN",47.004667,-2.257167,18.575,15.9458333333333,85.125,3.25,2025-07-29
"20250730","NOIRMOUTIER EN",47.004667,-2.257167,19.7458333333333,16.5083333333333,81.9583333333333,4.0375,2025-07-30
"20250731","NOIRMOUTIER EN",47.004667,-2.257167,19.1291666666667,15.9333333333333,82.125,3.57083333333333,2025-07-31
"20250801","NOIRMOUTIER EN",47.004667,-2.257167,19.8625,15.9708333333333,78.9583333333333,4.225,2025-08-01
"20250802","NOIRMOUTIER EN",47.004667,-2.257167,18.3625,12.9291666666667,71.125,3.63333333333333,2025-08-02
"20250803","NOIRMOUTIER EN",47.004667,-2.257167,18.4666666666667,12.8791666666667,70.5416666666667,3.5,2025-08-03
"20250804","NOIRMOUTIER EN",47.004667,-2.257167,19.6541666666667,16.075,81.1666666666667,2.76666666666667,2025-08-04
"20250805","NOIRMOUTIER EN",47.004667,-2.257167,19.3666666666667,14.0416666666667,72.5833333333333,4.38333333333333,2025-08-05
"20250806","NOIRMOUTIER EN",47.004667,-2.257167,19.3333333333333,11.7833333333333,62.9583333333333,3.77916666666667,2025-08-06
"20250807","NOIRMOUTIER EN",47.004667,-2.257167,19.9041666666667,12.4791666666667,66.1666666666667,2.275,2025-08-07
"20250808","NOIRMOUTIER EN",47.004667,-2.257167,20.6458333333333,17.1083333333333,81.375,3.08333333333333,2025-08-08
"20250809","NOIRMOUTIER EN",47.004667,-2.257167,19.9125,14.7208333333333,72.5416666666667,3.92916666666667,2025-08-09
"20250810","NOIRMOUTIER EN",47.004667,-2.257167,22.6916666666667,12.8708333333333,56.6666666666667,4.075,2025-08-10
"20250811","NOIRMOUTIER EN",47.004667,-2.257167,25.2875,14.3375,54.2916666666667,3.45833333333333,2025-08-11
"20250812","NOIRMOUTIER EN",47.004667,-2.257167,20.6708333333333,17.2583333333333,81.5,3.35,2025-08-12
"20250813","NOIRMOUTIER EN",47.004667,-2.257167,19.1541666666667,17.125,88.25,2.38333333333333,2025-08-13
"20250814","NOIRMOUTIER EN",47.004667,-2.257167,20.6708333333333,16.4666666666667,78.25,3.26666666666667,2025-08-14
"20250815","NOIRMOUTIER EN",47.004667,-2.257167,25.9083333333333,16.3958333333333,58.125,4.3875,2025-08-15
"20250816","NOIRMOUTIER EN",47.004667,-2.257167,27.4125,14.9375,47.125,4.63333333333333,2025-08-16
"20250817","NOIRMOUTIER EN",47.004667,-2.257167,22.2333333333333,16.8208333333333,72.25,2.54583333333333,2025-08-17
"20250818","NOIRMOUTIER EN",47.004667,-2.257167,21.7291666666667,15.1041666666667,67.25,2.27083333333333,2025-08-18
"20250819","NOIRMOUTIER EN",47.004667,-2.257167,19.85,17.2166666666667,85.125,5.39166666666667,2025-08-19
"20250820","NOIRMOUTIER EN",47.004667,-2.257167,19.9083333333333,17.05,84.3333333333333,3.47083333333333,2025-08-20
"20250821","NOIRMOUTIER EN",47.004667,-2.257167,19.1416666666667,13.6291666666667,70.875,4.49583333333333,2025-08-21
"20250822","NOIRMOUTIER EN",47.004667,-2.257167,19.4541666666667,13.1916666666667,68.7916666666667,3.5375,2025-08-22
"20250823","NOIRMOUTIER EN",47.004667,-2.257167,19.5166666666667,11.9708333333333,63.125,2.93333333333333,2025-08-23
"20250824","NOIRMOUTIER EN",47.004667,-2.257167,22.8,11.7333333333333,51.5833333333333,3.125,2025-08-24
"20250825","NOIRMOUTIER EN",47.004667,-2.257167,21.6916666666667,14.7291666666667,66.7916666666667,2.9,2025-08-25
"20250826","NOIRMOUTIER EN",47.004667,-2.257167,19.7,17.425,87.2083333333333,3.10416666666667,2025-08-26
"20250827","NOIRMOUTIER EN",47.004667,-2.257167,19.5333333333333,16.2291666666667,81.9583333333333,4.19166666666667,2025-08-27
"20250828","NOIRMOUTIER EN",47.004667,-2.257167,18.6166666666667,14.4916666666667,77.625,4.8625,2025-08-28
"20250829","NOIRMOUTIER EN",47.004667,-2.257167,18.875,15.9583333333333,83.5,7.17916666666667,2025-08-29
"20250830","NOIRMOUTIER EN",47.004667,-2.257167,18.9541666666667,16.5833333333333,86.4166666666667,5.1,2025-08-30
"20250831","NOIRMOUTIER EN",47.004667,-2.257167,18.625,15.1208333333333,80.6666666666667,3.96666666666667,2025-08-31
"20250901","NOIRMOUTIER EN",47.004667,-2.257167,17.5833333333333,14.1208333333333,80.375,4.775,2025-09-01
"20250902","NOIRMOUTIER EN",47.004667,-2.257167,18.5333333333333,16.2,86.5,7.05833333333333,2025-09-02
"20250903","NOIRMOUTIER EN",47.004667,-2.257167,19.825,16.8291666666667,83.0416666666667,8.6625,2025-09-03
"20250904","NOIRMOUTIER EN",47.004667,-2.257167,18.1291666666667,14.2333333333333,78.1666666666667,6.06666666666667,2025-09-04
"20250905","NOIRMOUTIER EN",47.004667,-2.257167,17.6166666666667,13.4208333333333,77.2083333333333,1.45833333333333,2025-09-05
"20250906","NOIRMOUTIER EN",47.004667,-2.257167,21.2041666666667,13.6708333333333,63.7083333333333,3.6625,2025-09-06
"20250907","NOIRMOUTIER EN",47.004667,-2.257167,21.25,17.0125,77.125,5.55416666666667,2025-09-07
"20250908","NOIRMOUTIER EN",47.004667,-2.257167,18.2416666666667,12.1,67.7916666666667,3.77916666666667,2025-09-08
"20250909","NOIRMOUTIER EN",47.004667,-2.257167,17.4041666666667,12.5583333333333,74,4.29166666666667,2025-09-09
"20250910","NOIRMOUTIER EN",47.004667,-2.257167,17.6541666666667,14.5625,82.4583333333333,7.55,2025-09-10
"20250911","NOIRMOUTIER EN",47.004667,-2.257167,17.5666666666667,12.7833333333333,73.75,7.525,2025-09-11
"20250912","NOIRMOUTIER EN",47.004667,-2.257167,15.88,11.98,77.8,5.54,2025-09-12
